30
77
77.0631776805
77.1249722793
77.185284745
77.2440166826
77.3010661277
77.3563278463
77.409693848
77.4610536923
77.5102946657
77.5573025612
77.6019625619
77.6441605042
77.6837834534
77.7207201624
77.7548624164
77.7861061454
77.8143533034
77.8395124389
77.8614992158
77.8802379294
77.8956623277
77.9077176702
77.9163606239
77.9215592994
77.9232942631
77.9215585731
77.9163591275
77.9077155416
77.8956594659
77.8802344457
77.8614951477
77.8395078151
77.8143482357
77.7861006395
77.7548565767
77.7207140206
77.6837771
77.6441540268
77.601955993
77.5572959577
77.5102880695
77.461047166
77.4096874137
77.3563215606
77.3010600091
77.244010782
77.1852791897
77.1249672909
77.0631739597
77
77
77.0631776827
77.1249722817
77.1852847475
77.2440166852
77.3010661304
77.3563278492
77.4096938511
77.4610536956
77.5102946692
77.5573025648
77.6019625657
77.6441605082
77.6837834575
77.7207201666
77.7548624208
77.78610615
77.8143533081
77.8395124437
77.8614992208
77.8802379345
77.8956623328
77.9077176753
77.9163606292
77.9215593047
77.9232942684
77.9215585783
77.9163591327
77.9077155467
77.895659471
77.8802344507
77.8614951526
77.8395078199
77.8143482403
77.786100644
77.7548565811
77.7207140248
77.6837771041
77.6441540307
77.6019559968
77.5572959612
77.5102880729
77.4610471692
77.4096874168
77.3563215635
77.3010600118
77.2440107845
77.1852791921
77.1249672931
77.0631739618
77
77
77.0631776891
77.1249722885
77.1852847547
77.244016693
77.3010661386
77.3563278579
77.4096938603
77.4610537052
77.5102946793
77.5573025754
77.6019625768
77.6441605198
77.6837834696
77.7207201792
77.7548624339
77.7861061635
77.8143533219
77.8395124579
77.8614992353
77.8802379493
77.8956623478
77.9077176906
77.9163606445
77.9215593201
77.9232942838
77.9215585938
77.916359148
77.9077155619
77.895659486
77.8802344654
77.8614951671
77.839507834
77.8143482541
77.7861006574
77.754856594
77.7207140372
77.683777116
77.6441540421
77.6019560077
77.5572959717
77.5102880828
77.4610471787
77.4096874257
77.356321572
77.3010600198
77.2440107921
77.1852791992
77.1249672998
77.0631739681
77
77
77.0631776999
77.1249723
77.185284767
77.244016706
77.3010661524
77.3563278725
77.4096938757
77.4610537215
77.5102946964
77.5573025934
77.6019625956
77.6441605395
77.6837834901
77.7207202005
77.7548624559
77.7861061862
77.8143533453
77.839512482
77.8614992599
77.8802379743
77.8956623733
77.9077177163
77.9163606705
77.9215593462
77.9232943099
77.9215586198
77.9163591739
77.9077155875
77.8956595112
77.8802344903
77.8614951914
77.8395078578
77.8143482772
77.7861006798
77.7548566157
77.7207140582
77.6837771362
77.6441540615
77.6019560262
77.5572959894
77.5102880996
77.4610471947
77.4096874409
77.3563215863
77.3010600333
77.2440108048
77.1852792112
77.1249673111
77.0631739787
77
77
77.0631777154
77.1249723166
77.1852847846
77.2440167247
77.3010661722
77.3563278934
77.4096938978
77.4610537448
77.510294721
77.5573026191
77.6019626226
77.6441605676
77.6837835194
77.7207202309
77.7548624874
77.7861062188
77.8143533788
77.8395125163
77.8614992951
77.8802380102
77.8956624097
77.9077177531
77.9163607076
77.9215593835
77.9232943473
77.9215586571
77.916359211
77.9077156242
77.8956595475
77.8802345259
77.8614952263
77.8395078919
77.8143483104
77.786100712
77.7548566469
77.7207140882
77.6837771651
77.6441540891
77.6019560527
77.5572960146
77.5102881237
77.4610472175
77.4096874625
77.3563216068
77.3010600527
77.2440108231
77.1852792284
77.1249673272
77.0631739938
77
77
77.063177736
77.1249723385
77.1852848079
77.2440167494
77.3010661985
77.3563279212
77.4096939271
77.4610537757
77.5102947535
77.5573026532
77.6019626583
77.6441606049
77.6837835582
77.7207202713
77.7548625292
77.7861062619
77.8143534233
77.8395125619
77.8614993417
77.8802380577
77.8956624579
77.907717802
77.9163607569
77.921559433
77.9232943969
77.9215587065
77.9163592601
77.9077156729
77.8956595955
77.8802345731
77.8614952726
77.839507937
77.8143483544
77.7861007547
77.7548566881
77.720714128
77.6837772033
77.6441541259
77.6019560878
77.5572960482
77.5102881556
77.4610472478
77.4096874913
77.356321634
77.3010600784
77.2440108473
77.1852792512
77.1249673487
77.0631740139
77
77
77.0631777621
77.1249723662
77.1852848374
77.2440167808
77.3010662317
77.3563279564
77.4096939643
77.4610538149
77.5102947947
77.5573026965
77.6019627035
77.6441606522
77.6837836075
77.7207203224
77.7548625822
77.7861063167
77.8143534796
77.8395126197
77.8614994008
77.8802381179
77.8956625191
77.9077178639
77.9163608193
77.9215594958
77.9232944597
77.9215587692
77.9163593223
77.9077157346
77.8956596563
77.8802346329
77.8614953312
77.8395079943
77.8143484101
77.7861008088
77.7548567405
77.7207141785
77.6837772519
77.6441541724
77.6019561324
77.5572960906
77.5102881961
77.4610472862
77.4096875277
77.3563216685
77.3010601109
77.244010878
77.1852792801
77.1249673758
77.0631740394
77
77
77.0631777941
77.1249724004
77.1852848737
77.2440168194
77.3010662726
77.3563279996
77.40969401
77.461053863
77.5102948454
77.5573027497
77.6019627592
77.6441607103
77.6837836681
77.7207203854
77.7548626474
77.786106384
77.8143535489
77.8395126908
77.8614994735
77.8802381921
77.8956625944
77.9077179401
77.9163608962
77.921559573
77.923294537
77.9215588463
77.916359399
77.9077158104
77.8956597312
77.8802347066
77.8614954034
77.8395080648
77.8143484787
77.7861008753
77.7548568049
77.7207142406
77.6837773116
77.6441542297
77.6019561871
77.5572961429
77.5102882458
77.4610473335
77.4096875725
77.3563217109
77.301060151
77.2440109157
77.1852793156
77.1249674092
77.0631740707
77
77
77.0631778327
77.1249724415
77.1852849174
77.2440168658
77.3010663218
77.3563280517
77.4096940649
77.461053921
77.5102949063
77.5573028136
77.6019628262
77.6441607803
77.6837837409
77.7207204611
77.7548627258
77.7861064649
77.8143536322
77.8395127763
77.8614995609
77.8802382812
77.8956626849
77.9077180317
77.9163609886
77.9215596658
77.92329463
77.921558939
77.9163594911
77.9077159017
77.8956598212
77.8802347951
77.8614954901
77.8395081495
77.8143485611
77.7861009553
77.7548568823
77.7207143152
77.6837773833
77.6441542985
77.601956253
77.5572962058
77.5102883057
77.4610473904
77.4096876264
77.3563217618
77.3010601991
77.2440109611
77.1852793583
77.1249674493
77.0631741084
77
77
77.0631778482
77.1249724581
77.185284935
77.2440168845
77.3010663416
77.3563280727
77.4096940871
77.4610539444
77.5102949309
77.5573028394
77.6019628532
77.6441608085
77.6837837703
77.7207204916
77.7548627574
77.7861064976
77.8143536658
77.8395128108
77.8614995962
77.8802383171
77.8956627214
77.9077180686
77.9163610258
77.9215597032
77.9232946674
77.9215589764
77.9163595282
77.9077159385
77.8956598575
77.8802348308
77.8614955251
77.8395081836
77.8143485944
77.7861009876
77.7548569135
77.7207143453
77.6837774123
77.6441543263
77.6019562796
77.5572962311
77.5102883298
77.4610474133
77.4096876481
77.3563217824
77.3010602185
77.2440109794
77.1852793755
77.1249674655
77.0631741235
77
77
77.0631778647
77.1249724756
77.1852849537
77.2440169042
77.3010663626
77.3563280949
77.4096941105
77.4610539691
77.5102949569
77.5573028667
77.6019628818
77.6441608383
77.6837838014
77.7207205239
77.7548627908
77.7861065321
77.8143537013
77.8395128472
77.8614996335
77.8802383551
77.89566276
77.9077181076
77.9163610652
77.9215597428
77.9232947071
77.9215590159
77.9163595675
77.9077159774
77.8956598959
77.8802348686
77.8614955621
77.8395082197
77.8143486296
77.7861010217
77.7548569465
77.7207143772
77.6837774429
77.6441543556
77.6019563077
77.5572962579
77.5102883553
77.4610474375
77.4096876711
77.3563218041
77.3010602391
77.2440109988
77.1852793938
77.1249674827
77.0631741396
77
77
77.0631780605
77.1249726843
77.1852851756
77.24401714
77.3010666125
77.3563283592
77.4096943898
77.4610542634
77.5102952665
77.5573031917
77.601963222
77.6441611936
77.6837841715
77.7207209083
77.7548631891
77.7861069433
77.8143541245
77.8395132816
77.8615000777
77.8802388079
77.8956632198
77.9077185729
77.9163615345
77.9215602144
77.9232951793
77.9215594869
77.9163600355
77.9077164409
77.8956603533
77.8802353184
77.8614960028
77.8395086501
77.8143490485
77.7861014282
77.7548573398
77.7207147564
77.6837778076
77.6441547054
77.6019566423
77.5572965773
77.5102886593
77.4610477263
77.4096879448
77.3563220632
77.3010604837
77.2440112294
77.1852796108
77.1249676867
77.063174331
77
77
77.0631783011
77.1249729407
77.1852854482
77.2440174295
77.3010669194
77.356328684
77.4096947328
77.461054625
77.5102956469
77.5573035909
77.60196364
77.64416163
77.6837846262
77.7207213807
77.7548636784
77.7861074485
77.8143546445
77.8395138152
77.8615006234
77.8802393642
77.8956637848
77.9077191446
77.9163621111
77.9215607937
77.9232957594
77.9215600655
77.9163606105
77.9077170104
77.8956609153
77.8802358711
77.8614965444
77.8395091789
77.8143495633
77.7861019277
77.754857823
77.7207152224
77.6837782557
77.6441551352
77.6019570535
77.5572969697
77.5102890329
77.4610480811
77.4096882811
77.3563223814
77.3010607843
77.2440115127
77.1852798775
77.1249679373
77.0631745661
77
77
77.0631785619
77.1249732188
77.1852857439
77.2440177435
77.3010672523
77.3563290362
77.4096951048
77.4610550171
77.5102960595
77.557304024
77.6019640933
77.6441621034
77.6837851193
77.720721893
77.7548642091
77.7861079964
77.8143552085
77.839514394
77.8615012154
77.8802399677
77.8956643977
77.9077197648
77.9163627367
77.9215614223
77.9232963888
77.9215606933
77.9163612343
77.9077176283
77.8956615249
77.8802364707
77.8614971318
77.8395097526
77.8143501217
77.7861024696
77.7548583473
77.720715728
77.6837787419
77.6441556015
77.6019574996
77.5572973955
77.5102894381
77.4610484661
77.409688646
77.3563227267
77.3010611103
77.2440118201
77.1852801668
77.1249682092
77.0631748211
77
77
77.0631788264
77.1249735007
77.1852860437
77.2440180619
77.3010675898
77.3563293934
77.409695482
77.4610554148
77.5102964778
77.5573044631
77.6019645531
77.6441625835
77.6837856194
77.7207224125
77.7548647472
77.7861085521
77.8143557805
77.839514981
77.8615018157
77.8802405797
77.8956650192
77.9077203937
77.9163633711
77.9215620597
77.9232970271
77.9215613299
77.9163618669
77.9077182549
77.8956621433
77.8802370789
77.8614977277
77.8395103344
77.8143506882
77.7861030192
77.7548588791
77.7207162407
77.683779235
77.6441560744
77.6019579521
77.5572978273
77.5102898491
77.4610488565
77.4096890161
77.3563230769
77.3010614411
77.2440121319
77.1852804603
77.124968485
77.0631750797
77
77
77.063179076
77.1249737668
77.1852863266
77.2440183624
77.3010679083
77.3563297304
77.409695838
77.46105579
77.5102968726
77.5573048775
77.6019649869
77.6441630366
77.6837860914
77.7207229029
77.7548652552
77.7861090766
77.8143563203
77.839515535
77.8615023824
77.8802411573
77.8956656059
77.9077209873
77.9163639699
77.9215626614
77.9232976296
77.9215619309
77.9163624641
77.9077188464
77.895662727
77.8802376529
77.8614982902
77.8395108837
77.8143512229
77.7861035381
77.754859381
77.7207167248
77.6837797005
77.6441565209
77.6019583792
77.5572982349
77.5102902372
77.4610492251
77.4096893655
77.3563234076
77.3010617533
77.2440124262
77.1852807373
77.1249687454
77.0631753239
77
77
77.0631792804
77.1249739846
77.1852865583
77.2440186085
77.3010681692
77.3563300065
77.4096961296
77.4610560974
77.510297196
77.5573052169
77.6019653423
77.6441634077
77.683786478
77.7207233045
77.7548656712
77.7861095062
77.8143567624
77.8395159888
77.8615028465
77.8802416305
77.8956660864
77.9077214736
77.9163644603
77.9215631542
77.9232981232
77.9215624232
77.9163629533
77.907719331
77.8956632052
77.8802381233
77.861498751
77.8395113337
77.814351661
77.7861039632
77.7548597923
77.7207171215
77.6837800819
77.6441568867
77.6019587293
77.557298569
77.5102905552
77.4610495272
77.4096896518
77.3563236785
77.3010620092
77.2440126674
77.1852809644
77.1249689588
77.063175524
77
77
77.0631792842
77.1249739887
77.1852865626
77.2440186131
77.3010681741
77.3563300116
77.4096961351
77.4610561032
77.510297202
77.5573052232
77.6019653489
77.6441634146
77.6837864853
77.720723312
77.754865679
77.7861095143
77.8143567707
77.8395159973
77.8615028552
77.8802416393
77.8956660954
77.9077214827
77.9163644696
77.9215631635
77.9232981325
77.9215624324
77.9163629625
77.9077193401
77.8956632141
77.8802381321
77.8614987596
77.8395113421
77.8143516692
77.7861039712
77.7548598001
77.7207171289
77.683780089
77.6441568936
77.6019587358
77.5572985752
77.5102905611
77.4610495328
77.4096896572
77.3563236836
77.301062014
77.2440126719
77.1852809686
77.1249689628
77.0631755277
77
77
77.0631792936
77.1249739987
77.1852865733
77.2440186244
77.3010681861
77.3563300243
77.4096961484
77.4610561173
77.5102972169
77.5573052388
77.6019653652
77.6441634316
77.683786503
77.7207233304
77.7548656981
77.786109534
77.814356791
77.8395160181
77.8615028765
77.880241661
77.8956661175
77.907721505
77.916364492
77.9215631861
77.9232981551
77.921562455
77.916362985
77.9077193623
77.8956632361
77.8802381537
77.8614987808
77.8395113628
77.8143516893
77.7861039907
77.7548598189
77.7207171471
77.6837801065
77.6441569104
77.6019587519
77.5572985906
77.5102905757
77.4610495467
77.4096896703
77.356323696
77.3010620258
77.244012683
77.1852809791
77.1249689726
77.0631755369
77
77
77.0631793027
77.1249740084
77.1852865835
77.2440186353
77.3010681977
77.3563300365
77.4096961614
77.4610561309
77.5102972312
77.5573052538
77.601965381
77.6441634481
77.6837865201
77.7207233483
77.7548657165
77.786109553
77.8143568106
77.8395160383
77.8615028971
77.880241682
77.8956661388
77.9077215266
77.9163645138
77.921563208
77.923298177
77.9215624769
77.9163630067
77.9077193838
77.8956632573
77.8802381745
77.8614988012
77.8395113827
77.8143517087
77.7861040095
77.7548598372
77.7207171647
77.6837801235
77.6441569266
77.6019587674
77.5572986054
77.5102905898
77.4610495601
77.4096896831
77.356323708
77.3010620371
77.2440126937
77.1852809891
77.124968982
77.0631755458
77
77
77.0631793199
77.1249740268
77.1852866031
77.244018656
77.3010682197
77.3563300598
77.409696186
77.4610561568
77.5102972585
77.5573052825
77.601965411
77.6441634794
77.6837865527
77.7207233821
77.7548657516
77.7861095892
77.8143568479
77.8395160766
77.8615029362
77.8802417219
77.8956661793
77.9077215676
77.9163645552
77.9215632495
77.9232982186
77.9215625184
77.9163630479
77.9077194247
77.8956632976
77.8802382142
77.8614988401
77.8395114207
77.8143517457
77.7861040454
77.7548598719
77.7207171982
77.6837801556
77.6441569575
77.6019587969
77.5572986336
77.5102906167
77.4610495856
77.4096897072
77.3563237309
77.3010620587
77.2440127141
77.1852810083
77.124969
77.0631755627
77
77
77.063179336
77.1249740439
77.1852866213
77.2440186754
77.3010682402
77.3563300815
77.4096962089
77.461056181
77.5102972839
77.5573053091
77.6019654389
77.6441635086
77.6837865831
77.7207234137
77.7548657843
77.786109623
77.8143568827
77.8395161122
77.8615029727
77.8802417591
77.8956662171
77.9077216058
77.9163645937
77.9215632883
77.9232982574
77.9215625571
77.9163630864
77.9077194628
77.8956633352
77.8802382512
77.8614988763
77.8395114561
77.8143517801
77.7861040788
77.7548599042
77.7207172293
77.6837801856
77.6441569862
77.6019588245
77.5572986598
77.5102906417
77.4610496093
77.4096897297
77.3563237522
77.3010620788
77.244012733
77.1852810262
77.1249690168
77.0631755784
77
77
77.0631793712
77.1249740814
77.1852866612
77.2440187178
77.3010682851
77.3563301291
77.4096962591
77.4610562339
77.5102973396
77.5573053676
77.6019655001
77.6441635725
77.6837866497
77.7207234829
77.754865856
77.786109697
77.8143569588
77.8395161904
77.8615030526
77.8802418406
77.8956662999
77.9077216896
77.9163646782
77.9215633732
77.9232983424
77.9215626419
77.9163631707
77.9077195463
77.8956634176
77.8802383322
77.8614989557
77.8395115336
77.8143518556
77.7861041521
77.7548599751
77.7207172977
77.6837802514
77.6441570493
77.6019588848
77.5572987174
77.5102906965
77.4610496614
77.4096897791
77.3563237989
77.3010621229
77.2440127746
77.1852810653
77.1249690536
77.0631756129
77
77
77.0631793999
77.1249741121
77.1852866938
77.2440187523
77.3010683218
77.3563301679
77.4096963001
77.4610562771
77.5102973851
77.5573054153
77.60196555
77.6441636246
77.6837867041
77.7207235393
77.7548659145
77.7861097574
77.814357021
77.8395162542
77.8615031179
77.8802419072
77.8956663674
77.907721758
77.9163647472
77.9215634425
77.9232984119
77.9215627111
77.9163632395
77.9077196145
77.8956634849
77.8802383984
77.8614990205
77.8395115969
77.8143519172
77.7861042119
77.754860033
77.7207173535
77.683780305
77.6441571008
77.601958934
77.5572987644
77.5102907412
77.4610497039
77.4096898194
77.356323837
77.301062159
77.2440128086
77.1852810972
77.1249690836
77.063175641
77
77
77.0631794229
77.1249741366
77.1852867198
77.24401878
77.3010683511
77.3563301989
77.4096963328
77.4610563117
77.5102974214
77.5573054535
77.60196559
77.6441636664
77.6837867475
77.7207235845
77.7548659612
77.7861098057
77.8143570707
77.8395163052
77.8615031701
77.8802419604
77.8956664215
77.9077218126
77.9163648024
77.9215634979
77.9232984674
77.9215627665
77.9163632945
77.907719669
77.8956635387
77.8802384513
77.8614990724
77.8395116475
77.8143519665
77.7861042597
77.7548600792
77.7207173981
77.6837803479
77.6441571419
77.6019589734
77.557298802
77.510290777
77.4610497379
77.4096898516
77.3563238675
77.3010621878
77.2440128357
77.1852811228
77.1249691076
77.0631756636
77
77
77.0631794407
77.1249741556
77.1852867401
77.2440188015
77.3010683739
77.356330223
77.4096963583
77.4610563385
77.5102974497
77.5573054831
77.6019656211
77.6441636988
77.6837867813
77.7207236196
77.7548659976
77.7861098433
77.8143571094
77.8395163449
77.8615032107
77.8802420017
77.8956664635
77.9077218552
77.9163648453
77.921563541
77.9232985106
77.9215628096
77.9163633373
77.9077197114
77.8956635805
77.8802384924
77.8614991127
77.8395116869
77.8143520049
77.7861042969
77.7548601152
77.7207174328
77.6837803813
77.644157174
77.6019590041
77.5572988312
77.5102908048
77.4610497643
77.4096898767
77.3563238913
77.3010622102
77.2440128568
77.1852811427
77.1249691263
77.0631756811
77
77
77.063179454
77.1249741698
77.1852867552
77.2440188176
77.3010683909
77.356330241
77.4096963773
77.4610563586
77.5102974708
77.5573055053
77.6019656442
77.644163723
77.6837868065
77.7207236458
77.7548660247
77.7861098713
77.8143571382
77.8395163745
77.8615032409
77.8802420326
77.8956664948
77.9077218869
77.9163648773
77.9215635732
77.9232985427
77.9215628417
77.9163633692
77.907719743
77.8956636117
77.8802385231
77.8614991428
77.8395117163
77.8143520335
77.7861043247
77.7548601421
77.7207174587
77.6837804062
77.6441571978
77.6019590269
77.557298853
77.5102908256
77.4610497841
77.4096898954
77.3563239089
77.3010622269
77.2440128726
77.1852811575
77.1249691403
77.0631756941
77
77
77.0631794633
77.1249741796
77.1852867656
77.2440188287
77.3010684027
77.3563302535
77.4096963905
77.4610563724
77.5102974853
77.5573055206
77.6019656603
77.6441637397
77.683786824
77.7207236639
77.7548660435
77.7861098907
77.8143571582
77.839516395
77.8615032619
77.8802420539
77.8956665165
77.9077219088
77.9163648994
77.9215635954
77.923298565
77.9215628639
77.9163633913
77.9077197648
77.8956636333
77.8802385443
77.8614991636
77.8395117366
77.8143520532
77.7861043438
77.7548601606
77.7207174766
77.6837804234
77.6441572144
77.6019590427
77.5572988681
77.51029084
77.4610497977
77.4096899083
77.3563239212
77.3010622384
77.2440128835
77.1852811678
77.1249691499
77.0631757032
77
77
77.0631794687
77.1249741854
77.1852867718
77.2440188352
77.3010684096
77.3563302608
77.4096963983
77.4610563806
77.5102974939
77.5573055296
77.6019656697
77.6441637496
77.6837868342
77.7207236746
77.7548660546
77.7861099021
77.8143571699
77.839516407
77.8615032742
77.8802420665
77.8956665293
77.9077219218
77.9163649124
77.9215636085
77.9232985781
77.921562877
77.9163634043
77.9077197777
77.895663646
77.8802385569
77.8614991758
77.8395117486
77.8143520649
77.7861043552
77.7548601716
77.7207174872
77.6837804336
77.6441572241
77.601959052
77.557298877
77.5102908484
77.4610498057
77.4096899159
77.3563239284
77.3010622452
77.2440128899
77.1852811738
77.1249691556
77.0631757085
77
77
77.0631794705
77.1249741874
77.1852867739
77.2440188374
77.301068412
77.3563302633
77.4096964009
77.4610563834
77.5102974969
77.5573055327
77.6019656729
77.644163753
77.6837868377
77.7207236782
77.7548660583
77.786109906
77.8143571739
77.8395164111
77.8615032784
77.8802420708
77.8956665337
77.9077219262
77.9163649169
77.921563613
77.9232985826
77.9215628815
77.9163634088
77.9077197821
77.8956636503
77.8802385611
77.86149918
77.8395117526
77.8143520689
77.786104359
77.7548601753
77.7207174908
77.6837804371
77.6441572274
77.6019590552
77.5572988801
77.5102908513
77.4610498085
77.4096899185
77.3563239309
77.3010622476
77.2440128921
77.1852811759
77.1249691575
77.0631757103
77
77
77.0631776516
77.1249722485
77.1852847122
77.2440166478
77.3010660907
77.3563278072
77.4096938067
77.4610536488
77.51029462
77.5573025131
77.6019625116
77.6441604518
77.6837833987
77.7207201056
77.7548623576
77.7861060847
77.8143532409
77.8395123748
77.8614991503
77.8802378626
77.8956622598
77.9077176015
77.9163605547
77.9215592299
77.9232941935
77.9215585036
77.9163590585
77.9077154732
77.8956593984
77.8802343793
77.8614950828
77.8395077517
77.8143481739
77.7861005796
77.7548565188
77.7207139647
77.6837770463
77.6441539752
77.6019559437
77.5572959106
77.5102880247
77.4610471235
77.4096873734
77.3563215224
77.301059973
77.244010748
77.1852791577
77.1249672608
77.0631739315
77
77
77.0631776532
77.1249722503
77.1852847141
77.2440166498
77.3010660929
77.3563278095
77.4096938091
77.4610536513
77.5102946226
77.5573025159
77.6019625145
77.6441604548
77.6837834019
77.7207201089
77.754862361
77.7861060882
77.8143532445
77.8395123785
77.8614991541
77.8802378665
77.8956622637
77.9077176055
77.9163605587
77.9215592339
77.9232941975
77.9215585076
77.9163590625
77.9077154772
77.8956594023
77.8802343832
77.8614950865
77.8395077554
77.8143481775
77.7861005831
77.7548565221
77.7207139679
77.6837770494
77.6441539782
77.6019559466
77.5572959133
77.5102880273
77.4610471259
77.4096873757
77.3563215247
77.3010599751
77.24401075
77.1852791596
77.1249672625
77.0631739331
77
77
77.0631776583
77.1249722556
77.1852847198
77.2440166559
77.3010660993
77.3563278163
77.4096938163
77.4610536589
77.5102946306
77.5573025243
77.6019625233
77.644160464
77.6837834115
77.7207201188
77.7548623713
77.7861060989
77.8143532554
77.8395123897
77.8614991655
77.8802378782
77.8956622756
77.9077176175
77.9163605708
77.9215592461
77.9232942097
77.9215585198
77.9163590746
77.9077154891
77.8956594142
77.8802343948
77.8614950979
77.8395077665
77.8143481883
77.7861005936
77.7548565323
77.7207139777
77.6837770588
77.6441539872
77.6019559552
77.5572959216
77.5102880352
77.4610471334
77.4096873828
77.3563215314
77.3010599814
77.2440107559
77.1852791652
77.1249672678
77.0631739381
77
77
77.0631776669
77.1249722649
77.1852847296
77.2440166663
77.3010661103
77.356327828
77.4096938286
77.4610536719
77.5102946443
77.5573025386
77.6019625383
77.6441604796
77.6837834278
77.7207201358
77.7548623888
77.786106117
77.8143532741
77.8395124088
77.8614991851
77.8802378981
77.8956622959
77.907717638
77.9163605915
77.9215592669
77.9232942305
77.9215585406
77.9163590952
77.9077155096
77.8956594343
77.8802344146
77.8614951173
77.8395077855
77.8143482068
77.7861006115
77.7548565496
77.7207139945
77.6837770749
77.6441540027
77.60195597
77.5572959357
77.5102880486
77.4610471461
77.4096873949
77.3563215428
77.3010599922
77.2440107661
77.1852791747
77.1249672768
77.0631739465
77
77
77.0631776795
77.1249722782
77.1852847438
77.2440166814
77.3010661263
77.3563278449
77.4096938465
77.4610536908
77.5102946641
77.5573025595
77.6019625601
77.6441605024
77.6837834515
77.7207201604
77.7548624143
77.7861061433
77.8143533012
77.8395124367
77.8614992136
77.8802379271
77.8956623253
77.9077176678
77.9163606216
77.9215592971
77.9232942608
77.9215585708
77.9163591252
77.9077155393
77.8956594636
77.8802344434
77.8614951456
77.839507813
77.8143482336
77.7861006375
77.7548565748
77.7207140187
77.6837770982
77.6441540251
77.6019559914
77.5572959561
77.510288068
77.4610471646
77.4096874124
77.3563215594
77.3010600079
77.2440107809
77.1852791886
77.1249672899
77.0631739588
77
77
77.0631776964
77.1249722963
77.185284763
77.2440167018
77.301066148
77.3563278678
77.4096938707
77.4610537162
77.5102946909
77.5573025876
77.6019625895
77.6441605331
77.6837834835
77.7207201936
77.7548624488
77.7861061789
77.8143533378
77.8395124742
77.861499252
77.8802379663
77.8956623651
77.9077177081
77.9163606622
77.9215593379
77.9232943016
77.9215586115
77.9163591657
77.9077155794
77.8956595032
77.8802344824
77.8614951837
77.8395078503
77.8143482699
77.7861006727
77.7548566088
77.7207140515
77.6837771298
77.6441540553
77.6019560204
77.5572959838
77.5102880943
77.4610471896
77.4096874361
77.3563215818
77.3010600291
77.2440108008
77.1852792074
77.1249673075
77.0631739753
77
77
77.0631777185
77.1249723198
77.185284788
77.2440167283
77.3010661761
77.3563278975
77.4096939021
77.4610537494
77.5102947258
77.5573026242
77.6019626278
77.6441605731
77.6837835252
77.7207202369
77.7548624936
77.7861062252
77.8143533855
77.8395125231
77.861499302
77.8802380173
77.8956624169
77.9077177605
77.916360715
77.921559391
77.9232943548
77.9215586645
77.9163592183
77.9077156316
77.8956595547
77.880234533
77.8614952333
77.8395078987
77.814348317
77.7861007185
77.7548566531
77.7207140942
77.6837771708
77.6441540947
77.601956058
77.5572960197
77.5102881286
77.4610472221
77.4096874669
77.3563216109
77.3010600566
77.2440108268
77.1852792319
77.1249673305
77.0631739969
77
77
77.0631777466
77.1249723498
77.1852848199
77.2440167622
77.301066212
77.3563279355
77.4096939422
77.4610537916
77.5102947702
77.5573026708
77.6019626767
77.6441606242
77.6837835783
77.7207202921
77.7548625508
77.7861062843
77.8143534462
77.8395125855
77.8614993658
77.8802380823
77.8956624829
77.9077178273
77.9163607824
77.9215594587
77.9232944226
77.9215587322
77.9163592856
77.9077156981
77.8956596204
77.8802345976
77.8614952966
77.8395079605
77.8143483772
77.7861007768
77.7548567096
77.7207141487
77.6837772232
77.6441541449
77.6019561061
77.5572960656
77.5102881722
77.4610472636
77.4096875062
77.3563216481
77.3010600917
77.2440108599
77.185279263
77.1249673598
77.0631740243
77
77
77.0631777821
77.1249723877
77.1852848602
77.244016805
77.3010662573
77.3563279835
77.4096939929
77.4610538451
77.5102948265
77.5573027298
77.6019627385
77.6441606886
77.6837836455
77.7207203619
77.7548626231
77.7861063589
77.8143535231
77.8395126644
77.8614994464
77.8802381645
77.8956625664
77.9077179117
77.9163608676
77.9215595443
77.9232945083
77.9215588176
77.9163593705
77.9077157823
77.8956597034
77.8802346792
77.8614953766
77.8395080386
77.8143484532
77.7861008506
77.754856781
77.7207142176
77.6837772894
77.6441542084
77.6019561668
77.5572961236
77.5102882274
77.461047316
77.4096875559
77.3563216952
77.3010601361
77.2440109018
77.1852793024
77.1249673968
77.0631740591
77
77
77.0631777972
77.1249724037
77.1852848772
77.2440168231
77.3010662766
77.3563280038
77.4096940144
77.4610538677
77.5102948503
77.5573027548
77.6019627646
77.644160716
77.683783674
77.7207203915
77.7548626538
77.7861063905
77.8143535556
77.8395126978
77.8614994806
77.8802381993
77.8956626018
77.9077179475
77.9163609037
77.9215595805
77.9232945446
77.9215588539
77.9163594065
77.9077158179
77.8956597386
77.8802347138
77.8614954105
77.8395080717
77.8143484855
77.7861008819
77.7548568112
77.7207142467
77.6837773175
77.6441542353
77.6019561926
77.5572961481
77.5102882508
77.4610473382
77.4096875769
77.3563217151
77.3010601549
77.2440109195
77.1852793191
77.1249674125
77.0631740738
77
77
77.0631778136
77.1249724212
77.1852848958
77.2440168428
77.3010662975
77.3563280259
77.4096940377
77.4610538923
77.5102948762
77.557302782
77.6019627931
77.6441607457
77.6837837049
77.7207204236
77.754862687
77.7861064249
77.814353591
77.8395127341
77.8614995177
77.8802382372
77.8956626402
77.9077179864
77.9163609429
77.92155962
77.9232945841
77.9215588932
77.9163594456
77.9077158567
77.8956597768
77.8802347514
77.8614954473
77.8395081077
77.8143485205
77.7861009159
77.7548568441
77.7207142784
77.683777348
77.6441542646
77.6019562206
77.5572961748
77.5102882762
77.4610473624
77.4096875998
77.3563217367
77.3010601754
77.2440109388
77.1852793373
77.1249674296
77.0631740898
77
77
77.0631780327
77.1249726547
77.1852851442
77.2440171066
77.3010665771
77.3563283218
77.4096943502
77.4610542217
77.5102952226
77.5573031456
77.6019631738
77.6441611432
77.683784119
77.7207208538
77.7548631326
77.786106885
77.8143540645
77.83951322
77.8615000147
77.8802387438
77.8956631547
77.907718507
77.916361468
77.9215601475
77.9232951124
77.9215594201
77.9163599692
77.9077163753
77.8956602885
77.8802352547
77.8614959404
77.8395085892
77.8143489892
77.7861013707
77.7548572841
77.7207147027
77.683777756
77.6441546559
77.601956595
77.5572965321
77.5102886163
77.4610476855
77.4096879061
77.3563220265
77.3010604491
77.2440111968
77.1852795801
77.1249676578
77.0631743039
77
77
77.0631782909
77.1249729298
77.1852854367
77.2440174172
77.3010669064
77.3563286702
77.4096947182
77.4610546096
77.5102956308
77.557303574
77.6019636223
77.6441616115
77.6837846069
77.7207213606
77.7548636576
77.786107427
77.8143546224
77.8395137926
77.8615006003
77.8802393407
77.8956637609
77.9077191204
77.9163620867
77.9215607692
77.9232957349
77.921560041
77.9163605861
77.9077169863
77.8956608915
77.8802358477
77.8614965214
77.8395091565
77.8143495415
77.7861019066
77.7548578026
77.7207152027
77.6837782368
77.644155117
77.6019570361
77.5572969532
77.5102890171
77.4610480661
77.4096882669
77.356322368
77.3010607716
77.2440115008
77.1852798663
77.1249679267
77.0631745561
77
77
77.0631785637
77.1249732207
77.185285746
77.2440177457
77.3010672546
77.3563290387
77.4096951074
77.4610550199
77.5102960623
77.557304027
77.6019640965
77.6441621067
77.6837851228
77.7207218966
77.7548642128
77.7861080003
77.8143552124
77.8395143981
77.8615012195
77.8802399719
77.895664402
77.9077197691
77.9163627411
77.9215614267
77.9232963932
77.9215606977
77.9163612387
77.9077176326
77.8956615292
77.8802364749
77.861497136
77.8395097566
77.8143501257
77.7861024734
77.754858351
77.7207157315
77.6837787453
77.6441556048
77.6019575028
77.5572973985
77.510289441
77.4610484688
77.4096886486
77.3563227292
77.3010611127
77.2440118223
77.1852801689
77.1249682111
77.0631748229
77
77
77.0631788416
77.1249735169
77.1852860609
77.2440180801
77.3010676092
77.3563294138
77.4096955036
77.4610554376
77.5102965018
77.5573044882
77.6019645794
77.644162611
77.6837856481
77.7207224423
77.7548647781
77.786108584
77.8143558133
77.8395150147
77.8615018502
77.8802406148
77.8956650549
77.9077204298
77.9163634075
77.9215620963
77.9232970638
77.9215613665
77.9163619033
77.9077182909
77.8956621788
77.8802371138
77.8614977619
77.8395103678
77.8143507207
77.7861030508
77.7548589096
77.7207162702
77.6837792633
77.6441561016
77.6019579781
77.5572978521
77.5102898727
77.4610488789
77.4096890374
77.356323097
77.3010614601
77.2440121497
77.1852804771
77.1249685008
77.0631750945
77
77
77.0631791129
77.1249738061
77.1852863685
77.2440184069
77.3010679555
77.3563297803
77.4096958907
77.4610558456
77.5102969311
77.5573049388
77.6019650512
77.6441631037
77.6837861614
77.7207229755
77.7548653304
77.7861091543
77.8143564003
77.8395156171
77.8615024663
77.8802412429
77.8956656928
77.9077210753
77.9163640586
77.9215627505
77.9232977189
77.92156202
77.9163625526
77.9077189341
77.8956628135
77.880237738
77.8614983735
77.839510965
77.8143513021
77.786103615
77.7548594554
77.7207167965
77.6837797694
77.644156587
77.6019584425
77.5572982953
77.5102902947
77.4610492797
77.4096894173
77.3563234565
77.3010617996
77.2440124698
77.1852807784
77.1249687839
77.06317536
77
77
77.0631793462
77.1249740548
77.1852866329
77.2440186877
77.3010682532
77.3563300953
77.4096962234
77.4610561963
77.5102973001
77.5573053261
77.6019654566
77.6441635271
77.6837866025
77.7207234338
77.7548658051
77.7861096445
77.8143569048
77.8395161349
77.8615029959
77.8802417828
77.8956662411
77.9077216301
77.9163646183
77.9215633129
77.9232982821
77.9215625817
77.9163631109
77.907719487
77.8956633591
77.8802382747
77.8614988993
77.8395114785
77.814351802
77.7861041001
77.7548599247
77.7207172491
77.6837802047
77.6441570045
77.6019588419
77.5572986765
77.5102906575
77.4610496244
77.409689744
77.3563237657
77.3010620916
77.244012745
77.1852810375
77.1249690274
77.0631755884
77
77
77.0631793499
77.1249740588
77.1852866371
77.2440186922
77.301068258
77.3563301004
77.4096962288
77.461056202
77.510297306
77.5573053324
77.6019654632
77.6441635339
77.6837866096
77.7207234412
77.7548658128
77.7861096524
77.8143569129
77.8395161433
77.8615030045
77.8802417915
77.89566625
77.9077216391
77.9163646273
77.921563322
77.9232982912
77.9215625908
77.9163631199
77.907719496
77.8956633679
77.8802382833
77.8614989078
77.8395114868
77.8143518101
77.7861041079
77.7548599323
77.7207172565
77.6837802117
77.6441570113
77.6019588484
77.5572986827
77.5102906634
77.46104963
77.4096897493
77.3563237707
77.3010620963
77.2440127495
77.1852810417
77.1249690314
77.0631755921
77
77
77.063179359
77.1249740684
77.1852866474
77.2440187031
77.3010682695
77.3563301126
77.4096962417
77.4610562156
77.5102973203
77.5573053474
77.6019654789
77.6441635504
77.6837866267
77.7207234589
77.7548658312
77.7861096714
77.8143569325
77.8395161634
77.861503025
77.8802418125
77.8956662713
77.9077216606
77.916364649
77.9215633438
77.9232983131
77.9215626126
77.9163631415
77.9077195174
77.8956633891
77.8802383042
77.8614989283
77.8395115068
77.8143518295
77.7861041267
77.7548599506
77.720717274
77.6837802286
77.6441570275
77.6019588639
77.5572986975
77.5102906775
77.4610496434
77.409689762
77.3563237827
77.3010621077
77.2440127602
77.1852810517
77.1249690408
77.0631756009
77
77
77.0631793675
77.1249740775
77.1852866571
77.2440187134
77.3010682804
77.3563301241
77.4096962539
77.4610562284
77.5102973338
77.5573053615
77.6019654937
77.6441635658
77.6837866428
77.7207234757
77.7548658486
77.7861096893
77.814356951
77.8395161823
77.8615030444
77.8802418322
77.8956662913
77.9077216809
77.9163646695
77.9215633644
77.9232983337
77.9215626331
77.916363162
77.9077195377
77.8956634091
77.8802383238
77.8614989475
77.8395115256
77.8143518478
77.7861041445
77.7548599677
77.7207172906
77.6837802445
77.6441570427
77.6019588785
77.5572987114
77.5102906908
77.461049656
77.4096897739
77.356323794
77.3010621183
77.2440127703
77.1852810612
77.1249690497
77.0631756093
77
77
77.0631793833
77.1249740943
77.1852866749
77.2440187324
77.3010683006
77.3563301454
77.4096962764
77.4610562522
77.5102973588
77.5573053877
77.6019655212
77.6441635945
77.6837866727
77.7207235067
77.7548658807
77.7861097225
77.8143569851
77.8395162173
77.8615030802
77.8802418687
77.8956663284
77.9077217185
77.9163647074
77.9215634025
77.9232983718
77.9215626712
77.9163631998
77.9077195751
77.895663446
77.8802383602
77.8614989831
77.8395115604
77.8143518817
77.7861041773
77.7548599995
77.7207173213
77.683780274
77.644157071
77.6019589056
77.5572987373
77.5102907154
77.4610496793
77.4096897961
77.356323815
77.3010621381
77.2440127889
77.1852810788
77.1249690663
77.0631756248
77
77
77.0631793975
77.1249741096
77.1852866911
77.2440187495
77.3010683188
77.3563301647
77.4096962967
77.4610562736
77.5102973814
77.5573054114
77.601965546
77.6441636204
77.6837866997
77.7207235348
77.7548659097
77.7861097525
77.814357016
77.839516249
77.8615031126
77.8802419018
77.895666362
77.9077217525
77.9163647417
77.9215634369
77.9232984063
77.9215627056
77.916363234
77.907719609
77.8956634795
77.880238393
77.8614990153
77.8395115918
77.8143519123
77.7861042071
77.7548600283
77.720717349
77.6837803007
77.6441570966
77.6019589301
77.5572987606
77.5102907376
77.4610497005
77.4096898161
77.356323834
77.301062156
77.2440128058
77.1852810947
77.1249690812
77.0631756388
77
77
77.0631794273
77.1249741413
77.1852867249
77.2440187854
77.3010683568
77.3563302049
77.4096963392
77.4610563184
77.5102974284
77.5573054609
77.6019655977
77.6441636744
77.6837867559
77.7207235932
77.7548659703
77.7861098151
77.8143570804
77.8395163151
77.8615031802
77.8802419707
77.895666432
77.9077218233
77.9163648131
77.9215635087
77.9232984782
77.9215627773
77.9163633052
77.9077196796
77.8956635491
77.8802384616
77.8614990825
77.8395116574
77.8143519761
77.786104269
77.7548600882
77.7207174068
77.6837803563
77.64415715
77.6019589811
77.5572988093
77.510290784
77.4610497445
77.4096898579
77.3563238735
77.3010621934
77.244012841
77.1852811278
77.1249691123
77.0631756679
77
77
77.0631794504
77.1249741659
77.185286751
77.2440188132
77.3010683862
77.3563302361
77.4096963721
77.4610563531
77.510297465
77.5573054992
77.6019656379
77.6441637164
77.6837867996
77.7207236386
77.7548660173
77.7861098636
77.8143571303
77.8395163664
77.8615032327
77.8802420242
77.8956664863
77.9077218782
77.9163648685
77.9215635644
77.923298534
77.921562833
77.9163633606
77.9077197344
77.8956636032
77.8802385148
77.8614991346
77.8395117083
77.8143520257
77.7861043171
77.7548601348
77.7207174517
77.6837803995
77.6441571914
77.6019590207
77.5572988471
77.51029082
77.4610497787
77.4096898903
77.3563239041
77.3010622223
77.2440128683
77.1852811535
77.1249691365
77.0631756906
77
77
77.0631794681
77.1249741848
77.1852867712
77.2440188345
77.3010684089
77.3563302601
77.4096963975
77.4610563798
77.5102974931
77.5573055287
77.6019656687
77.6441637486
77.6837868332
77.7207236735
77.7548660535
77.7861099009
77.8143571688
77.8395164058
77.861503273
77.8802420653
77.8956665281
77.9077219205
77.9163649112
77.9215636073
77.9232985769
77.9215628758
77.9163634031
77.9077197765
77.8956636448
77.8802385557
77.8614991747
77.8395117474
77.8143520638
77.7861043541
77.7548601706
77.7207174862
77.6837804327
77.6441572232
77.6019590512
77.5572988762
77.5102908476
77.461049805
77.4096899152
77.3563239277
77.3010622446
77.2440128893
77.1852811732
77.1249691551
77.063175708
77
77
77.0631794815
77.1249741991
77.1852867864
77.2440188507
77.301068426
77.3563302782
77.4096964166
77.4610563999
77.5102975143
77.5573055509
77.6019656921
77.6441637729
77.6837868586
77.7207236999
77.7548660808
77.7861099291
77.8143571978
77.8395164356
77.8615033035
77.8802420963
77.8956665596
77.9077219524
77.9163649434
77.9215636396
77.9232986093
77.9215629081
77.9163634352
77.9077198083
77.8956636762
77.8802385866
77.8614992049
77.839511777
77.8143520926
77.786104382
77.7548601976
77.7207175123
77.6837804577
77.6441572472
77.6019590742
77.5572988982
77.5102908685
77.4610498248
77.409689934
77.3563239455
77.3010622614
77.2440129052
77.1852811882
77.1249691691
77.0631757212
77
77
77.0631794913
77.1249742095
77.1852867974
77.2440188624
77.3010684385
77.3563302914
77.4096964305
77.4610564146
77.5102975297
77.5573055672
77.601965709
77.6441637907
77.6837868771
77.7207237191
77.7548661007
77.7861099497
77.8143572189
77.8395164573
77.8615033257
77.880242119
77.8956665826
77.9077219757
77.9163649668
77.9215636632
77.9232986329
77.9215629316
77.9163634586
77.9077198315
77.8956636991
77.8802386091
77.861499227
77.8395117985
77.8143521136
77.7861044024
77.7548602173
77.7207175313
77.683780476
77.6441572648
77.6019590909
77.5572989142
77.5102908838
77.4610498393
77.4096899477
77.3563239585
77.3010622737
77.2440129167
77.1852811991
77.1249691793
77.0631757307
77
77
77.0631794979
77.1249742166
77.185286805
77.2440188704
77.301068447
77.3563303004
77.40969644
77.4610564246
77.5102975403
77.5573055782
77.6019657206
77.6441638028
77.6837868896
77.7207237321
77.7548661142
77.7861099636
77.8143572333
77.8395164721
77.8615033408
77.8802421344
77.8956665982
77.9077219915
77.9163649828
77.9215636792
77.923298649
77.9215629477
77.9163634746
77.9077198473
77.8956637147
77.8802386244
77.861499242
77.8395118132
77.8143521278
77.7861044162
77.7548602307
77.7207175442
77.6837804884
77.6441572767
77.6019591023
77.557298925
77.5102908941
77.4610498492
77.4096899571
77.3563239674
77.301062282
77.2440129246
77.1852812065
77.1249691863
77.0631757373
77
77
77.0631795018
77.1249742207
77.1852868093
77.2440188751
77.3010684519
77.3563303056
77.4096964455
77.4610564305
77.5102975464
77.5573055846
77.6019657273
77.6441638098
77.6837868969
77.7207237397
77.7548661221
77.7861099718
77.8143572417
77.8395164807
77.8615033496
77.8802421433
77.8956666073
77.9077220007
77.9163649921
77.9215636886
77.9232986583
77.921562957
77.9163634838
77.9077198565
77.8956637237
77.8802386333
77.8614992507
77.8395118217
77.8143521361
77.7861044243
77.7548602385
77.7207175517
77.6837804956
77.6441572836
77.601959109
77.5572989314
77.5102909002
77.4610498549
77.4096899625
77.3563239725
77.3010622869
77.2440129291
77.1852812108
77.1249691903
77.0631757411
77
77
77.0631795031
77.1249742221
77.1852868108
77.2440188766
77.3010684535
77.3563303073
77.4096964473
77.4610564324
77.5102975484
77.5573055867
77.6019657295
77.6441638121
77.6837868993
77.7207237422
77.7548661246
77.7861099744
77.8143572444
77.8395164835
77.8615033524
77.8802421463
77.8956666103
77.9077220037
77.9163649951
77.9215636916
77.9232986614
77.92156296
77.9163634869
77.9077198595
77.8956637267
77.8802386362
77.8614992536
77.8395118245
77.8143521388
77.7861044269
77.754860241
77.7207175542
77.683780498
77.6441572859
77.6019591111
77.5572989335
77.5102909021
77.4610498568
77.4096899643
77.3563239742
77.3010622885
77.2440129307
77.1852812122
77.1249691916
77.0631757423
77
77
77.063177578
77.1249721701
77.1852846289
77.2440165593
77.301065997
77.356327708
77.409693702
77.4610535384
77.5102945038
77.5573023912
77.601962384
77.6441603185
77.6837832599
77.7207199614
77.7548622083
77.7861059306
77.8143530823
77.839512212
77.8614989838
77.880237693
77.8956620875
77.9077174272
77.9163603789
77.9215590533
77.9232940167
77.9215583273
77.9163588833
77.9077152997
77.8956592273
77.880234211
77.8614949179
77.8395075907
77.8143480172
77.7861004275
77.7548563717
77.7207138229
77.6837769099
77.6441538444
77.6019558186
77.5572957912
77.510287911
77.4610470155
77.4096872711
77.3563214256
77.3010598816
77.2440106618
77.1852790766
77.1249671845
77.0631738599
77
77
77.0631775783
77.1249721705
77.1852846292
77.2440165597
77.3010659974
77.3563277084
77.4096937024
77.4610535389
77.5102945043
77.5573023918
77.6019623845
77.6441603191
77.6837832605
77.720719962
77.7548622089
77.7861059313
77.8143530829
77.8395122127
77.8614989845
77.8802376937
77.8956620883
77.907717428
77.9163603797
77.921559054
77.9232940174
77.9215583281
77.9163588841
77.9077153005
77.895659228
77.8802342117
77.8614949186
77.8395075914
77.8143480179
77.7861004282
77.7548563723
77.7207138235
77.6837769105
77.644153845
77.6019558191
77.5572957917
77.5102879115
77.461047016
77.4096872715
77.356321426
77.301059882
77.2440106622
77.1852790769
77.1249671849
77.0631738602
77
77
77.0631775791
77.1249721713
77.1852846301
77.2440165606
77.3010659983
77.3563277095
77.4096937035
77.46105354
77.5102945055
77.557302393
77.6019623859
77.6441603205
77.683783262
77.7207199635
77.7548622105
77.7861059329
77.8143530846
77.8395122144
77.8614989863
77.8802376955
77.8956620901
77.9077174298
77.9163603815
77.9215590559
77.9232940193
77.9215583299
77.9163588859
77.9077153023
77.8956592298
77.8802342135
77.8614949203
77.8395075931
77.8143480195
77.7861004298
77.7548563738
77.720713825
77.6837769119
77.6441538464
77.6019558205
77.557295793
77.5102879127
77.4610470171
77.4096872726
77.3563214271
77.3010598829
77.2440106631
77.1852790778
77.1249671857
77.063173861
77
77
77.0631775803
77.1249721726
77.1852846315
77.2440165621
77.3010659999
77.3563277111
77.4096937052
77.4610535418
77.5102945074
77.557302395
77.601962388
77.6441603227
77.6837832643
77.7207199659
77.7548622129
77.7861059354
77.8143530872
77.8395122171
77.861498989
77.8802376982
77.8956620929
77.9077174327
77.9163603844
77.9215590588
77.9232940222
77.9215583328
77.9163588888
77.9077153051
77.8956592326
77.8802342163
77.861494923
77.8395075957
77.8143480221
77.7861004323
77.7548563763
77.7207138273
77.6837769142
77.6441538485
77.6019558225
77.5572957949
77.5102879146
77.4610470189
77.4096872743
77.3563214286
77.3010598844
77.2440106645
77.1852790791
77.1249671869
77.0631738621
77
77
77.0631775819
77.1249721743
77.1852846333
77.244016564
77.301066002
77.3563277133
77.4096937075
77.4610535443
77.51029451
77.5573023977
77.6019623908
77.6441603256
77.6837832674
77.7207199691
77.7548622163
77.7861059388
77.8143530907
77.8395122207
77.8614989927
77.880237702
77.8956620967
77.9077174366
77.9163603883
77.9215590627
77.9232940261
77.9215583368
77.9163588927
77.907715309
77.8956592364
77.88023422
77.8614949267
77.8395075993
77.8143480256
77.7861004357
77.7548563796
77.7207138305
77.6837769172
77.6441538514
77.6019558253
77.5572957976
77.5102879171
77.4610470213
77.4096872765
77.3563214308
77.3010598865
77.2440106664
77.1852790809
77.1249671886
77.0631738637
77
77
77.063177584
77.1249721765
77.1852846356
77.2440165665
77.3010660046
77.3563277161
77.4096937105
77.4610535474
77.5102945133
77.5573024011
77.6019623944
77.6441603293
77.6837832712
77.7207199731
77.7548622204
77.7861059431
77.8143530952
77.8395122252
77.8614989974
77.8802377068
77.8956621015
77.9077174414
77.9163603932
77.9215590677
77.9232940311
77.9215583417
77.9163588976
77.9077153139
77.8956592412
77.8802342247
77.8614949313
77.8395076038
77.81434803
77.7861004399
77.7548563837
77.7207138344
77.683776921
77.6441538551
77.6019558288
77.557295801
77.5102879203
77.4610470243
77.4096872794
77.3563214335
77.301059889
77.2440106688
77.1852790832
77.1249671908
77.0631738657
77
77
77.0631775864
77.1249721791
77.1852846384
77.2440165694
77.3010660077
77.3563277193
77.4096937139
77.461053551
77.5102945171
77.5573024052
77.6019623986
77.6441603338
77.6837832758
77.7207199779
77.7548622254
77.7861059482
77.8143531004
77.8395122306
77.8614990029
77.8802377124
77.8956621073
77.9077174472
77.9163603991
77.9215590735
77.9232940369
77.9215583475
77.9163589034
77.9077153196
77.8956592469
77.8802342303
77.8614949368
77.8395076092
77.8143480352
77.786100445
77.7548563886
77.7207138391
77.6837769255
77.6441538594
77.601955833
77.5572958049
77.5102879241
77.4610470279
77.4096872828
77.3563214367
77.3010598921
77.2440106717
77.1852790859
77.1249671933
77.0631738681
77
77
77.0631775892
77.124972182
77.1852846415
77.2440165728
77.3010660112
77.3563277231
77.4096937179
77.4610535552
77.5102945215
77.5573024098
77.6019624034
77.6441603388
77.6837832811
77.7207199834
77.7548622311
77.7861059541
77.8143531065
77.8395122368
77.8614990092
77.8802377188
77.8956621138
77.9077174538
77.9163604058
77.9215590803
77.9232940437
77.9215583542
77.9163589101
77.9077153262
77.8956592534
77.8802342367
77.8614949431
77.8395076153
77.8143480411
77.7861004508
77.7548563942
77.7207138445
77.6837769307
77.6441538644
77.6019558377
77.5572958095
77.5102879284
77.461047032
77.4096872867
77.3563214404
77.3010598956
77.244010675
77.185279089
77.1249671962
77.0631738708
77
77
77.0631775923
77.1249721853
77.1852846451
77.2440165765
77.3010660152
77.3563277273
77.4096937223
77.4610535599
77.5102945264
77.5573024149
77.6019624088
77.6441603444
77.683783287
77.7207199895
77.7548622374
77.7861059606
77.8143531132
77.8395122437
77.8614990163
77.880237726
77.8956621211
77.9077174612
77.9163604132
77.9215590877
77.9232940511
77.9215583617
77.9163589175
77.9077153336
77.8956592607
77.8802342439
77.86149495
77.8395076221
77.8143480478
77.7861004572
77.7548564004
77.7207138505
77.6837769365
77.64415387
77.601955843
77.5572958145
77.5102879332
77.4610470366
77.409687291
77.3563214445
77.3010598994
77.2440106786
77.1852790924
77.1249671994
77.0631738739
77
77
77.063177594
77.1249721871
77.185284647
77.2440165785
77.3010660174
77.3563277296
77.4096937248
77.4610535624
77.5102945291
77.5573024178
77.6019624118
77.6441603475
77.6837832902
77.7207199928
77.7548622408
77.7861059642
77.8143531168
77.8395122475
77.8614990201
77.8802377299
77.8956621251
77.9077174652
77.9163604173
77.9215590918
77.9232940552
77.9215583658
77.9163589215
77.9077153376
77.8956592646
77.8802342478
77.8614949539
77.8395076258
77.8143480514
77.7861004607
77.7548564038
77.7207138538
77.6837769397
77.644153873
77.6019558459
77.5572958173
77.5102879359
77.4610470391
77.4096872934
77.3563214468
77.3010599016
77.2440106806
77.1852790943
77.1249672012
77.0631738755
77
77
77.0631775957
77.124972189
77.1852846489
77.2440165806
77.3010660195
77.3563277319
77.4096937272
77.461053565
77.5102945318
77.5573024206
77.6019624147
77.6441603506
77.6837832934
77.7207199962
77.7548622443
77.7861059678
77.8143531205
77.8395122513
77.861499024
77.8802377339
77.8956621291
77.9077174693
77.9163604214
77.9215590959
77.9232940594
77.9215583699
77.9163589256
77.9077153416
77.8956592686
77.8802342517
77.8614949577
77.8395076296
77.8143480551
77.7861004643
77.7548564072
77.7207138571
77.6837769429
77.644153876
77.6019558488
77.5572958201
77.5102879385
77.4610470416
77.4096872958
77.356321449
77.3010599037
77.2440106826
77.1852790962
77.124967203
77.0631738772
77
77
77.0631779578
77.1249725748
77.1852850592
77.2440170163
77.3010664814
77.3563282205
77.4096942432
77.4610541089
77.510295104
77.5573030212
77.6019630435
77.6441610071
77.6837839773
77.7207207066
77.7548629801
77.7861067275
77.8143539024
77.8395130536
77.8614998446
77.8802385703
77.8956629786
77.9077183288
77.9163612883
77.921559967
77.9232949316
77.9215592398
77.91635979
77.9077161978
77.8956601134
77.8802350825
77.8614957717
77.8395084245
77.8143488289
77.7861012151
77.7548571336
77.7207145576
77.6837776165
77.6441545221
77.601956467
77.55729641
77.5102885001
77.461047575
77.4096878014
77.3563219275
77.3010603556
77.2440111087
77.1852794972
77.1249675799
77.0631742308
77
77
77.0631782682
77.1249729057
77.185285411
77.24401739
77.3010668775
77.3563286397
77.409694686
77.4610545756
77.510295595
77.5573035364
77.6019635829
77.6441615704
77.6837845641
77.7207213162
77.7548636115
77.7861073795
77.8143545735
77.8395137423
77.8615005489
77.8802392883
77.8956637077
77.9077190666
77.9163620324
77.9215607147
77.9232956803
77.9215599866
77.916360532
77.9077169327
77.8956608386
77.8802357958
77.8614964705
77.8395091068
77.8143494931
77.7861018597
77.7548577572
77.7207151589
77.6837781947
77.6441550767
77.6019569976
77.5572969164
77.5102889821
77.4610480329
77.4096882354
77.3563223382
77.3010607434
77.2440114742
77.1852798413
77.1249679033
77.0631745341
77
77
77.0631785673
77.1249732245
77.18528575
77.24401775
77.3010672591
77.3563290435
77.4096951124
77.4610550252
77.5102960679
77.5573040329
77.6019641026
77.6441621132
77.6837851295
77.7207219035
77.75486422
77.7861080077
77.8143552201
77.8395144059
77.8615012276
77.8802399801
77.8956644103
77.9077197775
77.9163627496
77.9215614352
77.9232964018
77.9215607062
77.9163612472
77.9077176411
77.8956615376
77.8802364831
77.861497144
77.8395097645
77.8143501333
77.7861024809
77.7548583582
77.7207157385
77.683778752
77.6441556112
77.6019575089
77.5572974043
77.5102894466
77.4610484741
77.4096886536
77.3563227339
77.3010611172
77.2440118265
77.1852801729
77.1249682149
77.0631748264
77
77
77.0631788748
77.1249735523
77.1852860986
77.2440181202
77.3010676516
77.3563294588
77.4096955511
77.4610554876
77.5102965545
77.5573045435
77.6019646373
77.6441626715
77.6837857111
77.7207225078
77.7548648459
77.786108654
77.8143558853
77.8395150887
77.8615019258
77.880240692
77.8956651333
77.9077205091
77.9163634875
77.9215621767
77.9232971443
77.9215614468
77.916361983
77.9077183699
77.8956622568
77.8802371905
77.861497837
77.8395104412
77.8143507921
77.7861031201
77.7548589766
77.7207163348
77.6837793254
77.6441561612
77.6019580351
77.5572979065
77.5102899246
77.4610489281
77.409689084
77.3563231412
77.3010615018
77.244012189
77.1852805141
77.1249685356
77.0631751271
77
77
77.0631792137
77.1249739135
77.1852864827
77.2440185282
77.3010680841
77.3563299164
77.4096960345
77.4610559972
77.5102970905
77.5573051062
77.6019652264
77.6441632867
77.683786352
77.7207231736
77.7548655356
77.7861093662
77.8143566183
77.8395158409
77.8615026952
77.8802414763
77.8956659298
77.9077213151
77.9163643005
77.9215629936
77.9232979623
77.9215622627
77.9163627939
77.907719173
77.8956630493
77.8802379699
77.8614986007
77.8395111869
77.8143515181
77.7861038245
77.7548596581
77.720716992
77.6837799574
77.6441567673
77.601958615
77.5572984599
77.5102904513
77.4610494285
77.4096895583
77.35632359
77.3010619256
77.2440125886
77.1852808902
77.124968889
77.0631754585
77
77
77.0631796356
77.1249743632
77.1852869609
77.244019036
77.3010686225
77.3563304861
77.4096966362
77.4610566314
77.5102977578
77.5573058065
77.6019659596
77.6441640523
77.6837871496
77.7207240022
77.7548663939
77.7861102525
77.8143575306
77.8395167771
77.8615036527
77.8802424523
77.8956669211
77.9077223182
77.9163653123
77.9215640103
77.9232989804
77.9215632782
77.9163638029
77.9077201725
77.8956640355
77.8802389399
77.8614995511
77.839512115
77.8143524216
77.7861047012
77.7548605064
77.72071781
77.683780744
77.6441575218
77.6019593368
77.5572991487
77.510291107
77.4610500514
77.4096901487
77.3563241487
77.3010624533
77.2440130859
77.1852813583
77.124969329
77.0631758712
77
77
77.063179636
77.1249743637
77.1852869614
77.2440190365
77.301068623
77.3563304867
77.4096966368
77.4610566321
77.5102977585
77.5573058073
77.6019659604
77.6441640532
77.6837871505
77.7207240031
77.7548663948
77.7861102534
77.8143575315
77.8395167781
77.8615036537
77.8802424534
77.8956669222
77.9077223193
77.9163653134
77.9215640113
77.9232989815
77.9215632793
77.916363804
77.9077201736
77.8956640366
77.8802389409
77.8614995521
77.839512116
77.8143524225
77.7861047022
77.7548605073
77.7207178108
77.6837807448
77.6441575226
77.6019593375
77.5572991495
77.5102911077
77.461050052
77.4096901493
77.3563241493
77.3010624538
77.2440130865
77.1852813588
77.1249693294
77.0631758716
77
77
77.0631796416
77.1249743697
77.1852869677
77.2440190433
77.3010686302
77.3563304943
77.4096966449
77.4610566406
77.5102977675
77.5573058167
77.6019659703
77.6441640635
77.6837871613
77.7207240143
77.7548664065
77.7861102655
77.814357544
77.8395167909
77.8615036669
77.8802424668
77.8956669358
77.9077223331
77.9163653274
77.9215640254
77.9232989956
77.9215632934
77.9163638181
77.9077201876
77.8956640504
77.8802389546
77.8614995655
77.839512129
77.8143524353
77.7861047145
77.7548605193
77.7207178224
77.683780756
77.6441575333
77.6019593478
77.5572991593
77.5102911171
77.4610500609
77.4096901578
77.3563241573
77.3010624614
77.2440130936
77.1852813655
77.1249693357
77.0631758775
77
77
77.0631796098
77.1249743358
77.1852869317
77.2440190051
77.3010685897
77.3563304514
77.4096965995
77.4610565928
77.5102977172
77.557305764
77.6019659151
77.6441640059
77.6837871012
77.720723952
77.7548663419
77.7861101988
77.8143574754
77.8395167206
77.8615035949
77.8802423935
77.8956668614
77.9077222578
77.9163652515
77.9215639492
77.9232989193
77.9215632174
77.9163637426
77.9077201128
77.8956639767
77.8802388821
77.8614994945
77.8395120598
77.8143523679
77.7861046492
77.7548604561
77.7207177616
77.6837806975
77.6441574772
77.6019592942
77.5572991081
77.5102910684
77.4610500147
77.409690114
77.3563241159
77.3010624223
77.2440130568
77.1852813309
77.1249693032
77.0631758469
77
77
77.0631796065
77.1249743324
77.1852869281
77.2440190012
77.3010685856
77.356330447
77.4096965949
77.461056588
77.5102977121
77.5573057586
77.6019659095
77.644164
77.6837870952
77.7207239457
77.7548663354
77.7861101921
77.8143574685
77.8395167134
77.8615035876
77.880242386
77.8956668539
77.9077222502
77.9163652438
77.9215639415
77.9232989116
77.9215632096
77.9163637349
77.9077201052
77.8956639692
77.8802388747
77.8614994873
77.8395120527
77.814352361
77.7861046425
77.7548604496
77.7207177553
77.6837806915
77.6441574715
77.6019592887
77.5572991029
77.5102910635
77.46105001
77.4096901095
77.3563241116
77.3010624183
77.244013053
77.1852813274
77.1249692999
77.0631758438
77
77
77.0631796035
77.1249743291
77.1852869246
77.2440189975
77.3010685817
77.3563304429
77.4096965906
77.4610565834
77.5102977073
77.5573057535
77.6019659042
77.6441639945
77.6837870894
77.7207239396
77.7548663292
77.7861101857
77.8143574618
77.8395167067
77.8615035807
77.880242379
77.8956668467
77.9077222429
77.9163652364
77.9215639341
77.9232989042
77.9215632023
77.9163637276
77.907720098
77.895663962
77.8802388677
77.8614994804
77.839512046
77.8143523545
77.7861046362
77.7548604435
77.7207177494
77.6837806858
77.644157466
77.6019592835
77.5572990979
77.5102910587
77.4610500055
77.4096901053
77.3563241076
77.3010624145
77.2440130494
77.185281324
77.1249692967
77.0631758408
77
77
77.0631795989
77.1249743243
77.1852869194
77.244018992
77.3010685758
77.3563304367
77.4096965841
77.4610565765
77.5102977001
77.557305746
77.6019658962
77.6441639862
77.6837870807
77.7207239307
77.7548663199
77.7861101761
77.814357452
77.8395166965
77.8615035703
77.8802423684
77.895666836
77.9077222321
77.9163652255
77.9215639231
77.9232988932
77.9215631913
77.9163637167
77.9077200872
77.8956639514
77.8802388572
77.8614994702
77.839512036
77.8143523448
77.7861046268
77.7548604344
77.7207177406
77.6837806774
77.6441574579
77.6019592757
77.5572990905
77.5102910517
77.4610499988
77.4096900989
77.3563241016
77.3010624088
77.2440130441
77.185281319
77.124969292
77.0631758364
77
77
77.063179595
77.1249743201
77.1852869151
77.2440189874
77.3010685709
77.3563304315
77.4096965786
77.4610565707
77.510297694
77.5573057396
77.6019658896
77.6441639792
77.6837870735
77.7207239231
77.7548663121
77.786110168
77.8143574437
77.839516688
77.8615035616
77.8802423595
77.8956668269
77.907722223
77.9163652163
77.9215639139
77.923298884
77.9215631821
77.9163637075
77.9077200781
77.8956639424
77.8802388484
77.8614994616
77.8395120276
77.8143523366
77.7861046188
77.7548604267
77.7207177332
77.6837806702
77.6441574511
77.6019592692
77.5572990843
77.5102910457
77.4610499932
77.4096900936
77.3563240965
77.3010624041
77.2440130396
77.1852813147
77.124969288
77.0631758327
77
77
77.0631795919
77.1249743168
77.1852869115
77.2440189836
77.3010685669
77.3563304273
77.4096965741
77.461056566
77.5102976889
77.5573057343
77.601965884
77.6441639734
77.6837870675
77.7207239169
77.7548663056
77.7861101613
77.8143574368
77.8395166809
77.8615035544
77.8802423522
77.8956668195
77.9077222154
77.9163652087
77.9215639062
77.9232988763
77.9215631745
77.9163637
77.9077200706
77.895663935
77.8802388411
77.8614994544
77.8395120206
77.8143523298
77.7861046122
77.7548604203
77.7207177271
77.6837806643
77.6441574454
77.6019592638
77.5572990791
77.5102910408
77.4610499885
77.4096900892
77.3563240924
77.3010624001
77.2440130359
77.1852813112
77.1249692847
77.0631758296
77
77
77.0631795893
77.1249743141
77.1852869086
77.2440189805
77.3010685636
77.3563304238
77.4096965704
77.4610565621
77.5102976849
77.5573057301
77.6019658796
77.6441639688
77.6837870626
77.7207239119
77.7548663004
77.786110156
77.8143574313
77.8395166753
77.8615035486
77.8802423463
77.8956668135
77.9077222094
77.9163652026
77.9215639001
77.9232988702
77.9215631683
77.9163636939
77.9077200646
77.8956639291
77.8802388353
77.8614994487
77.8395120151
77.8143523244
77.786104607
77.7548604152
77.7207177222
77.6837806596
77.6441574409
77.6019592595
77.557299075
77.5102910369
77.4610499848
77.4096900857
77.356324089
77.301062397
77.2440130329
77.1852813084
77.1249692821
77.0631758271
77
77
77.0631795874
77.124974312
77.1852869064
77.2440189782
77.3010685612
77.3563304212
77.4096965677
77.4610565592
77.5102976819
77.5573057269
77.6019658763
77.6441639653
77.683787059
77.7207239081
77.7548662965
77.7861101519
77.8143574271
77.839516671
77.8615035443
77.8802423418
77.895666809
77.9077222048
77.916365198
77.9215638955
77.9232988655
77.9215631637
77.9163636893
77.90772006
77.8956639246
77.8802388309
77.8614994444
77.8395120108
77.8143523203
77.786104603
77.7548604114
77.7207177185
77.683780656
77.6441574375
77.6019592562
77.5572990719
77.5102910339
77.461049982
77.409690083
77.3563240865
77.3010623946
77.2440130307
77.1852813063
77.1249692801
77.0631758252
77
77
77.063179586
77.1249743106
77.1852869049
77.2440189766
77.3010685595
77.3563304194
77.4096965658
77.4610565572
77.5102976797
77.5573057246
77.6019658739
77.6441639629
77.6837870565
77.7207239055
77.7548662938
77.7861101491
77.8143574242
77.839516668
77.8615035412
77.8802423387
77.8956668058
77.9077222016
77.9163651948
77.9215638923
77.9232988623
77.9215631605
77.9163636861
77.9077200568
77.8956639215
77.8802388278
77.8614994414
77.8395120079
77.8143523174
77.7861046002
77.7548604087
77.7207177159
77.6837806536
77.6441574351
77.6019592539
77.5572990697
77.5102910319
77.46104998
77.4096900811
77.3563240847
77.3010623929
77.2440130291
77.1852813048
77.1249692787
77.0631758239
77
77
77.0631795853
77.1249743098
77.185286904
77.2440189756
77.3010685585
77.3563304184
77.4096965647
77.4610565561
77.5102976785
77.5573057234
77.6019658726
77.6441639615
77.683787055
77.720723904
77.7548662922
77.7861101475
77.8143574226
77.8395166664
77.8615035395
77.880242337
77.895666804
77.9077221998
77.9163651929
77.9215638904
77.9232988605
77.9215631587
77.9163636843
77.907720055
77.8956639197
77.8802388261
77.8614994397
77.8395120062
77.8143523158
77.7861045986
77.7548604072
77.7207177144
77.6837806521
77.6441574337
77.6019592526
77.5572990685
77.5102910307
77.4610499789
77.4096900801
77.3563240837
77.301062392
77.2440130282
77.185281304
77.1249692779
77.0631758232
77
77
77.0631795851
77.1249743095
77.1852869038
77.2440189754
77.3010685582
77.3563304181
77.4096965644
77.4610565558
77.5102976782
77.5573057231
77.6019658723
77.6441639612
77.6837870547
77.7207239036
77.7548662918
77.7861101471
77.8143574222
77.8395166659
77.861503539
77.8802423365
77.8956668036
77.9077221993
77.9163651925
77.92156389
77.92329886
77.9215631582
77.9163636838
77.9077200546
77.8956639193
77.8802388256
77.8614994392
77.8395120058
77.8143523154
77.7861045982
77.7548604068
77.720717714
77.6837806518
77.6441574334
77.6019592523
77.5572990682
77.5102910304
77.4610499786
77.4096900798
77.3563240835
77.3010623917
77.244013028
77.1852813038
77.1249692777
77.063175823
77
77
77.0631767093
77.1249713275
77.1852837512
77.2440156355
77.3010650325
77.3563267023
77.4096926538
77.461052452
77.5102933783
77.5573012337
77.6019611958
77.644159104
77.6837820198
77.7207187044
77.7548609392
77.7861046538
77.8143518082
77.8395109369
77.8614977225
77.880236449
77.8956608641
77.90771624
77.9163592154
77.9215579351
77.9232929392
77.9215572958
77.9163579081
77.9077143674
77.8956583546
77.8802333905
77.8614941516
77.8395068818
77.8143473543
77.7860998197
77.7548558113
77.7207133102
77.6837764418
77.6441534156
77.6019554279
77.5572954361
77.5102875908
77.4610467234
77.4096870071
77.3563211845
77.3010596643
77.2440104663
77.1852788925
77.1249670054
77.0631735865
77
77
77.0631767096
77.1249713278
77.1852837515
77.2440156358
77.3010650328
77.3563267026
77.4096926541
77.4610524524
77.5102933787
77.5573012341
77.6019611963
77.6441591045
77.6837820203
77.7207187049
77.7548609397
77.7861046544
77.8143518088
77.8395109375
77.8614977231
77.8802364496
77.8956608648
77.9077162407
77.9163592161
77.9215579357
77.9232929398
77.9215572965
77.9163579087
77.907714368
77.8956583552
77.8802333911
77.8614941522
77.8395068824
77.8143473549
77.7860998202
77.7548558118
77.7207133107
77.6837764423
77.6441534161
77.6019554284
77.5572954366
77.5102875912
77.4610467238
77.4096870075
77.3563211848
77.3010596646
77.2440104666
77.1852788928
77.1249670057
77.0631735868
77
77
77.0631767104
77.1249713286
77.1852837524
77.2440156367
77.3010650338
77.3563267037
77.4096926553
77.4610524536
77.51029338
77.5573012354
77.6019611976
77.644159106
77.6837820218
77.7207187064
77.7548609413
77.786104656
77.8143518105
77.8395109393
77.8614977249
77.8802364514
77.8956608666
77.9077162426
77.916359218
77.9215579376
77.9232929418
77.9215572984
77.9163579106
77.9077143699
77.8956583571
77.880233393
77.861494154
77.8395068842
77.8143473566
77.7860998219
77.7548558135
77.7207133123
77.6837764438
77.6441534175
77.6019554298
77.5572954379
77.5102875925
77.4610467249
77.4096870086
77.3563211859
77.3010596656
77.2440104676
77.1852788937
77.1249670066
77.0631735876
77
77
77.0631767117
77.12497133
77.1852837538
77.2440156383
77.3010650355
77.3563267055
77.4096926571
77.4610524556
77.5102933821
77.5573012376
77.6019611999
77.6441591084
77.6837820243
77.720718709
77.754860944
77.7861046588
77.8143518134
77.8395109422
77.8614977279
77.8802364545
77.8956608698
77.9077162457
77.9163592212
77.9215579408
77.923292945
77.9215573016
77.9163579138
77.9077143731
77.8956583602
77.880233396
77.861494157
77.8395068871
77.8143473595
77.7860998247
77.7548558161
77.7207133149
77.6837764463
77.6441534199
77.6019554321
77.5572954401
77.5102875946
77.4610467269
77.4096870105
77.3563211877
77.3010596673
77.2440104692
77.1852788951
77.124967008
77.0631735889
77
77
77.0631767135
77.124971332
77.1852837559
77.2440156405
77.3010650378
77.356326708
77.4096926598
77.4610524584
77.510293385
77.5573012407
77.6019612031
77.6441591117
77.6837820278
77.7207187127
77.7548609478
77.7861046627
77.8143518174
77.8395109463
77.8614977321
77.8802364588
77.8956608741
77.9077162502
77.9163592256
77.9215579453
77.9232929495
77.9215573061
77.9163579183
77.9077143775
77.8956583646
77.8802334003
77.8614941612
77.8395068912
77.8143473635
77.7860998286
77.7548558199
77.7207133185
77.6837764498
77.6441534233
77.6019554353
77.5572954432
77.5102875975
77.4610467297
77.4096870131
77.3563211901
77.3010596696
77.2440104714
77.1852788972
77.1249670099
77.0631735907
77
77
77.0631767159
77.1249713345
77.1852837586
77.2440156434
77.3010650409
77.3563267112
77.4096926632
77.4610524619
77.5102933887
77.5573012446
77.6019612073
77.644159116
77.6837820323
77.7207187173
77.7548609527
77.7861046677
77.8143518225
77.8395109516
77.8614977375
77.8802364644
77.8956608797
77.9077162559
77.9163592314
77.9215579511
77.9232929553
77.9215573119
77.916357924
77.9077143832
77.8956583702
77.8802334059
77.8614941666
77.8395068965
77.8143473686
77.7860998336
77.7548558248
77.7207133232
77.6837764543
77.6441534276
77.6019554394
77.5572954471
77.5102876013
77.4610467333
77.4096870165
77.3563211933
77.3010596727
77.2440104742
77.1852788999
77.1249670124
77.0631735931
77
77
77.0631767187
77.1249713376
77.1852837619
77.2440156469
77.3010650445
77.3563267151
77.4096926673
77.4610524663
77.5102933933
77.5573012494
77.6019612123
77.6441591213
77.6837820378
77.7207187231
77.7548609586
77.7861046738
77.8143518288
77.8395109581
77.8614977441
77.8802364711
77.8956608866
77.9077162628
77.9163592384
77.9215579582
77.9232929623
77.9215573189
77.916357931
77.9077143901
77.8956583771
77.8802334126
77.8614941732
77.839506903
77.8143473749
77.7860998397
77.7548558307
77.7207133289
77.6837764598
77.6441534329
77.6019554444
77.5572954519
77.5102876058
77.4610467376
77.4096870206
77.3563211973
77.3010596763
77.2440104777
77.1852789032
77.1249670155
77.063173596
77
77
77.0631767222
77.1249713412
77.1852837658
77.244015651
77.3010650489
77.3563267197
77.4096926722
77.4610524714
77.5102933987
77.5573012551
77.6019612183
77.6441591275
77.6837820443
77.7207187298
77.7548609656
77.7861046811
77.8143518363
77.8395109658
77.861497752
77.8802364791
77.8956608947
77.907716271
77.9163592467
77.9215579665
77.9232929707
77.9215573272
77.9163579393
77.9077143983
77.8956583852
77.8802334206
77.8614941811
77.8395069106
77.8143473824
77.7860998469
77.7548558377
77.7207133357
77.6837764663
77.6441534391
77.6019554504
77.5572954576
77.5102876113
77.4610467428
77.4096870255
77.3563212019
77.3010596807
77.2440104818
77.1852789071
77.1249670192
77.0631735994
77
77
77.0631767261
77.1249713454
77.1852837702
77.2440156557
77.3010650539
77.356326725
77.4096926778
77.4610524774
77.510293405
77.5573012617
77.6019612252
77.6441591347
77.6837820518
77.7207187376
77.7548609737
77.7861046894
77.8143518449
77.8395109746
77.861497761
77.8802364883
77.8956609041
77.9077162805
77.9163592562
77.9215579761
77.9232929803
77.9215573369
77.9163579489
77.9077144078
77.8956583945
77.8802334298
77.8614941901
77.8395069195
77.814347391
77.7860998553
77.7548558458
77.7207133435
77.6837764738
77.6441534463
77.6019554573
77.5572954642
77.5102876175
77.4610467487
77.4096870311
77.3563212072
77.3010596857
77.2440104866
77.1852789115
77.1249670234
77.0631736033
77
77
77.0631767284
77.1249713479
77.1852837729
77.2440156585
77.3010650569
77.3563267282
77.4096926811
77.4610524808
77.5102934086
77.5573012655
77.6019612292
77.6441591389
77.6837820562
77.7207187422
77.7548609784
77.7861046943
77.8143518499
77.8395109797
77.8614977663
77.8802364937
77.8956609095
77.907716286
77.9163592618
77.9215579817
77.9232929859
77.9215573425
77.9163579545
77.9077144133
77.8956584
77.8802334352
77.8614941954
77.8395069246
77.814347396
77.7860998601
77.7548558505
77.720713348
77.6837764782
77.6441534505
77.6019554613
77.557295468
77.5102876212
77.4610467522
77.4096870344
77.3563212103
77.3010596887
77.2440104893
77.1852789141
77.1249670258
77.0631736056
77
77
77.0631767308
77.1249713504
77.1852837755
77.2440156613
77.3010650599
77.3563267314
77.4096926845
77.4610524844
77.5102934124
77.5573012695
77.6019612333
77.6441591432
77.6837820607
77.7207187468
77.7548609832
77.7861046993
77.8143518551
77.839510985
77.8614977717
77.8802364992
77.8956609152
77.9077162917
77.9163592676
77.9215579875
77.9232929917
77.9215573483
77.9163579602
77.907714419
77.8956584056
77.8802334407
77.8614942008
77.8395069299
77.8143474012
77.7860998651
77.7548558553
77.7207133527
77.6837764827
77.6441534548
77.6019554654
77.557295472
77.5102876249
77.4610467557
77.4096870378
77.3563212135
77.3010596917
77.2440104922
77.1852789168
77.1249670283
77.063173608
77
77
77.0631781067
77.1249728192
77.1852853372
77.2440173195
77.3010668176
77.3563285912
77.4096946486
77.4610545549
77.5102955905
77.5573035558
77.6019636272
77.6441616434
77.6837846654
77.7207214534
77.7548637876
77.7861075958
77.8143548374
77.8395140466
77.8615009043
77.880239694
77.8956641613
77.9077195785
77.9163625841
77.9215613224
77.9232963331
77.9215606831
77.9163612766
77.9077177056
77.8956616514
77.8802366351
77.8614973329
77.8395099909
77.814350383
77.786102761
77.7548586591
77.7207160585
77.6837790867
77.6441559542
77.6019578585
77.5572977575
77.5102898024
77.4610488255
77.4096890012
77.3563230727
77.3010614487
77.2440121497
77.1852804779
77.1249684965
77.0631749834
77
77
77.0631794885
77.1249742942
77.1852869055
77.2440189847
77.3010685828
77.3563304589
77.4096966211
77.4610566342
77.510297778
77.557305852
77.6019660313
77.6441641543
77.6837872814
77.7207241717
77.754866604
77.7861105048
77.8143578327
77.8395171214
77.8615040505
77.8802429027
77.8956674215
77.9077228797
77.9163659152
77.9215646718
77.9232996891
77.9215640324
77.9163646075
77.9077210065
77.8956649113
77.8802398434
77.8615004787
77.8395130653
77.8143533778
77.7861056694
77.754861475
77.7207187761
77.683781702
77.6441584644
77.6019602619
77.557300053
77.5102919891
77.4610509041
77.409690973
77.3563249397
77.3010632132
77.2440138143
77.1852820456
77.1249699709
77.0631763646
77
77
77.0631808761
77.1249757755
77.1852884806
77.244020657
77.3010703557
77.3563323347
77.4096986022
77.4610587226
77.510299975
77.5573081582
77.601968446
77.6441666762
77.6837899088
77.7207269019
77.7548694329
77.7861134266
77.8143608412
77.8395202098
77.8615072107
77.8802461256
77.8956706962
77.9077261954
77.916369261
77.921568036
77.9233030599
77.9215673966
77.9163679531
77.907724322
77.8956681856
77.8802430659
77.8615036384
77.8395161532
77.8143563858
77.7861085906
77.7548643033
77.7207215056
77.6837843288
77.6441609855
77.6019626758
77.5573023584
77.5102941854
77.4610529918
77.4096929534
77.3563268149
77.3010649854
77.244015486
77.18528362
77.1249714515
77.0631777516
77
77
77.0631822698
77.1249772633
77.1852900625
77.2440223367
77.3010721363
77.3563342188
77.409700592
77.4610608202
77.5103021817
77.5573104746
77.6019708714
77.6441692093
77.683792548
77.7207296443
77.7548722745
77.7861163615
77.8143638632
77.8395233121
77.861510385
77.880249363
77.8956739856
77.9077295261
77.9163726218
77.9215714154
77.9233064459
77.921570776
77.9163713138
77.9077276524
77.8956714746
77.8802463029
77.8615068123
77.839519255
77.8143594072
77.786111525
77.7548671442
77.7207242473
77.6837869672
77.6441635179
77.6019651005
77.5573046741
77.5102963915
77.4610550887
77.4096949425
77.3563286983
77.3010667653
77.244017165
77.1852852013
77.1249729386
77.0631791448
77
77
77.0631836696
77.1249787576
77.1852916514
77.2440240238
77.3010739248
77.3563361113
77.4097025908
77.4610629273
77.5103043984
77.5573128014
77.6019733077
77.6441717539
77.6837951992
77.7207323992
77.754875129
77.7861193098
77.814366899
77.8395264285
77.8615135738
77.8802526152
77.89567729
77.907732872
77.916375998
77.9215748102
77.9233098474
77.9215741707
77.9163746898
77.907730998
77.8956747787
77.8802495547
77.8615100007
77.8395223709
77.8143624425
77.7861144726
77.7548699981
77.7207270015
77.6837896177
77.6441660618
77.601967536
77.5573070002
77.5102986074
77.461057195
77.4096969405
77.3563305901
77.3010685531
77.2440188515
77.1852867896
77.1249744323
77.063180544
77
77
77.0631850757
77.1249802586
77.1852932475
77.2440257186
77.3010757215
77.3563380125
77.4097045986
77.4610650439
77.5103066251
77.5573151389
77.6019757552
77.6441743102
77.6837978625
77.7207351668
77.7548779966
77.7861222717
77.8143699488
77.8395295593
77.8615167774
77.8802558825
77.8956806098
77.9077362334
77.9163793899
77.9215782208
77.9233132646
77.9215775813
77.9163780815
77.9077343592
77.8956780981
77.8802528215
77.8615132038
77.8395255012
77.8143654918
77.7861174339
77.7548728651
77.7207297683
77.6837922803
77.6441686174
77.6019699828
77.557309337
77.5103008335
77.4610593109
77.4096989476
77.3563324906
77.3010703491
77.2440205457
77.185288385
77.1249759327
77.0631819496
77
77
77.0631850763
77.1249802592
77.1852932481
77.2440257192
77.3010757222
77.3563380132
77.4097045994
77.4610650447
77.510306626
77.5573151398
77.6019757562
77.6441743112
77.6837978635
77.7207351678
77.7548779977
77.7861222728
77.81436995
77.8395295605
77.8615167786
77.8802558837
77.895680611
77.9077362347
77.9163793912
77.9215782221
77.923313266
77.9215775826
77.9163780828
77.9077343605
77.8956780994
77.8802528228
77.8615132051
77.8395255024
77.8143654929
77.7861174351
77.7548728662
77.7207297694
77.6837922813
77.6441686183
77.6019699837
77.5573093379
77.5103008343
77.4610593117
77.4096989483
77.3563324913
77.3010703498
77.2440205463
77.1852883856
77.1249759333
77.0631819501
77
77
77.0631851114
77.1249802969
77.1852932882
77.2440257618
77.3010757674
77.3563380611
77.4097046501
77.4610650982
77.5103066823
77.5573151991
77.6019758182
77.6441743761
77.6837979313
77.7207352383
77.7548780708
77.7861223484
77.8143700279
77.8395296406
77.8615168606
77.8802559674
77.8956806962
77.907736321
77.9163794784
77.9215783098
77.923313354
77.9215776705
77.9163781703
77.9077344472
77.8956781851
77.8802529072
77.8615132879
77.8395255833
77.8143655718
77.7861175117
77.7548729404
77.720729841
77.6837923503
77.6441686845
77.6019700471
77.5573093983
77.5103008919
77.4610593664
77.4096990003
77.3563325404
77.3010703962
77.2440205901
77.1852884268
77.124975972
77.0631819863
77
77
77.0631850677
77.1249802505
77.1852932389
77.2440257095
77.3010757119
77.3563380024
77.409704588
77.4610650328
77.5103066135
77.5573151268
77.6019757426
77.6441742971
77.6837978489
77.7207351527
77.7548779821
77.7861222569
77.8143699337
77.8395295439
77.8615167617
77.8802558666
77.8956805938
77.9077362174
77.9163793738
77.9215782048
77.9233132488
77.9215775656
77.9163780661
77.907734344
77.8956780832
77.880252807
77.8615131897
77.8395254875
77.8143654786
77.7861174212
77.7548728529
77.7207297566
77.6837922692
77.6441686067
77.6019699727
77.5573093273
77.5103008244
77.4610593023
77.4096989395
77.3563324829
77.3010703419
77.2440205389
77.1852883787
77.1249759268
77.0631819436
77
77
77.0631850648
77.1249802474
77.1852932355
77.2440257059
77.3010757081
77.3563379984
77.4097045838
77.4610650283
77.5103066088
77.5573151218
77.6019757374
77.6441742917
77.6837978433
77.7207351469
77.754877976
77.7861222506
77.8143699272
77.8395295372
77.8615167549
77.8802558597
77.8956805867
77.9077362103
77.9163793666
77.9215781976
77.9233132415
77.9215775583
77.9163780589
77.9077343368
77.8956780762
77.8802528001
77.8615131829
77.8395254809
77.8143654721
77.7861174149
77.7548728468
77.7207297507
77.6837922635
77.6441686013
77.6019699675
77.5573093224
77.5103008197
77.4610592978
77.4096989352
77.3563324789
77.3010703381
77.2440205353
77.1852883753
77.1249759236
77.0631819406
77
77
77.0631850619
77.1249802443
77.1852932323
77.2440257025
77.3010757044
77.3563379945
77.4097045797
77.461065024
77.5103066042
77.5573151171
77.6019757324
77.6441742864
77.6837978378
77.7207351412
77.7548779702
77.7861222445
77.8143699209
77.8395295308
77.8615167483
77.8802558529
77.8956805799
77.9077362033
77.9163793596
77.9215781905
77.9233132345
77.9215775513
77.9163780519
77.9077343299
77.8956780694
77.8802527934
77.8615131763
77.8395254745
77.8143654658
77.7861174088
77.7548728409
77.720729745
77.683792258
77.644168596
77.6019699625
77.5573093176
77.5103008151
77.4610592934
77.4096989311
77.356332475
77.3010703344
77.2440205319
77.185288372
77.1249759205
77.0631819377
77
77
77.0631850574
77.1249802396
77.1852932273
77.2440256971
77.3010756988
77.3563379885
77.4097045733
77.4610650173
77.5103065972
77.5573151097
77.6019757246
77.6441742783
77.6837978294
77.7207351324
77.7548779611
77.7861222351
77.8143699113
77.8395295209
77.8615167382
77.8802558426
77.8956805694
77.9077361927
77.9163793489
77.9215781797
77.9233132237
77.9215775405
77.9163780411
77.9077343193
77.8956780588
77.880252783
77.8615131662
77.8395254645
77.8143654562
77.7861173995
77.7548728318
77.7207297363
77.6837922496
77.6441685879
77.6019699547
77.5573093102
77.5103008081
77.4610592867
77.4096989248
77.356332469
77.3010703287
77.2440205265
77.185288367
77.1249759158
77.0631819333
77
77
77.0631850536
77.1249802355
77.1852932229
77.2440256925
77.3010756939
77.3563379833
77.4097045679
77.4610650115
77.5103065911
77.5573151033
77.6019757179
77.6441742713
77.6837978221
77.7207351248
77.7548779532
77.786122227
77.8143699029
77.8395295123
77.8615167294
77.8802558336
77.8956805603
77.9077361834
77.9163793396
77.9215781704
77.9233132143
77.9215775311
77.9163780318
77.90773431
77.8956780497
77.880252774
77.8615131574
77.8395254559
77.8143654478
77.7861173913
77.754872824
77.7207297287
77.6837922423
77.6441685809
77.601969948
77.5573093038
77.510300802
77.461059281
77.4096989193
77.3563324638
77.3010703238
77.2440205219
77.1852883626
77.1249759117
77.0631819294
77
77
77.0631850503
77.124980232
77.1852932192
77.2440256886
77.3010756897
77.3563379789
77.4097045632
77.4610650066
77.5103065859
77.5573150979
77.6019757123
77.6441742654
77.6837978159
77.7207351184
77.7548779466
77.7861222201
77.8143698958
77.839529505
77.8615167219
77.880255826
77.8956805526
77.9077361756
77.9163793317
77.9215781624
77.9233132063
77.9215775232
77.9163780239
77.9077343022
77.895678042
77.8802527664
77.8615131499
77.8395254487
77.8143654407
77.7861173844
77.7548728173
77.7207297223
77.6837922361
77.644168575
77.6019699423
77.5573092984
77.5103007968
77.4610592761
77.4096989146
77.3563324594
77.3010703197
77.244020518
77.1852883589
77.1249759082
77.0631819262
77
77
77.0631850476
77.1249802292
77.1852932162
77.2440256854
77.3010756863
77.3563379753
77.4097045594
77.4610650026
77.5103065817
77.5573150934
77.6019757076
77.6441742606
77.6837978108
77.7207351132
77.7548779411
77.7861222145
77.81436989
77.8395294991
77.8615167158
77.8802558198
77.8956805463
77.9077361692
77.9163793252
77.9215781559
77.9233131998
77.9215775167
77.9163780175
77.9077342958
77.8956780357
77.8802527602
77.8615131438
77.8395254427
77.8143654349
77.7861173788
77.7548728119
77.720729717
77.6837922311
77.6441685702
77.6019699377
77.5573092939
77.5103007926
77.461059272
77.4096989108
77.3563324558
77.3010703163
77.2440205148
77.1852883559
77.1249759054
77.0631819235
77
77
77.0631850456
77.124980227
77.1852932138
77.2440256829
77.3010756837
77.3563379725
77.4097045565
77.4610649995
77.5103065784
77.55731509
77.601975704
77.6441742568
77.6837978069
77.7207351091
77.7548779369
77.7861222101
77.8143698855
77.8395294944
77.8615167111
77.880255815
77.8956805413
77.9077361643
77.9163793202
77.9215781509
77.9233131948
77.9215775116
77.9163780125
77.9077342908
77.8956780308
77.8802527554
77.8615131391
77.8395254381
77.8143654304
77.7861173744
77.7548728076
77.7207297129
77.6837922271
77.6441685664
77.6019699341
77.5573092905
77.5103007893
77.4610592689
77.4096989079
77.356332453
77.3010703136
77.2440205123
77.1852883536
77.1249759032
77.0631819214
77
77
77.0631850441
77.1249802254
77.1852932122
77.2440256811
77.3010756818
77.3563379705
77.4097045543
77.4610649972
77.5103065761
77.5573150875
77.6019757014
77.6441742541
77.6837978041
77.7207351062
77.7548779338
77.786122207
77.8143698823
77.8395294911
77.8615167077
77.8802558115
77.8956805378
77.9077361607
77.9163793166
77.9215781473
77.9233131911
77.921577508
77.9163780089
77.9077342873
77.8956780273
77.8802527519
77.8615131357
77.8395254348
77.8143654272
77.7861173713
77.7548728046
77.72072971
77.6837922243
77.6441685637
77.6019699315
77.557309288
77.510300787
77.4610592667
77.4096989057
77.356332451
77.3010703117
77.2440205105
77.1852883519
77.1249759016
77.0631819199
77
77
77.0631850432
77.1249802245
77.1852932112
77.24402568
77.3010756807
77.3563379693
77.4097045531
77.4610649959
77.5103065747
77.557315086
77.6019756999
77.6441742525
77.6837978024
77.7207351044
77.754877932
77.7861222051
77.8143698804
77.8395294892
77.8615167057
77.8802558095
77.8956805357
77.9077361586
77.9163793145
77.9215781451
77.923313189
77.9215775059
77.9163780067
77.9077342852
77.8956780252
77.8802527499
77.8615131337
77.8395254328
77.8143654252
77.7861173694
77.7548728028
77.7207297083
77.6837922226
77.6441685621
77.60196993
77.5573092866
77.5103007856
77.4610592654
77.4096989045
77.3563324498
77.3010703106
77.2440205094
77.1852883509
77.1249759007
77.0631819191
77
77
77.0631850429
77.1249802241
77.1852932108
77.2440256797
77.3010756803
77.3563379689
77.4097045527
77.4610649954
77.5103065742
77.5573150855
77.6019756994
77.6441742519
77.6837978019
77.7207351038
77.7548779314
77.7861222045
77.8143698797
77.8395294885
77.861516705
77.8802558088
77.895680535
77.9077361579
77.9163793138
77.9215781444
77.9233131883
77.9215775052
77.916378006
77.9077342844
77.8956780245
77.8802527492
77.861513133
77.8395254321
77.8143654246
77.7861173688
77.7548728022
77.7207297077
77.6837922221
77.6441685615
77.6019699294
77.5573092861
77.5103007851
77.4610592649
77.4096989041
77.3563324494
77.3010703102
77.2440205091
77.1852883506
77.1249759003
77.0631819188
77
77
77.0631783328
77.1249732281
77.185285799
77.2440178169
77.3010673595
77.3563291792
77.4096952841
77.4610552429
77.5102963329
77.5573043571
77.6019644901
77.6441625708
77.6837856585
77.7207225152
77.7548649232
77.7861088031
77.8143561211
77.8395153988
77.861502331
77.8802411916
77.8956657258
77.9077212137
77.9163642717
77.9215630703
77.9232981292
77.9215625215
77.9163631558
77.9077196052
77.8956635763
77.8802385694
77.8614992692
77.8395119235
77.8143522979
77.7861046562
77.7548605227
77.7207178877
77.6837808745
77.6441576915
77.6019595429
77.5572993863
77.5102913738
77.4610503322
77.4096904452
77.3563244485
77.3010627612
77.2440133953
77.1852816484
77.1249695668
77.0631757577
77
77
77.0631783331
77.1249732284
77.1852857993
77.2440178172
77.3010673598
77.3563291795
77.4096952845
77.4610552434
77.5102963333
77.5573043576
77.6019644905
77.6441625713
77.683785659
77.7207225157
77.7548649238
77.7861088037
77.8143561217
77.8395153994
77.8615023317
77.8802411923
77.8956657264
77.9077212144
77.9163642724
77.921563071
77.9232981299
77.9215625222
77.9163631565
77.9077196058
77.895663577
77.88023857
77.8614992699
77.8395119241
77.8143522985
77.7861046568
77.7548605233
77.7207178882
77.683780875
77.6441576921
77.6019595434
77.5572993867
77.5102913743
77.4610503326
77.4096904456
77.3563244489
77.3010627615
77.2440133956
77.1852816488
77.1249695671
77.063175758
77
77
77.063178334
77.1249732293
77.1852858002
77.2440178182
77.3010673609
77.3563291807
77.4096952857
77.4610552446
77.5102963346
77.557304359
77.601964492
77.6441625728
77.6837856606
77.7207225174
77.7548649255
77.7861088054
77.8143561235
77.8395154013
77.8615023336
77.8802411942
77.8956657284
77.9077212164
77.9163642744
77.921563073
77.9232981319
77.9215625242
77.9163631585
77.9077196078
77.8956635789
77.880238572
77.8614992718
77.839511926
77.8143523003
77.7861046585
77.754860525
77.7207178899
77.6837808766
77.6441576936
77.6019595449
77.5572993881
77.5102913756
77.4610503339
77.4096904468
77.35632445
77.3010627626
77.2440133966
77.1852816497
77.124969568
77.0631757588
77
77
77.0631783353
77.1249732308
77.1852858018
77.2440178199
77.3010673627
77.3563291826
77.4096952876
77.4610552467
77.5102963369
77.5573043613
77.6019644944
77.6441625753
77.6837856632
77.7207225201
77.7548649283
77.7861088084
77.8143561265
77.8395154044
77.8615023368
77.8802411975
77.8956657317
77.9077212197
77.9163642778
77.9215630764
77.9232981353
77.9215625276
77.9163631619
77.9077196112
77.8956635822
77.8802385752
77.861499275
77.8395119291
77.8143523033
77.7861046615
77.7548605279
77.7207178926
77.6837808792
77.6441576961
77.6019595473
77.5572993905
77.5102913778
77.461050336
77.4096904487
77.3563244519
77.3010627644
77.2440133983
77.1852816513
77.1249695695
77.0631757602
77
77
77.0631783373
77.1249732329
77.185285804
77.2440178222
77.3010673652
77.3563291852
77.4096952904
77.4610552496
77.5102963399
77.5573043645
77.6019644978
77.6441625789
77.6837856669
77.720722524
77.7548649323
77.7861088125
77.8143561308
77.8395154088
77.8615023412
77.880241202
77.8956657363
77.9077212244
77.9163642825
77.9215630811
77.9232981401
77.9215625324
77.9163631666
77.9077196159
77.8956635869
77.8802385798
77.8614992794
77.8395119334
77.8143523076
77.7861046656
77.7548605318
77.7207178965
77.6837808829
77.6441576997
77.6019595507
77.5572993937
77.5102913809
77.4610503389
77.4096904515
77.3563244545
77.3010627669
77.2440134006
77.1852816535
77.1249695715
77.0631757621
77
77
77.0631783398
77.1249732355
77.1852858069
77.2440178253
77.3010673684
77.3563291886
77.409695294
77.4610552534
77.5102963439
77.5573043687
77.6019645022
77.6441625834
77.6837856717
77.7207225289
77.7548649374
77.7861088178
77.8143561362
77.8395154144
77.861502347
77.8802412079
77.8956657423
77.9077212304
77.9163642886
77.9215630872
77.9232981462
77.9215625385
77.9163631726
77.9077196219
77.8956635928
77.8802385856
77.8614992852
77.839511939
77.814352313
77.7861046709
77.754860537
77.7207179014
77.6837808877
77.6441577042
77.6019595551
77.5572993979
77.5102913848
77.4610503427
77.4096904551
77.3563244579
77.3010627701
77.2440134037
77.1852816563
77.1249695742
77.0631757646
77
77
77.0631783428
77.1249732388
77.1852858103
77.2440178289
77.3010673723
77.3563291927
77.4096952984
77.461055258
77.5102963488
77.5573043738
77.6019645075
77.644162589
77.6837856775
77.720722535
77.7548649437
77.7861088243
77.8143561429
77.8395154212
77.861502354
77.880241215
77.8956657495
77.9077212378
77.916364296
77.9215630947
77.9232981537
77.9215625459
77.9163631801
77.9077196292
77.8956636001
77.8802385928
77.8614992922
77.8395119459
77.8143523197
77.7861046774
77.7548605432
77.7207179074
77.6837808935
77.6441577098
77.6019595604
77.557299403
77.5102913897
77.4610503473
77.4096904595
77.356324462
77.301062774
77.2440134073
77.1852816598
77.1249695775
77.0631757677
77
77
77.0631783464
77.1249732426
77.1852858144
77.2440178333
77.3010673769
77.3563291976
77.4096953035
77.4610552635
77.5102963545
77.5573043798
77.6019645138
77.6441625956
77.6837856844
77.7207225421
77.7548649511
77.7861088319
77.8143561508
77.8395154293
77.8615023623
77.8802412234
77.8956657581
77.9077212465
77.9163643048
77.9215631035
77.9232981625
77.9215625548
77.9163631888
77.9077196379
77.8956636086
77.8802386012
77.8614993004
77.839511954
77.8143523276
77.786104685
77.7548605506
77.7207179146
77.6837809004
77.6441577164
77.6019595667
77.557299409
77.5102913954
77.4610503528
77.4096904646
77.3563244669
77.3010627786
77.2440134117
77.1852816639
77.1249695813
77.0631757713
77
77
77.0631783506
77.1249732471
77.1852858192
77.2440178383
77.3010673822
77.3563292032
77.4096953095
77.4610552698
77.5102963611
77.5573043868
77.6019645211
77.6441626032
77.6837856923
77.7207225504
77.7548649596
77.7861088407
77.8143561598
77.8395154386
77.8615023718
77.8802412332
77.895665768
77.9077212565
77.9163643149
77.9215631137
77.9232981727
77.9215625649
77.916363199
77.9077196479
77.8956636185
77.880238611
77.86149931
77.8395119633
77.8143523367
77.7861046938
77.7548605592
77.7207179228
77.6837809083
77.644157724
77.601959574
77.5572994159
77.510291402
77.461050359
77.4096904706
77.3563244726
77.3010627839
77.2440134167
77.1852816686
77.1249695858
77.0631757754
77
77
77.063178353
77.1249732497
77.1852858219
77.2440178413
77.3010673853
77.3563292065
77.409695313
77.4610552734
77.510296365
77.5573043908
77.6019645254
77.6441626076
77.6837856969
77.7207225552
77.7548649646
77.7861088459
77.8143561651
77.8395154441
77.8615023774
77.8802412389
77.8956657738
77.9077212623
77.9163643208
77.9215631196
77.9232981786
77.9215625709
77.9163632049
77.9077196538
77.8956636243
77.8802386166
77.8614993156
77.8395119687
77.814352342
77.786104699
77.7548605642
77.7207179276
77.6837809129
77.6441577284
77.6019595782
77.55729942
77.5102914059
77.4610503627
77.4096904741
77.3563244759
77.301062787
77.2440134196
77.1852816714
77.1249695884
77.0631757779
77
77
77.0631783555
77.1249732524
77.1852858248
77.2440178443
77.3010673885
77.3563292099
77.4096953166
77.4610552772
77.510296369
77.557304395
77.6019645297
77.6441626122
77.6837857017
77.7207225601
77.7548649697
77.7861088512
77.8143561706
77.8395154497
77.8615023831
77.8802412447
77.8956657797
77.9077212684
77.9163643268
77.9215631257
77.9232981847
77.921562577
77.9163632109
77.9077196598
77.8956636303
77.8802386225
77.8614993213
77.8395119743
77.8143523474
77.7861047043
77.7548605693
77.7207179326
77.6837809177
77.644157733
77.6019595826
77.5572994242
77.5102914099
77.4610503665
77.4096904777
77.3563244793
77.3010627902
77.2440134227
77.1852816742
77.124969591
77.0631757804
77
77
77.0631798109
77.1249748061
77.1852874768
77.2440195982
77.3010692477
77.356331177
77.409697394
77.4610574671
77.5102986726
77.557306813
77.6019670614
77.6441652562
77.6837884563
77.7207254224
77.7548679354
77.7861119142
77.8143593245
77.8395186872
77.8615056958
77.8802446232
77.8956692124
77.9077247441
77.9163678342
77.9215666524
77.9233017183
77.9215661036
77.9163667182
77.9077231356
77.8956670629
77.8802420009
77.861502634
77.8395152119
77.8143555012
77.7861077673
77.7548635349
77.7207207948
77.6837836723
77.644160377
77.6019621142
77.5573018421
77.5102937135
77.4610525563
77.4096925551
77.3563264463
77.3010646494
77.2440151766
77.1852833261
77.1249711447
77.0631772356
77
77
77.0631812723
77.1249763663
77.1852891356
77.2440213595
77.3010711147
77.3563331524
77.4096994801
77.4610596662
77.510300986
77.5573092413
77.6019696038
77.6441679114
77.6837912227
77.7207282968
77.7548709137
77.7861149903
77.8143624918
77.8395219386
77.8615090227
77.880248016
77.8956726598
77.9077282348
77.9163713565
77.9215701942
77.9233052669
77.9215696454
77.9163702405
77.9077266263
77.8956705103
77.8802453938
77.8615059608
77.8395184632
77.8143586685
77.7861108433
77.7548665132
77.7207236691
77.6837864386
77.6441630321
77.6019646566
77.5573042703
77.5102960269
77.4610547553
77.4096946412
77.3563284216
77.3010665164
77.2440169378
77.1852849849
77.1249727049
77.0631786969
77
77
77.0631827396
77.1249779329
77.1852908013
77.2440231281
77.3010729894
77.3563351359
77.409701575
77.4610618745
77.5103033092
77.5573116797
77.6019721569
77.6441705779
77.6837940007
77.7207311833
77.7548739046
77.7861180795
77.8143656726
77.8395252038
77.8615123637
77.8802514234
77.8956761219
77.9077317403
77.9163748938
77.921573751
77.9233088307
77.9215732022
77.9163737778
77.9077301319
77.8956739724
77.8802488012
77.8615093018
77.8395217284
77.8143618492
77.7861139324
77.7548695041
77.7207265556
77.6837892165
77.6441656985
77.6019672096
77.5573067087
77.5102983499
77.4610569635
77.409696736
77.3563304051
77.3010683911
77.2440187063
77.1852866505
77.1249742715
77.0631801642
77
77
77.063184213
77.1249795059
77.185292474
77.244024904
77.3010748719
77.3563371278
77.4097036786
77.461064092
77.510305642
77.5573141285
77.6019747207
77.6441732555
77.6837967904
77.7207340821
77.7548769082
77.7861211817
77.8143688669
77.8395284828
77.8615157189
77.8802548452
77.8956795988
77.9077352608
77.9163784462
77.921577323
77.9233124097
77.9215767742
77.9163773302
77.9077336524
77.8956774492
77.880252223
77.861512657
77.8395250074
77.8143650435
77.7861170346
77.7548725077
77.7207294543
77.6837920062
77.6441683761
77.6019697734
77.5573091573
77.5103006827
77.461059181
77.4096988396
77.3563323969
77.3010702736
77.2440204822
77.185288323
77.1249758445
77.0631816376
77
77
77.0631856925
77.1249810855
77.1852941534
77.2440266872
77.3010767622
77.3563391279
77.409705791
77.4610663188
77.5103079846
77.5573165874
77.6019772953
77.6441759445
77.6837995919
77.7207369931
77.7548799245
77.7861242971
77.8143720747
77.8395317758
77.8615190884
77.8802582815
77.8956830903
77.9077387962
77.9163820137
77.9215809102
77.9233160038
77.9215803614
77.9163808976
77.9077371878
77.8956809407
77.8802556594
77.8615160264
77.8395283003
77.8143682512
77.7861201499
77.7548755239
77.7207323653
77.6837948077
77.644171065
77.601972348
77.5573116162
77.5103030252
77.4610614077
77.409700952
77.3563343969
77.3010721639
77.2440222654
77.1852900024
77.124977424
77.063183117
77
77
77.063187178
77.1249826714
77.1852958398
77.2440284778
77.3010786603
77.3563411363
77.4097079121
77.4610685549
77.5103103369
77.5573190566
77.6019798806
77.6441786446
77.6838024052
77.7207399164
77.7548829534
77.7861274255
77.8143752961
77.8395350826
77.8615224721
77.8802617324
77.8956865967
77.9077423466
77.9163855963
77.9215845126
77.9233196132
77.9215839638
77.9163844802
77.9077407382
77.895684447
77.8802591103
77.86151941
77.8395316071
77.8143714725
77.7861232783
77.7548785529
77.7207352884
77.6837976209
77.6441737652
77.6019749333
77.5573140853
77.5103053775
77.4610636436
77.4097030731
77.3563364052
77.3010740621
77.2440240559
77.1852916887
77.1249790099
77.0631846024
77
77
77.0631871786
77.124982672
77.1852958405
77.2440284784
77.301078661
77.356341137
77.4097079129
77.4610685557
77.5103103378
77.5573190576
77.6019798816
77.6441786457
77.6838024063
77.7207399175
77.7548829546
77.7861274267
77.8143752973
77.8395350839
77.8615224734
77.8802617337
77.895686598
77.9077423479
77.9163855977
77.921584514
77.9233196146
77.9215839652
77.9163844816
77.9077407396
77.8956844484
77.8802591116
77.8615194113
77.8395316084
77.8143714737
77.7861232795
77.754878554
77.7207352895
77.683797622
77.6441737662
77.6019749343
77.5573140862
77.5103053784
77.4610636444
77.4097030739
77.356336406
77.3010740628
77.2440240566
77.1852916894
77.1249790105
77.063184603
77
77
77.0631872179
77.1249827141
77.1852958853
77.2440285261
77.3010787116
77.3563411906
77.4097079695
77.4610686155
77.5103104008
77.5573191237
77.601979951
77.6441787182
77.6838024819
77.7207399962
77.7548830362
77.7861275111
77.8143753843
77.8395351733
77.8615225649
77.8802618272
77.8956866931
77.9077424443
77.916385695
77.9215846119
77.9233197128
77.9215840632
77.9163845792
77.9077408364
77.895684544
77.8802592058
77.8615195037
77.8395316987
77.8143715617
77.7861233649
77.7548786368
77.7207353694
77.6837976989
77.64417384
77.6019750049
77.5573141537
77.5103054426
77.4610637055
77.4097031318
77.3563364608
77.3010741146
77.2440241054
77.1852917353
77.1249790537
77.0631846433
77
77
77.0631871784
77.1249826723
77.1852958408
77.2440284788
77.3010786615
77.3563411376
77.4097079135
77.4610685564
77.5103103386
77.5573190584
77.6019798826
77.6441786468
77.6838024075
77.7207399188
77.7548829561
77.7861274284
77.8143752991
77.8395350859
77.8615224756
77.8802617361
77.8956866006
77.9077423507
77.9163856005
77.921584517
77.9233196178
77.9215839685
77.916384485
77.9077407431
77.895684452
77.8802591153
77.8615194151
77.8395316122
77.8143714775
77.7861232833
77.7548785578
77.7207352933
77.6837976257
77.6441737698
77.6019749378
77.5573140897
77.5103053817
77.4610636477
77.409703077
77.356336409
77.3010740656
77.2440240593
77.1852916919
77.124979013
77.0631846048
77
77
77.0631871755
77.1249826693
77.1852958376
77.2440284754
77.3010786579
77.3563411337
77.4097079094
77.4610685521
77.5103103341
77.5573190537
77.6019798777
77.6441786416
77.6838024021
77.7207399133
77.7548829503
77.7861274224
77.814375293
77.8395350796
77.8615224691
77.8802617295
77.8956865939
77.9077423439
77.9163855937
77.9215845102
77.9233196109
77.9215839616
77.9163844782
77.9077407364
77.8956844453
77.8802591087
77.8615194086
77.8395316059
77.8143714714
77.7861232773
77.754878552
77.7207352877
77.6837976203
77.6441737647
77.6019749329
77.557314085
77.5103053773
77.4610636434
77.409703073
77.3563364052
77.301074062
77.2440240559
77.1852916887
77.12497901
77.063184602
77
77
77.0631871728
77.1249826664
77.1852958345
77.2440284721
77.3010786544
77.35634113
77.4097079055
77.461068548
77.5103103297
77.5573190492
77.6019798729
77.6441786366
77.6838023969
77.7207399079
77.7548829448
77.7861274167
77.814375287
77.8395350735
77.8615224628
77.8802617231
77.8956865874
77.9077423373
77.9163855871
77.9215845035
77.9233196043
77.9215839549
77.9163844716
77.9077407298
77.8956844389
77.8802591024
77.8615194024
77.8395315998
77.8143714654
77.7861232716
77.7548785464
77.7207352823
77.6837976151
77.6441737597
77.6019749281
77.5573140804
77.5103053729
77.4610636393
77.409703069
77.3563364015
77.3010740585
77.2440240526
77.1852916856
77.124979007
77.0631845992
77
77
77.0631871686
77.1249826619
77.1852958297
77.2440284671
77.301078649
77.3563411244
77.4097078995
77.4610685417
77.5103103231
77.5573190422
77.6019798655
77.644178629
77.6838023889
77.7207398996
77.7548829361
77.7861274078
77.8143752779
77.839535064
77.8615224532
77.8802617133
77.8956865774
77.9077423272
77.9163855769
77.9215844932
77.923319594
77.9215839447
77.9163844614
77.9077407197
77.8956844289
77.8802590925
77.8615193927
77.8395315904
77.8143714562
77.7861232627
77.7548785378
77.720735274
77.6837976071
77.644173752
77.6019749208
77.5573140734
77.5103053662
77.461063633
77.409703063
77.3563363958
77.3010740531
77.2440240475
77.1852916809
77.1249790026
77.063184595
77
77
77.0631871649
77.124982658
77.1852958256
77.2440284627
77.3010786443
77.3563411194
77.4097078943
77.4610685362
77.5103103173
77.5573190361
77.6019798592
77.6441786223
77.683802382
77.7207398924
77.7548829287
77.7861274
77.8143752699
77.8395350559
77.8615224449
77.8802617048
77.8956865687
77.9077423184
77.916385568
77.9215844843
77.9233195851
77.9215839358
77.9163844525
77.9077407109
77.8956844202
77.880259084
77.8615193844
77.8395315822
77.8143714483
77.7861232549
77.7548785304
77.7207352668
77.6837976002
77.6441737454
77.6019749144
77.5573140673
77.5103053605
77.4610636275
77.4097030578
77.3563363908
77.3010740485
77.2440240431
77.1852916767
77.1249789987
77.0631845914
77
77
77.0631871618
77.1249826547
77.1852958221
77.2440284589
77.3010786404
77.3563411152
77.4097078899
77.4610685315
77.5103103124
77.5573190309
77.6019798538
77.6441786167
77.6838023761
77.7207398863
77.7548829223
77.7861273935
77.8143752632
77.839535049
77.8615224378
77.8802616976
77.8956865614
77.907742311
77.9163855605
77.9215844768
77.9233195775
77.9215839282
77.916384445
77.9077407035
77.8956844129
77.8802590768
77.8615193773
77.8395315753
77.8143714416
77.7861232484
77.754878524
77.7207352607
77.6837975943
77.6441737397
77.601974909
77.5573140622
77.5103053556
77.4610636228
77.4097030534
77.3563363867
77.3010740445
77.2440240394
77.1852916732
77.1249789954
77.0631845883
77
77
77.0631871593
77.124982652
77.1852958192
77.2440284559
77.3010786372
77.3563411118
77.4097078863
77.4610685277
77.5103103084
77.5573190267
77.6019798494
77.6441786121
77.6838023713
77.7207398813
77.7548829172
77.7861273882
77.8143752577
77.8395350433
77.861522432
77.8802616917
77.8956865554
77.907742305
77.9163855544
77.9215844706
77.9233195713
77.9215839221
77.9163844389
77.9077406974
77.8956844069
77.8802590709
77.8615193715
77.8395315697
77.8143714361
77.7861232431
77.7548785189
77.7207352557
77.6837975895
77.6441737351
77.6019749046
77.557314058
77.5103053516
77.461063619
77.4097030498
77.3563363832
77.3010740413
77.2440240364
77.1852916704
77.1249789927
77.0631845857
77
77
77.0631871573
77.1249826499
77.185295817
77.2440284535
77.3010786346
77.3563411092
77.4097078835
77.4610685247
77.5103103053
77.5573190235
77.601979846
77.6441786085
77.6838023676
77.7207398774
77.7548829132
77.786127384
77.8143752534
77.8395350389
77.8615224275
77.8802616871
77.8956865508
77.9077423002
77.9163855496
77.9215844658
77.9233195665
77.9215839173
77.9163844341
77.9077406927
77.8956844022
77.8802590663
77.861519367
77.8395315653
77.8143714318
77.7861232389
77.7548785148
77.7207352519
77.6837975858
77.6441737316
77.6019749012
77.5573140547
77.5103053484
77.461063616
77.409703047
77.3563363806
77.3010740388
77.244024034
77.1852916681
77.1249789906
77.0631845838
77
77
77.0631871559
77.1249826484
77.1852958154
77.2440284518
77.3010786329
77.3563411073
77.4097078815
77.4610685226
77.510310303
77.5573190211
77.6019798435
77.6441786059
77.6838023649
77.7207398746
77.7548829103
77.786127381
77.8143752504
77.8395350358
77.8615224243
77.8802616838
77.8956865474
77.9077422969
77.9163855462
77.9215844624
77.9233195631
77.9215839139
77.9163844307
77.9077406893
77.8956843989
77.880259063
77.8615193638
77.8395315621
77.8143714287
77.7861232359
77.754878512
77.7207352491
77.6837975831
77.644173729
77.6019748988
77.5573140524
77.5103053462
77.4610636139
77.409703045
77.3563363787
77.301074037
77.2440240323
77.1852916665
77.1249789891
77.0631845823
77
77
77.0631871551
77.1249826475
77.1852958144
77.2440284508
77.3010786318
77.3563411061
77.4097078803
77.4610685214
77.5103103017
77.5573190197
77.601979842
77.6441786044
77.6838023633
77.7207398729
77.7548829086
77.7861273793
77.8143752485
77.8395350339
77.8615224224
77.8802616818
77.8956865454
77.9077422948
77.9163855442
77.9215844604
77.923319561
77.9215839118
77.9163844287
77.9077406873
77.8956843969
77.8802590611
77.8615193619
77.8395315603
77.8143714269
77.7861232342
77.7548785103
77.7207352474
77.6837975815
77.6441737275
77.6019748973
77.557314051
77.5103053449
77.4610636127
77.4097030438
77.3563363775
77.3010740359
77.2440240313
77.1852916656
77.1249789882
77.0631845815
77
77
77.0631871548
77.1249826472
77.1852958141
77.2440284505
77.3010786314
77.3563411058
77.4097078799
77.4610685209
77.5103103012
77.5573190193
77.6019798415
77.6441786039
77.6838023628
77.7207398724
77.754882908
77.7861273787
77.8143752479
77.8395350333
77.8615224217
77.8802616812
77.8956865448
77.9077422942
77.9163855435
77.9215844597
77.9233195604
77.9215839111
77.916384428
77.9077406866
77.8956843962
77.8802590604
77.8615193613
77.8395315596
77.8143714263
77.7861232336
77.7548785097
77.7207352469
77.683797581
77.6441737269
77.6019748968
77.5573140505
77.5103053444
77.4610636122
77.4097030434
77.3563363772
77.3010740356
77.244024031
77.1852916653
77.1249789879
77.0631845812
77
77
77.0631797919
77.1249749812
77.1852876919
77.244019836
77.3010695112
77.3563314711
77.4096977171
77.4610578262
77.5102990678
77.5573072503
77.6019675431
77.6441657848
77.6837890332
77.7207260516
77.7548686224
77.7861126572
77.8143601289
77.8395195493
77.8615066197
77.8802456077
77.8956702563
77.9077258502
77.9163689891
77.9215678637
77.9233029774
77.9215674067
77.9163680636
77.9077245073
77.8956684644
77.8802434229
77.861504068
77.8395166513
77.8143569377
77.7861091978
77.7548649491
77.7207221908
77.6837850433
77.6441617164
77.6019634167
77.5573031062
77.5102949377
77.4610537343
77.4096936857
77.356327529
77.301065683
77.2440161585
77.1852842451
77.1249719626
77.0631777134
77
77
77.0631797922
77.1249749815
77.1852876922
77.2440198364
77.3010695115
77.3563314715
77.4096977175
77.4610578266
77.5102990683
77.5573072508
77.6019675436
77.6441657853
77.6837890338
77.7207260522
77.754868623
77.7861126578
77.8143601295
77.8395195499
77.8615066204
77.8802456083
77.8956702569
77.9077258509
77.9163689898
77.9215678644
77.9233029781
77.9215674073
77.9163680643
77.907724508
77.895668465
77.8802434235
77.8615040686
77.8395166519
77.8143569383
77.7861091984
77.7548649497
77.7207221914
77.6837850438
77.644161717
77.6019634172
77.5573031067
77.5102949381
77.4610537347
77.4096936861
77.3563275294
77.3010656833
77.2440161589
77.1852842454
77.1249719629
77.0631777137
77
77
77.063179793
77.1249749824
77.1852876932
77.2440198374
77.3010695126
77.3563314726
77.4096977187
77.4610578279
77.5102990696
77.5573072522
77.6019675451
77.6441657868
77.6837890354
77.7207260539
77.7548686247
77.7861126596
77.8143601313
77.8395195518
77.8615066223
77.8802456103
77.8956702589
77.9077258529
77.9163689918
77.9215678665
77.9233029802
77.9215674094
77.9163680663
77.90772451
77.895668467
77.8802434255
77.8615040705
77.8395166538
77.8143569401
77.7861092001
77.7548649514
77.720722193
77.6837850454
77.6441617185
77.6019634186
77.5573031081
77.5102949395
77.461053736
77.4096936873
77.3563275305
77.3010656844
77.2440161599
77.1852842464
77.1249719638
77.0631777145
77
77
77.0631797944
77.1249749838
77.1852876948
77.2440198391
77.3010695144
77.3563314745
77.4096977207
77.46105783
77.5102990718
77.5573072545
77.6019675475
77.6441657894
77.683789038
77.7207260566
77.7548686276
77.7861126626
77.8143601343
77.8395195549
77.8615066255
77.8802456135
77.8956702622
77.9077258562
77.9163689952
77.9215678699
77.9233029836
77.9215674128
77.9163680697
77.9077245134
77.8956684703
77.8802434287
77.8615040737
77.8395166569
77.8143569432
77.7861092031
77.7548649543
77.7207221958
77.6837850481
77.644161721
77.6019634211
77.5573031104
77.5102949417
77.4610537381
77.4096936893
77.3563275324
77.3010656862
77.2440161616
77.1852842479
77.1249719653
77.0631777159
77
77
77.0631797964
77.1249749859
77.185287697
77.2440198414
77.3010695169
77.3563314771
77.4096977235
77.4610578329
77.5102990749
77.5573072577
77.6019675509
77.6441657929
77.6837890417
77.7207260605
77.7548686316
77.7861126667
77.8143601386
77.8395195593
77.86150663
77.8802456181
77.8956702669
77.9077258609
77.916369
77.9215678746
77.9233029883
77.9215674176
77.9163680744
77.9077245181
77.895668475
77.8802434333
77.8615040782
77.8395166613
77.8143569474
77.7861092072
77.7548649583
77.7207221996
77.6837850518
77.6441617246
77.6019634245
77.5573031137
77.5102949448
77.461053741
77.4096936921
77.356327535
77.3010656887
77.2440161639
77.1852842502
77.1249719674
77.0631777179
77
77
77.0631797989
77.1249749886
77.1852876998
77.2440198444
77.3010695201
77.3563314805
77.4096977271
77.4610578367
77.5102990789
77.5573072619
77.6019675553
77.6441657975
77.6837890465
77.7207260654
77.7548686367
77.786112672
77.8143601441
77.8395195649
77.8615066357
77.880245624
77.8956702728
77.907725867
77.916369006
77.9215678808
77.9233029945
77.9215674237
77.9163680805
77.9077245241
77.895668481
77.8802434392
77.861504084
77.8395166669
77.8143569529
77.7861092125
77.7548649634
77.7207222046
77.6837850566
77.6441617292
77.6019634289
77.5573031179
77.5102949488
77.4610537448
77.4096936957
77.3563275384
77.3010656919
77.244016167
77.185284253
77.12497197
77.0631777204
77
77
77.063179802
77.1249749919
77.1852877033
77.2440198481
77.301069524
77.3563314847
77.4096977315
77.4610578413
77.5102990838
77.557307267
77.6019675607
77.6441658031
77.6837890524
77.7207260715
77.754868643
77.7861126785
77.8143601508
77.8395195718
77.8615066428
77.8802456311
77.8956702801
77.9077258744
77.9163690135
77.9215678883
77.923303002
77.9215674312
77.916368088
77.9077245315
77.8956684882
77.8802434463
77.861504091
77.8395166738
77.8143569596
77.786109219
77.7548649697
77.7207222107
77.6837850624
77.6441617348
77.6019634342
77.557303123
77.5102949536
77.4610537495
77.4096937001
77.3563275426
77.3010656958
77.2440161707
77.1852842565
77.1249719733
77.0631777235
77
77
77.0631798056
77.1249749957
77.1852877074
77.2440198525
77.3010695286
77.3563314896
77.4096977367
77.4610578468
77.5102990895
77.5573072731
77.601967567
77.6441658097
77.6837890593
77.7207260787
77.7548686504
77.7861126862
77.8143601587
77.8395195799
77.8615066511
77.8802456396
77.8956702887
77.9077258831
77.9163690223
77.9215678971
77.9233030109
77.92156744
77.9163680968
77.9077245402
77.8956684969
77.8802434548
77.8615040993
77.8395166819
77.8143569675
77.7861092267
77.7548649771
77.7207222179
77.6837850693
77.6441617414
77.6019634405
77.557303129
77.5102949594
77.4610537549
77.4096937053
77.3563275475
77.3010657004
77.244016175
77.1852842606
77.1249719772
77.0631777271
77
77
77.0631798098
77.1249750002
77.1852877122
77.2440198576
77.301069534
77.3563314953
77.4096977427
77.4610578531
77.5102990962
77.5573072801
77.6019675743
77.6441658174
77.6837890672
77.720726087
77.754868659
77.7861126951
77.8143601678
77.8395195892
77.8615066607
77.8802456494
77.8956702987
77.9077258932
77.9163690325
77.9215679073
77.9233030211
77.9215674502
77.916368107
77.9077245503
77.8956685068
77.8802434646
77.8615041089
77.8395166913
77.8143569766
77.7861092356
77.7548649857
77.7207222261
77.6837850773
77.644161749
77.6019634479
77.557303136
77.510294966
77.4610537612
77.4096937113
77.3563275532
77.3010657058
77.2440161801
77.1852842654
77.1249719817
77.0631777313
77
77
77.0631798122
77.1249750028
77.185287715
77.2440198605
77.3010695371
77.3563314986
77.4096977462
77.4610578568
77.5102991001
77.5573072841
77.6019675786
77.6441658218
77.6837890719
77.7207260918
77.754868664
77.7861127002
77.8143601731
77.8395195947
77.8615066663
77.8802456551
77.8956703045
77.907725899
77.9163690384
77.9215679133
77.9233030271
77.9215674562
77.9163681129
77.9077245562
77.8956685126
77.8802434703
77.8615041145
77.8395166968
77.814356982
77.7861092408
77.7548649907
77.720722231
77.6837850819
77.6441617535
77.6019634521
77.5573031401
77.5102949699
77.4610537649
77.4096937148
77.3563275565
77.3010657089
77.244016183
77.1852842681
77.1249719843
77.0631777337
77
77
77.0631798147
77.1249750055
77.1852877178
77.2440198635
77.3010695403
77.356331502
77.4096977498
77.4610578606
77.510299104
77.5573072883
77.601967583
77.6441658264
77.6837890766
77.7207260967
77.7548686692
77.7861127055
77.8143601786
77.8395196003
77.861506672
77.880245661
77.8956703104
77.9077259051
77.9163690445
77.9215679194
77.9233030332
77.9215674623
77.916368119
77.9077245622
77.8956685186
77.8802434762
77.8615041203
77.8395167024
77.8143569874
77.7861092461
77.7548649959
77.7207222359
77.6837850867
77.6441617581
77.6019634565
77.5573031443
77.5102949739
77.4610537687
77.4096937184
77.3563275599
77.3010657121
77.2440161861
77.185284271
77.1249719869
77.0631777362
77
77
77.0631812762
77.1249765658
77.1852893768
77.2440216249
77.3010714073
77.3563334774
77.4096998359
77.4610600597
77.5103014174
77.5573097165
77.6019701252
77.6441684815
77.6837918428
77.7207289709
77.7548716472
77.7861157814
77.8143633457
77.8395228514
77.8615099985
77.8802490536
77.8956737575
77.9077293953
77.9163725664
77.9215714608
77.9233065815
77.9215710037
77.9163716409
77.9077280525
77.8956719656
77.8802468687
77.8615074468
77.8395199535
77.8143601544
77.7861123219
77.7548679739
77.7207251101
77.6837878528
77.6441644132
77.6019659988
77.5573055724
77.5102972873
77.4610559678
77.4096958045
77.3563295353
77.3010675792
77.2440179474
77.1852859299
77.1249735472
77.0631791977
77
77
77.0631827437
77.1249781326
77.1852910426
77.2440233935
77.3010732821
77.3563354611
77.4097019308
77.461062268
77.5103037405
77.5573121549
77.6019726782
77.6441711478
77.6837946207
77.7207318573
77.7548746379
77.7861188703
77.8143665262
77.8395261163
77.8615133392
77.8802524606
77.8956772192
77.9077329005
77.9163761033
77.9215750173
77.9233101449
77.9215745602
77.9163751779
77.9077315577
77.8956754273
77.8802502757
77.8615107875
77.8395232184
77.8143633349
77.7861154108
77.7548709646
77.7207279965
77.6837906307
77.6441670795
77.6019685518
77.5573080108
77.5102996104
77.4610581761
77.4096978993
77.3563315189
77.301069454
77.244019716
77.1852875957
77.124975114
77.0631806651
77
77
77.0631842172
77.1249797058
77.1852927153
77.2440251695
77.3010751647
77.356337453
77.4097040344
77.4610644855
77.5103060733
77.5573146035
77.601975242
77.6441738254
77.6837974103
77.7207347559
77.7548776413
77.7861219722
77.8143697202
77.8395293951
77.8615166941
77.8802558822
77.8956806956
77.9077364206
77.9163796554
77.9215785889
77.9233137234
77.9215781319
77.9163787299
77.9077350778
77.8956789038
77.8802536972
77.8615141424
77.8395264972
77.8143665289
77.7861185128
77.754873968
77.720730895
77.6837934203
77.6441697571
77.6019711155
77.5573104594
77.5103019432
77.4610603936
77.4097000029
77.3563335108
77.3010713366
77.244021492
77.1852892684
77.1249766871
77.0631821386
77
77
77.0631856968
77.1249812855
77.1852943949
77.2440269528
77.301077055
77.3563394532
77.4097061468
77.4610667123
77.5103084158
77.5573170624
77.6019778164
77.6441765142
77.6838002117
77.7207376667
77.7548806573
77.7861250873
77.8143729277
77.8395326877
77.8615200632
77.8802593182
77.8956841868
77.9077399556
77.9163832224
77.9215821757
77.9233173172
77.9215817187
77.916382297
77.9077386129
77.895682395
77.8802571332
77.8615175115
77.8395297898
77.8143697364
77.7861216279
77.7548769841
77.7207338058
77.6837962216
77.6441724459
77.60197369
77.5573129183
77.5103042857
77.4610626204
77.4097021153
77.356335511
77.301073227
77.2440232753
77.1852909479
77.1249782668
77.0631836181
77
77
77.0631871824
77.1249828716
77.1852960813
77.2440287435
77.3010789532
77.3563414617
77.409708268
77.4610689483
77.510310768
77.5573195315
77.6019804016
77.6441792142
77.6838030247
77.7207405897
77.7548836859
77.7861282155
77.8143761487
77.8395359942
77.8615234465
77.8802627687
77.8956876928
77.9077435055
77.9163868046
77.9215857776
77.9233209261
77.9215853206
77.9163858791
77.9077421628
77.895685901
77.8802605837
77.8615208949
77.8395330963
77.8143729573
77.786124756
77.7548800127
77.7207367288
77.6837990347
77.6441751459
77.6019762752
77.5573153873
77.510306638
77.4610648564
77.4097042364
77.3563375194
77.3010751252
77.244025066
77.1852926344
77.1249798528
77.0631851037
77
77
77.0631886741
77.1249844642
77.1852977746
77.2440305414
77.3010808591
77.3563434784
77.4097103978
77.4610711935
77.51031313
77.5573220108
77.6019829976
77.6441819255
77.6838058495
77.7207435249
77.7548867273
77.7861313567
77.8143793832
77.8395393146
77.861526844
77.8802662337
77.8956912134
77.9077470704
77.9163904018
77.9215893947
77.9233245502
77.9215889377
77.9163894763
77.9077457277
77.8956894216
77.8802640486
77.8615242924
77.8395364167
77.8143761918
77.7861278973
77.7548830541
77.7207396639
77.6838018594
77.6441778572
77.6019788711
77.5573178667
77.510309
77.4610671016
77.4097063662
77.3563395361
77.3010770311
77.2440268639
77.1852943277
77.1249814453
77.0631865953
77
77
77.0631886746
77.1249844648
77.1852977753
77.2440305421
77.3010808598
77.3563434792
77.4097103986
77.4610711943
77.5103131309
77.5573220117
77.6019829986
77.6441819265
77.6838058506
77.720743526
77.7548867284
77.7861313579
77.8143793845
77.8395393159
77.8615268453
77.8802662351
77.8956912148
77.9077470717
77.9163904031
77.9215893961
77.9233245516
77.9215889391
77.9163894777
77.9077457291
77.895689423
77.8802640499
77.8615242937
77.839536418
77.814376193
77.7861278985
77.7548830553
77.7207396651
77.6838018605
77.6441778582
77.6019788721
77.5573178676
77.5103090009
77.4610671025
77.409706367
77.3563395369
77.3010770319
77.2440268646
77.1852943283
77.1249814459
77.0631865958
77
77
77.0631887142
77.1249845073
77.1852978205
77.2440305902
77.3010809108
77.3563435332
77.4097104557
77.4610712546
77.5103131944
77.5573220784
77.6019830685
77.6441819996
77.6838059268
77.7207436053
77.7548868107
77.786131443
77.8143794722
77.839539406
77.8615269376
77.8802663293
77.8956913106
77.9077471689
77.9163905012
77.9215894948
77.9233246506
77.9215890379
77.9163895761
77.9077458266
77.8956895194
77.8802641448
77.8615243868
77.839536509
77.8143762817
77.7861279847
77.7548831387
77.7207397456
77.683801938
77.6441779326
77.6019789433
77.5573179356
77.5103090656
77.461067164
77.4097064254
77.3563395921
77.301077084
77.2440269138
77.1852943746
77.1249814895
77.0631866365
77
77
77.063188675
77.1249844658
77.1852977763
77.2440305433
77.3010808611
77.3563434806
77.4097104001
77.461071196
77.5103131327
77.5573220137
77.6019830007
77.6441819288
77.683805853
77.7207435287
77.7548867313
77.786131361
77.8143793877
77.8395393193
77.861526849
77.8802662389
77.8956912188
77.907747076
77.9163904076
77.9215894007
77.9233245564
77.921588944
77.9163894827
77.9077457342
77.8956894282
77.8802640552
77.8615242989
77.8395364233
77.8143761982
77.7861279037
77.7548830604
77.7207396701
77.6838018655
77.644177863
77.6019788768
77.5573178721
77.5103090053
77.4610671067
77.409706371
77.3563395407
77.3010770355
77.2440268681
77.1852943316
77.1249814491
77.0631865983
77
77
77.0631886722
77.1249844628
77.1852977732
77.2440305399
77.3010808575
77.3563434768
77.4097103961
77.4610711917
77.5103131282
77.557322009
77.6019829958
77.6441819236
77.6838058477
77.7207435231
77.7548867255
77.786131355
77.8143793816
77.839539313
77.8615268426
77.8802662324
77.8956912121
77.9077470693
77.9163904007
77.9215893938
77.9233245495
77.9215889371
77.9163894759
77.9077457274
77.8956894215
77.8802640486
77.8615242925
77.839536417
77.8143761921
77.7861278978
77.7548830546
77.7207396646
77.6838018601
77.6441778579
77.6019788719
77.5573178675
77.5103090008
77.4610671024
77.409706367
77.3563395369
77.3010770319
77.2440268647
77.1852943284
77.1249814461
77.0631865955
77
77
77.0631886695
77.1249844599
77.1852977701
77.2440305366
77.301080854
77.3563434731
77.4097103922
77.4610711876
77.5103131239
77.5573220044
77.601982991
77.6441819187
77.6838058425
77.7207435177
77.75488672
77.7861313493
77.8143793757
77.8395393069
77.8615268363
77.880266226
77.8956912057
77.9077470627
77.9163903941
77.9215893872
77.9233245428
77.9215889305
77.9163894693
77.9077457209
77.895689415
77.8802640423
77.8615242863
77.8395364109
77.8143761862
77.786127892
77.7548830491
77.7207396592
77.6838018549
77.6441778529
77.6019788671
77.5573178629
77.5103089965
77.4610670983
77.4097063631
77.3563395332
77.3010770284
77.2440268614
77.1852943253
77.1249814432
77.0631865928
77
77
77.0631886653
77.1249844554
77.1852977653
77.2440305316
77.3010808486
77.3563434674
77.4097103862
77.4610711813
77.5103131173
77.5573219975
77.6019829837
77.644181911
77.6838058346
77.7207435094
77.7548867114
77.7861313404
77.8143793665
77.8395392976
77.8615268267
77.8802662162
77.8956911957
77.9077470526
77.916390384
77.921589377
77.9233245326
77.9215889203
77.9163894591
77.9077457108
77.8956894051
77.8802640325
77.8615242767
77.8395364015
77.8143761771
77.7861278831
77.7548830405
77.7207396509
77.683801847
77.6441778453
77.6019788598
77.5573178559
77.5103089898
77.461067092
77.4097063571
77.3563395276
77.3010770231
77.2440268564
77.1852943206
77.1249814387
77.0631865886
77
77
77.0631886616
77.1249844515
77.1852977612
77.2440305272
77.301080844
77.3563434625
77.409710381
77.4610711758
77.5103131115
77.5573219914
77.6019829774
77.6441819044
77.6838058277
77.7207435023
77.7548867039
77.7861313327
77.8143793586
77.8395392894
77.8615268184
77.8802662077
77.8956911871
77.9077470439
77.9163903752
77.9215893681
77.9233245237
77.9215889114
77.9163894503
77.9077457021
77.8956893965
77.880264024
77.8615242684
77.8395363934
77.8143761691
77.7861278755
77.754883033
77.7207396437
77.6838018401
77.6441778387
77.6019788535
77.5573178499
77.5103089841
77.4610670865
77.4097063519
77.3563395226
77.3010770185
77.244026852
77.1852943165
77.1249814348
77.0631865849
77
77
77.0631886585
77.1249844483
77.1852977577
77.2440305235
77.3010808401
77.3563434584
77.4097103766
77.4610711712
77.5103131066
77.5573219863
77.601982972
77.6441818988
77.6838058218
77.7207434962
77.7548866976
77.7861313262
77.8143793519
77.8395392825
77.8615268114
77.8802662005
77.8956911798
77.9077470365
77.9163903677
77.9215893606
77.9233245162
77.9215889039
77.9163894429
77.9077456947
77.8956893892
77.8802640168
77.8615242613
77.8395363865
77.8143761624
77.7861278689
77.7548830267
77.7207396377
77.6838018342
77.6441778331
77.6019788481
77.5573178448
77.5103089792
77.4610670819
77.4097063475
77.3563395185
77.3010770145
77.2440268483
77.185294313
77.1249814316
77.0631865818
77
77
77.063188656
77.1249844456
77.1852977549
77.2440305204
77.3010808369
77.356343455
77.4097103731
77.4610711674
77.5103131026
77.5573219821
77.6019829676
77.6441818942
77.683805817
77.7207434912
77.7548866925
77.7861313209
77.8143793464
77.8395392769
77.8615268056
77.8802661947
77.8956911738
77.9077470305
77.9163903616
77.9215893545
77.9233245101
77.9215888978
77.9163894368
77.9077456886
77.8956893832
77.8802640109
77.8615242556
77.8395363809
77.814376157
77.7861278636
77.7548830216
77.7207396327
77.6838018295
77.6441778285
77.6019788437
77.5573178406
77.5103089752
77.4610670781
77.4097063439
77.3563395151
77.3010770113
77.2440268453
77.1852943101
77.1249814289
77.0631865793
77
77
77.0631886541
77.1249844435
77.1852977526
77.2440305181
77.3010808344
77.3563434523
77.4097103703
77.4610711645
77.5103130995
77.5573219788
77.6019829642
77.6441818907
77.6838058133
77.7207434874
77.7548866885
77.7861313168
77.8143793422
77.8395392725
77.8615268011
77.8802661901
77.8956911692
77.9077470258
77.9163903569
77.9215893497
77.9233245053
77.921588893
77.916389432
77.9077456839
77.8956893786
77.8802640064
77.8615242511
77.8395363765
77.8143761527
77.7861278595
77.7548830176
77.7207396288
77.6838018257
77.6441778249
77.6019788403
77.5573178373
77.5103089721
77.4610670751
77.4097063412
77.3563395124
77.3010770088
77.2440268429
77.1852943079
77.1249814268
77.0631865773
77
77
77.0631886527
77.124984442
77.1852977511
77.2440305164
77.3010808326
77.3563434504
77.4097103683
77.4610711624
77.5103130973
77.5573219765
77.6019829617
77.6441818881
77.6838058107
77.7207434846
77.7548866856
77.7861313138
77.8143793391
77.8395392694
77.8615267979
77.8802661868
77.8956911659
77.9077470224
77.9163903535
77.9215893463
77.9233245019
77.9215888896
77.9163894286
77.9077456806
77.8956893752
77.8802640031
77.8615242479
77.8395363734
77.8143761497
77.7861278565
77.7548830147
77.7207396261
77.6838018231
77.6441778224
77.6019788379
77.557317835
77.5103089699
77.461067073
77.4097063392
77.3563395105
77.301077007
77.2440268413
77.1852943063
77.1249814253
77.0631865759
77
77
77.0631886518
77.1249844411
77.1852977501
77.2440305154
77.3010808315
77.3563434493
77.4097103671
77.4610711611
77.510313096
77.5573219751
77.6019829603
77.6441818866
77.6838058091
77.7207434829
77.7548866839
77.786131312
77.8143793373
77.8395392675
77.861526796
77.8802661849
77.8956911639
77.9077470204
77.9163903514
77.9215893443
77.9233244998
77.9215888875
77.9163894266
77.9077456786
77.8956893733
77.8802640011
77.861524246
77.8395363715
77.8143761478
77.7861278548
77.754883013
77.7207396244
77.6838018215
77.6441778208
77.6019788364
77.5573178336
77.5103089685
77.4610670718
77.409706338
77.3563395094
77.301077006
77.2440268402
77.1852943054
77.1249814244
77.0631865751
77
77
77.0631886515
77.1249844408
77.1852977498
77.2440305151
77.3010808311
77.3563434489
77.4097103667
77.4610711607
77.5103130955
77.5573219747
77.6019829598
77.6441818861
77.6838058085
77.7207434824
77.7548866833
77.7861313114
77.8143793367
77.8395392669
77.8615267954
77.8802661842
77.8956911632
77.9077470197
77.9163903508
77.9215893436
77.9233244991
77.9215888869
77.9163894259
77.9077456779
77.8956893726
77.8802640005
77.8615242453
77.8395363709
77.8143761472
77.7861278542
77.7548830124
77.7207396239
77.683801821
77.6441778203
77.6019788359
77.5573178331
77.5103089681
77.4610670714
77.4097063376
77.356339509
77.3010770056
77.2440268399
77.1852943051
77.1249814241
77.0631865748
77
77
77.0631809181
77.1249763684
77.185289194
77.2440214391
77.301071221
77.3563332935
77.4096996545
77.4610598862
77.5103012534
77.5573095657
77.6019699909
77.6441683664
77.6837917495
77.7207289028
77.7548716119
77.7861157782
77.8143633801
77.8395229242
77.8615101131
77.8802492128
77.8956739639
77.9077296518
77.9163728663
77.9215718096
77.9233069782
77.9215714433
77.9163721275
77.9077285749
77.8956725272
77.8802474644
77.8615080704
77.8395206015
77.8143608203
77.786113003
77.7548686634
77.7207258082
77.6837885518
77.644165108
77.6019666835
77.5573062481
77.51029795
77.4610566127
77.4096964306
77.356330139
77.3010681605
77.2440185021
77.1852864443
77.1249739758
77.0631792975
77
77
77.0631809183
77.1249763687
77.1852891943
77.2440214394
77.3010712214
77.3563332939
77.4096996549
77.4610598867
77.5103012538
77.5573095662
77.6019699914
77.6441683669
77.6837917501
77.7207289034
77.7548716125
77.7861157788
77.8143633807
77.8395229248
77.8615101138
77.8802492134
77.8956739645
77.9077296524
77.9163728669
77.9215718103
77.9233069788
77.9215714439
77.9163721281
77.9077285756
77.8956725279
77.8802474651
77.861508071
77.8395206021
77.814360821
77.7861130036
77.754868664
77.7207258088
77.6837885523
77.6441651085
77.601966684
77.5573062486
77.5102979504
77.4610566131
77.409696431
77.3563301394
77.3010681609
77.2440185024
77.1852864446
77.1249739761
77.0631792978
77
77
77.0631809192
77.1249763696
77.1852891953
77.2440214404
77.3010712224
77.356333295
77.4096996561
77.4610598879
77.5103012551
77.5573095676
77.6019699929
77.6441683685
77.6837917517
77.720728905
77.7548716142
77.7861157806
77.8143633825
77.8395229267
77.8615101157
77.8802492154
77.8956739665
77.9077296545
77.916372869
77.9215718124
77.9233069809
77.921571446
77.9163721302
77.9077285776
77.8956725299
77.880247467
77.861508073
77.839520604
77.8143608228
77.7861130054
77.7548686657
77.7207258104
77.6837885539
77.64416511
77.6019666854
77.55730625
77.5102979518
77.4610566144
77.4096964322
77.3563301405
77.301068162
77.2440185034
77.1852864455
77.124973977
77.0631792987
77
77
77.0631809206
77.1249763711
77.1852891968
77.2440214421
77.3010712242
77.3563332969
77.4096996581
77.46105989
77.5103012574
77.5573095699
77.6019699953
77.644168371
77.6837917543
77.7207289078
77.7548716171
77.7861157835
77.8143633856
77.8395229298
77.8615101189
77.8802492186
77.8956739698
77.9077296578
77.9163728724
77.9215718158
77.9233069843
77.9215714494
77.9163721335
77.907728581
77.8956725332
77.8802474703
77.8615080762
77.8395206071
77.8143608258
77.7861130083
77.7548686685
77.7207258132
77.6837885565
77.6441651125
77.6019666879
77.5573062523
77.510297954
77.4610566165
77.4096964342
77.3563301424
77.3010681638
77.2440185051
77.1852864471
77.1249739785
77.0631793001
77
77
77.0631809225
77.1249763732
77.1852891991
77.2440214445
77.3010712267
77.3563332995
77.4096996609
77.461059893
77.5103012605
77.5573095732
77.6019699987
77.6441683746
77.683791758
77.7207289117
77.7548716211
77.7861157877
77.8143633898
77.8395229342
77.8615101234
77.8802492232
77.8956739745
77.9077296625
77.9163728771
77.9215718206
77.9233069891
77.9215714542
77.9163721383
77.9077285857
77.8956725379
77.8802474748
77.8615080806
77.8395206115
77.8143608301
77.7861130125
77.7548686725
77.720725817
77.6837885603
77.6441651161
77.6019666913
77.5573062556
77.5102979571
77.4610566194
77.409696437
77.356330145
77.3010681663
77.2440185075
77.1852864493
77.1249739805
77.063179302
77
77
77.063180925
77.1249763759
77.1852892019
77.2440214475
77.3010712299
77.3563333029
77.4096996645
77.4610598968
77.5103012644
77.5573095774
77.6019700031
77.6441683792
77.6837917628
77.7207289166
77.7548716262
77.786115793
77.8143633953
77.8395229398
77.8615101291
77.8802492291
77.8956739804
77.9077296686
77.9163728832
77.9215718267
77.9233069952
77.9215714603
77.9163721444
77.9077285917
77.8956725438
77.8802474807
77.8615080864
77.8395206171
77.8143608356
77.7861130178
77.7548686777
77.720725822
77.683788565
77.6441651207
77.6019666957
77.5573062598
77.5102979611
77.4610566232
77.4096964406
77.3563301484
77.3010681695
77.2440185105
77.1852864522
77.1249739832
77.0631793045
77
77
77.0631809281
77.1249763792
77.1852892054
77.2440214512
77.3010712338
77.3563333071
77.4096996689
77.4610599014
77.5103012693
77.5573095825
77.6019700085
77.6441683848
77.6837917687
77.7207289227
77.7548716325
77.7861157995
77.814363402
77.8395229467
77.8615101362
77.8802492363
77.8956739877
77.9077296759
77.9163728907
77.9215718342
77.9233070027
77.9215714678
77.9163721518
77.9077285991
77.8956725511
77.8802474879
77.8615080934
77.839520624
77.8143608423
77.7861130243
77.754868684
77.7207258281
77.6837885709
77.6441651263
77.601966701
77.5573062649
77.5102979659
77.4610566278
77.409696445
77.3563301526
77.3010681734
77.2440185142
77.1852864557
77.1249739865
77.0631793076
77
77
77.0631809317
77.124976383
77.1852892095
77.2440214556
77.3010712385
77.356333312
77.4096996741
77.4610599069
77.5103012751
77.5573095885
77.6019700148
77.6441683914
77.6837917756
77.7207289299
77.7548716399
77.7861158072
77.8143634099
77.8395229548
77.8615101445
77.8802492447
77.8956739963
77.9077296847
77.9163728995
77.921571843
77.9233070116
77.9215714767
77.9163721607
77.9077286079
77.8956725597
77.8802474964
77.8615081018
77.8395206321
77.8143608502
77.786113032
77.7548686914
77.7207258353
77.6837885778
77.6441651329
77.6019667074
77.5573062709
77.5102979717
77.4610566333
77.4096964501
77.3563301575
77.301068178
77.2440185186
77.1852864598
77.1249739904
77.0631793112
77
77
77.0631809359
77.1249763875
77.1852892143
77.2440214606
77.3010712438
77.3563333177
77.40969968
77.4610599132
77.5103012817
77.5573095955
77.6019700221
77.644168399
77.6837917835
77.7207289381
77.7548716485
77.786115816
77.814363419
77.8395229642
77.8615101541
77.8802492545
77.8956740063
77.9077296948
77.9163729096
77.9215718533
77.9233070219
77.9215714869
77.9163721708
77.9077286179
77.8956725697
77.8802475062
77.8615081113
77.8395206415
77.8143608593
77.7861130408
77.7548687
77.7207258435
77.6837885857
77.6441651406
77.6019667147
77.5573062779
77.5102979783
77.4610566396
77.4096964561
77.3563301632
77.3010681834
77.2440185236
77.1852864645
77.1249739948
77.0631793154
77
77
77.0631809383
77.1249763901
77.185289217
77.2440214636
77.301071247
77.356333321
77.4096996835
77.4610599169
77.5103012856
77.5573095996
77.6019700264
77.6441684035
77.6837917882
77.720728943
77.7548716535
77.7861158212
77.8143634244
77.8395229696
77.8615101597
77.8802492602
77.8956740121
77.9077297006
77.9163729156
77.9215718592
77.9233070278
77.9215714928
77.9163721767
77.9077286238
77.8956725755
77.8802475119
77.8615081169
77.839520647
77.8143608646
77.786113046
77.754868705
77.7207258484
77.6837885904
77.644165145
77.601966719
77.557306282
77.5102979822
77.4610566433
77.4096964596
77.3563301665
77.3010681865
77.2440185266
77.1852864673
77.1249739974
77.0631793178
77
77
77.0631809409
77.1249763928
77.1852892199
77.2440214666
77.3010712502
77.3563333244
77.4096996871
77.4610599207
77.5103012896
77.5573096038
77.6019700308
77.6441684081
77.6837917929
77.7207289479
77.7548716587
77.7861158265
77.8143634298
77.8395229753
77.8615101654
77.8802492661
77.8956740181
77.9077297067
77.9163729217
77.9215718654
77.923307034
77.921571499
77.9163721828
77.9077286298
77.8956725815
77.8802475177
77.8615081227
77.8395206526
77.8143608701
77.7861130513
77.7548687101
77.7207258533
77.6837885952
77.6441651496
77.6019667234
77.5573062862
77.5102979862
77.4610566471
77.4096964632
77.3563301699
77.3010681897
77.2440185296
77.1852864702
77.1249740001
77.0631793203
77
77
77.0631824028
77.1249779536
77.1852908794
77.2440232285
77.3010731179
77.3563353004
77.4097017739
77.4610621204
77.5103036037
77.5573120327
77.6019725739
77.644171064
77.68379456
77.720731823
77.7548746377
77.7861189033
77.8143665979
77.8395262273
77.861513493
77.8802526597
77.8956774662
77.9077331981
77.9163764447
77.9215754078
77.9233105834
77.9215750415
77.9163757059
77.9077321212
77.8956760296
77.8802509114
77.8615114503
77.8395239047
77.8143640381
77.7861161281
77.7548716891
77.7207287284
77.6837913622
77.6441678055
77.6019692664
77.5573087151
77.5103003003
77.4610588469
77.40969855
77.3563321459
77.3010700574
77.2440202915
77.1852881296
77.1249755609
77.0631807823
77
77
77.0631838708
77.1249795208
77.1852925457
77.2440249977
77.3010749933
77.3563372847
77.4097038695
77.4610643295
77.5103059274
77.5573144719
77.6019751277
77.6441737312
77.6837973388
77.7207347103
77.7548776294
77.7861219932
77.8143697794
77.8395294933
77.8615168349
77.8802560678
77.8956809291
77.9077367044
77.9163799827
77.9215789654
77.9233141479
77.9215785991
77.916379244
77.9077356275
77.8956794924
77.8802543195
77.861514792
77.8395271706
77.8143672196
77.786119218
77.7548746808
77.7207316157
77.683794141
77.6441704727
77.6019718203
77.5573111543
77.5103026241
77.4610610559
77.4097006456
77.3563341303
77.3010719328
77.2440220608
77.185289796
77.1249771282
77.0631822502
77
77
77.0631853448
77.1249810945
77.185294219
77.2440267743
77.3010768766
77.3563392772
77.4097059737
77.4610665477
77.510308261
77.5573169213
77.6019776923
77.6441764097
77.6838001293
77.7207376098
77.7548806337
77.7861250962
77.8143729744
77.8395327731
77.8615201909
77.8802594904
77.8956844067
77.9077402256
77.9163835358
77.9215825381
77.9233177276
77.9215821719
77.9163827971
77.9077391488
77.89568297
77.8802577421
77.861518148
77.8395304504
77.8143704146
77.786122321
77.7548776851
77.7207345152
77.6837969314
77.6441731511
77.6019743848
77.5573136037
77.5103049577
77.4610632742
77.4097027499
77.3563361228
77.301073816
77.2440238373
77.1852914692
77.1249787018
77.0631837242
77
77
77.0631868248
77.1249826746
77.1852958991
77.2440285582
77.3010787676
77.356341278
77.4097080868
77.4610687752
77.5103106042
77.5573193809
77.6019802676
77.6441790993
77.6838029316
77.7207405215
77.7548836507
77.7861282123
77.8143761829
77.8395360667
77.8615235611
77.8802629274
77.895687899
77.9077437618
77.916387104
77.9215861259
77.9233213225
77.9215857598
77.9163863653
77.9077426849
77.8956864623
77.8802611792
77.8615215182
77.839533744
77.8143736231
77.786125437
77.7548807021
77.7207374269
77.6837997336
77.6441758408
77.6019769601
77.5573160634
77.510307301
77.4610655017
77.409704863
77.3563381237
77.301075707
77.2440256212
77.1852931493
77.124980282
77.0631852042
77
77
77.0631883109
77.1249842612
77.1852975861
77.2440303494
77.3010806665
77.356343287
77.4097102085
77.4610710118
77.5103129572
77.5573218508
77.6019828536
77.6441818002
77.6838057456
77.7207434454
77.7548866804
77.7861313415
77.8143794049
77.8395393742
77.8615269454
77.880266379
77.895691406
77.9077473128
77.9163906873
77.9215897289
77.9233249326
77.9215893629
77.9163899486
77.907746236
77.8956899693
77.8802646307
77.8615249025
77.8395370515
77.8143768451
77.7861285662
77.7548837317
77.7207403508
77.6838025476
77.6441785417
77.6019795461
77.5573185333
77.510309654
77.4610677384
77.4097069848
77.3563401328
77.3010776058
77.2440274125
77.1852948362
77.1249818686
77.0631866903
77
77
77.063189803
77.1249858542
77.1852992799
77.2440321479
77.3010825731
77.3563453043
77.4097123391
77.4610732578
77.5103153199
77.5573243309
77.6019854504
77.6441845124
77.6838085712
77.7207463815
77.7548897227
77.7861344837
77.8143826404
77.8395426956
77.861530344
77.880269845
77.8956949278
77.9077508788
77.9163942856
77.9215933471
77.9233285579
77.9215929811
77.9163935469
77.907749802
77.895693491
77.8802680968
77.8615283011
77.8395403729
77.8143800806
77.7861317084
77.754886774
77.7207432869
77.6838053732
77.6441812538
77.6019821429
77.5573210134
77.5103120168
77.4610699843
77.4097091153
77.3563421501
77.3010795123
77.244029211
77.1852965301
77.1249834616
77.0631881824
77
77
77.0631898036
77.1249858548
77.1852992806
77.2440321486
77.3010825738
77.3563453051
77.4097123399
77.4610732586
77.5103153208
77.5573243318
77.6019854514
77.6441845134
77.6838085723
77.7207463826
77.7548897239
77.7861344849
77.8143826416
77.8395426969
77.8615303453
77.8802698464
77.8956949292
77.9077508802
77.916394287
77.9215933485
77.9233285593
77.9215929825
77.9163935483
77.9077498033
77.8956934924
77.8802680981
77.8615283024
77.8395403742
77.8143800818
77.7861317096
77.7548867751
77.7207432881
77.6838053743
77.6441812548
77.6019821439
77.5573210144
77.5103120177
77.4610699852
77.4097091161
77.3563421509
77.3010795131
77.2440292117
77.1852965307
77.1249834622
77.0631881829
77
77
77.0631898432
77.1249858973
77.1852993258
77.2440321967
77.3010826248
77.3563453591
77.409712397
77.4610733189
77.5103153843
77.5573243985
77.6019855214
77.6441845866
77.6838086486
77.720746462
77.7548898062
77.78613457
77.8143827293
77.839542787
77.8615304377
77.8802699406
77.895695025
77.9077509774
77.9163943851
77.9215934473
77.9233286583
77.9215930814
77.9163936467
77.9077499009
77.8956935888
77.8802681931
77.8615283955
77.8395404652
77.8143801706
77.7861317958
77.7548868586
77.7207433686
77.6838054518
77.6441813292
77.6019822151
77.5573210824
77.5103120825
77.4610700468
77.4097091745
77.3563422062
77.3010795653
77.2440292609
77.1852965771
77.1249835058
77.0631882236
77
77
77.063189804
77.1249858558
77.1852992817
77.2440321498
77.3010825751
77.3563453065
77.4097123414
77.4610732603
77.5103153226
77.5573243338
77.6019854536
77.6441845158
77.6838085749
77.7207463853
77.7548897268
77.7861344881
77.814382645
77.8395427004
77.8615303491
77.8802698503
77.8956949333
77.9077508846
77.9163942915
77.9215933532
77.9233285641
77.9215929876
77.9163935535
77.9077498086
77.8956934977
77.8802681035
77.8615283077
77.8395403795
77.8143800872
77.7861317149
77.7548867804
77.7207432932
77.6838053793
77.6441812597
77.6019821486
77.557321019
77.5103120221
77.4610699894
77.4097091202
77.3563421548
77.3010795168
77.2440292153
77.1852965341
77.1249834654
77.0631881855
77
77
77.0631898012
77.1249858528
77.1852992785
77.2440321464
77.3010825715
77.3563453027
77.4097123374
77.4610732561
77.5103153182
77.5573243291
77.6019854487
77.6441845107
77.6838085695
77.7207463798
77.7548897211
77.7861344821
77.8143826388
77.8395426942
77.8615303427
77.8802698438
77.8956949267
77.9077508779
77.9163942847
77.9215933464
77.9233285573
77.9215929807
77.9163935466
77.9077498018
77.895693491
77.8802680969
77.8615283013
77.8395403733
77.8143800811
77.786131709
77.7548867746
77.7207432876
77.683805374
77.6441812546
77.6019821437
77.5573210143
77.5103120176
77.4610699852
77.4097091162
77.356342151
77.3010795132
77.2440292119
77.1852965309
77.1249834624
77.0631881827
77
77
77.0631897985
77.1249858499
77.1852992754
77.2440321431
77.3010825681
77.3563452991
77.4097123335
77.461073252
77.5103153138
77.5573243246
77.6019854439
77.6441845057
77.6838085644
77.7207463744
77.7548897155
77.7861344764
77.8143826329
77.8395426881
77.8615303365
77.8802698374
77.8956949202
77.9077508713
77.9163942781
77.9215933397
77.9233285506
77.9215929741
77.91639354
77.9077497953
77.8956934846
77.8802680906
77.8615282951
77.8395403672
77.8143800751
77.7861317032
77.754886769
77.7207432823
77.6838053688
77.6441812496
77.601982139
77.5573210098
77.5103120133
77.4610699811
77.4097091123
77.3563421473
77.3010795097
77.2440292086
77.1852965278
77.1249834595
77.0631881799
77
77
77.0631897943
77.1249858454
77.1852992707
77.2440321381
77.3010825627
77.3563452934
77.4097123275
77.4610732457
77.5103153072
77.5573243176
77.6019854366
77.6441844981
77.6838085564
77.7207463661
77.7548897069
77.7861344675
77.8143826238
77.8395426787
77.8615303269
77.8802698276
77.8956949103
77.9077508612
77.9163942679
77.9215933295
77.9233285404
77.9215929639
77.9163935299
77.9077497852
77.8956934746
77.8802680808
77.8615282855
77.8395403578
77.814380066
77.7861316943
77.7548867605
77.720743274
77.6838053608
77.644181242
77.6019821317
77.5573210028
77.5103120067
77.4610699748
77.4097091063
77.3563421417
77.3010795044
77.2440292035
77.1852965231
77.124983455
77.0631881757
77
77
77.0631897906
77.1249858416
77.1852992665
77.2440321337
77.3010825581
77.3563452885
77.4097123224
77.4610732402
77.5103153014
77.5573243116
77.6019854303
77.6441844914
77.6838085495
77.720746359
77.7548896995
77.7861344598
77.8143826159
77.8395426706
77.8615303185
77.8802698191
77.8956949017
77.9077508525
77.9163942591
77.9215933207
77.9233285315
77.921592955
77.9163935211
77.9077497765
77.895693466
77.8802680723
77.8615282772
77.8395403497
77.8143800581
77.7861316867
77.754886753
77.7207432668
77.6838053539
77.6441812354
77.6019821253
77.5573209967
77.5103120009
77.4610699693
77.4097091011
77.3563421368
77.3010794997
77.2440291992
77.1852965189
77.1249834511
77.0631881721
77
77
77.0631897876
77.1249858383
77.1852992631
77.24403213
77.3010825541
77.3563452843
77.409712318
77.4610732356
77.5103152966
77.5573243064
77.6019854249
77.6441844858
77.6838085436
77.7207463529
77.7548896932
77.7861344533
77.8143826092
77.8395426637
77.8615303115
77.880269812
77.8956948944
77.9077508451
77.9163942517
77.9215933132
77.923328524
77.9215929475
77.9163935136
77.9077497691
77.8956934587
77.8802680651
77.8615282701
77.8395403428
77.8143800514
77.7861316802
77.7548867467
77.7207432608
77.6838053481
77.6441812297
77.60198212
77.5573209916
77.510311996
77.4610699647
77.4097090967
77.3563421326
77.3010794958
77.2440291955
77.1852965155
77.1249834479
77.063188169
77
77
77.063189785
77.1249858356
77.1852992602
77.244032127
77.3010825509
77.3563452809
77.4097123144
77.4610732318
77.5103152926
77.5573243023
77.6019854205
77.6441844812
77.6838085389
77.7207463479
77.754889688
77.786134448
77.8143826037
77.8395426581
77.8615303058
77.8802698061
77.8956948884
77.9077508391
77.9163942456
77.921593307
77.9233285179
77.9215929414
77.9163935075
77.907749763
77.8956934528
77.8802680593
77.8615282644
77.8395403372
77.8143800459
77.7861316748
77.7548867416
77.7207432558
77.6838053433
77.6441812252
77.6019821156
77.5573209874
77.5103119921
77.4610699609
77.4097090931
77.3563421292
77.3010794926
77.2440291924
77.1852965126
77.1249834452
77.0631881665
77
77
77.0631897831
77.1249858335
77.185299258
77.2440321246
77.3010825484
77.3563452783
77.4097123116
77.4610732288
77.5103152895
77.557324299
77.6019854171
77.6441844777
77.6838085352
77.7207463441
77.754889684
77.7861344439
77.8143825994
77.8395426537
77.8615303013
77.8802698015
77.8956948837
77.9077508344
77.9163942408
77.9215933023
77.9233285131
77.9215929366
77.9163935028
77.9077497583
77.8956934481
77.8802680547
77.8615282599
77.8395403328
77.8143800416
77.7861316707
77.7548867376
77.7207432519
77.6838053396
77.6441812216
77.6019821122
77.5573209842
77.510311989
77.461069958
77.4097090903
77.3563421266
77.3010794901
77.2440291901
77.1852965104
77.1249834431
77.0631881645
77
77
77.0631897817
77.124985832
77.1852992564
77.2440321229
77.3010825467
77.3563452764
77.4097123096
77.4610732267
77.5103152873
77.5573242967
77.6019854147
77.6441844751
77.6838085325
77.7207463413
77.7548896812
77.7861344409
77.8143825964
77.8395426506
77.8615302981
77.8802697983
77.8956948804
77.907750831
77.9163942374
77.9215932989
77.9233285097
77.9215929332
77.9163934994
77.907749755
77.8956934448
77.8802680514
77.8615282567
77.8395403297
77.8143800386
77.7861316677
77.7548867347
77.7207432492
77.683805337
77.6441812191
77.6019821097
77.5573209818
77.5103119867
77.4610699558
77.4097090883
77.3563421247
77.3010794883
77.2440291884
77.1852965088
77.1249834416
77.0631881631
77
77
77.0631897808
77.1249858311
77.1852992555
77.2440321219
77.3010825456
77.3563452753
77.4097123084
77.4610732255
77.5103152859
77.5573242953
77.6019854132
77.6441844736
77.6838085309
77.7207463397
77.7548896794
77.7861344391
77.8143825946
77.8395426487
77.8615302962
77.8802697963
77.8956948784
77.907750829
77.9163942354
77.9215932968
77.9233285076
77.9215929311
77.9163934973
77.907749753
77.8956934428
77.8802680495
77.8615282548
77.8395403278
77.8143800368
77.786131666
77.754886733
77.7207432475
77.6838053354
77.6441812175
77.6019821083
77.5573209804
77.5103119854
77.4610699546
77.4097090871
77.3563421235
77.3010794872
77.2440291874
77.1852965079
77.1249834407
77.0631881623
77
77
77.0631897805
77.1249858308
77.1852992551
77.2440321216
77.3010825452
77.3563452749
77.409712308
77.461073225
77.5103152855
77.5573242948
77.6019854127
77.6441844731
77.6838085304
77.7207463391
77.7548896789
77.7861344385
77.814382594
77.8395426481
77.8615302955
77.8802697957
77.8956948778
77.9077508283
77.9163942347
77.9215932961
77.9233285069
77.9215929305
77.9163934967
77.9077497523
77.8956934421
77.8802680488
77.8615282541
77.8395403272
77.8143800362
77.7861316654
77.7548867324
77.720743247
77.6838053348
77.644181217
77.6019821078
77.55732098
77.510311985
77.4610699542
77.4097090867
77.3563421232
77.3010794869
77.2440291871
77.1852965075
77.1249834404
77.063188162
77
77
77.0631817254
77.1249773782
77.1852902864
77.2440226067
77.3010724683
77.3563346246
77.409701074
77.4610613989
77.5103028642
77.5573112774
77.6019718046
77.644170287
77.6837937761
77.7207310375
77.7548738586
77.786118131
77.8143658404
77.8395254867
77.8615127757
77.8802519702
77.8956768097
77.9077325805
77.9163758632
77.9215748711
77.923310093
77.9215745944
77.9163753103
77.9077317706
77.895675729
77.8802506576
77.8615112409
77.8395237392
77.8143639125
77.7861160398
77.7548716344
77.7207287081
77.6837913701
77.6441678365
77.6019693158
77.5573087846
77.5103003857
77.461058943
77.409698656
77.3563322575
77.3010701728
77.2440204074
77.1852882294
77.1249755972
77.0631805339
77
77
77.0631817256
77.1249773785
77.1852902868
77.244022607
77.3010724686
77.3563346249
77.4097010744
77.4610613993
77.5103028646
77.5573112778
77.6019718051
77.6441702876
77.6837937767
77.7207310381
77.7548738591
77.7861181316
77.814365841
77.8395254874
77.8615127763
77.8802519709
77.8956768104
77.9077325812
77.9163758638
77.9215748717
77.9233100937
77.921574595
77.916375311
77.9077317713
77.8956757297
77.8802506583
77.8615112416
77.8395237398
77.8143639131
77.7861160404
77.754871635
77.7207287086
77.6837913706
77.6441678371
77.6019693163
77.5573087851
77.5103003862
77.4610589434
77.4096986564
77.3563322579
77.3010701732
77.2440204078
77.1852882298
77.1249755975
77.0631805342
77
77
77.0631817265
77.1249773793
77.1852902877
77.244022608
77.3010724697
77.3563346261
77.4097010756
77.4610614006
77.510302866
77.5573112792
77.6019718065
77.6441702891
77.6837937783
77.7207310397
77.7548738608
77.7861181334
77.8143658429
77.8395254892
77.8615127783
77.8802519728
77.8956768124
77.9077325832
77.9163758659
77.9215748738
77.9233100958
77.9215745971
77.916375313
77.9077317733
77.8956757317
77.8802506602
77.8615112435
77.8395237417
77.814363915
77.7861160421
77.7548716367
77.7207287103
77.6837913722
77.6441678386
77.6019693178
77.5573087865
77.5103003875
77.4610589447
77.4096986576
77.356332259
77.3010701742
77.2440204088
77.1852882307
77.1249755984
77.0631805351
77
77
77.0631817279
77.1249773808
77.1852902893
77.2440226097
77.3010724715
77.356334628
77.4097010776
77.4610614027
77.5103028682
77.5573112816
77.601971809
77.6441702916
77.6837937809
77.7207310425
77.7548738637
77.7861181364
77.8143658459
77.8395254924
77.8615127815
77.8802519761
77.8956768157
77.9077325866
77.9163758693
77.9215748772
77.9233100992
77.9215746005
77.9163753164
77.9077317767
77.895675735
77.8802506635
77.8615112467
77.8395237448
77.814363918
77.7861160451
77.7548716396
77.720728713
77.6837913748
77.6441678411
77.6019693202
77.5573087888
77.5103003897
77.4610589468
77.4096986596
77.3563322609
77.301070176
77.2440204104
77.1852882323
77.1249755999
77.0631805365
77
77
77.0631817298
77.1249773829
77.1852902915
77.2440226121
77.301072474
77.3563346306
77.4097010804
77.4610614056
77.5103028713
77.5573112848
77.6019718124
77.6441702952
77.6837937846
77.7207310464
77.7548738677
77.7861181405
77.8143658502
77.8395254967
77.8615127859
77.8802519807
77.8956768204
77.9077325913
77.916375874
77.921574882
77.9233101039
77.9215746053
77.9163753212
77.9077317814
77.8956757396
77.8802506681
77.8615112512
77.8395237492
77.8143639223
77.7861160492
77.7548716436
77.7207287169
77.6837913786
77.6441678447
77.6019693236
77.5573087921
77.5103003928
77.4610589497
77.4096986623
77.3563322636
77.3010701785
77.2440204128
77.1852882345
77.124975602
77.0631805384
77
77
77.0631817323
77.1249773856
77.1852902944
77.2440226151
77.3010724772
77.356334634
77.409701084
77.4610614094
77.5103028753
77.557311289
77.6019718168
77.6441702998
77.6837937894
77.7207310513
77.7548738729
77.7861181458
77.8143658556
77.8395255024
77.8615127917
77.8802519865
77.8956768263
77.9077325973
77.9163758801
77.9215748881
77.9233101101
77.9215746114
77.9163753273
77.9077317874
77.8956757456
77.8802506739
77.8615112569
77.8395237548
77.8143639278
77.7861160545
77.7548716487
77.7207287218
77.6837913833
77.6441678493
77.601969328
77.5573087962
77.5103003968
77.4610589535
77.4096986659
77.356332267
77.3010701817
77.2440204158
77.1852882374
77.1249756047
77.0631805409
77
77
77.0631817354
77.1249773889
77.1852902978
77.2440226188
77.3010724811
77.3563346382
77.4097010883
77.461061414
77.5103028801
77.5573112941
77.6019718221
77.6441703054
77.6837937952
77.7207310574
77.7548738791
77.7861181523
77.8143658623
77.8395255092
77.8615127987
77.8802519937
77.8956768336
77.9077326047
77.9163758875
77.9215748956
77.9233101176
77.9215746189
77.9163753347
77.9077317948
77.8956757529
77.8802506811
77.861511264
77.8395237617
77.8143639345
77.786116061
77.754871655
77.7207287279
77.6837913892
77.6441678549
77.6019693334
77.5573088014
77.5103004017
77.4610589581
77.4096986703
77.3563322711
77.3010701857
77.2440204195
77.1852882409
77.124975608
77.063180544
77
77
77.063181739
77.1249773927
77.185290302
77.2440226232
77.3010724857
77.3563346431
77.4097010935
77.4610614195
77.5103028859
77.5573113002
77.6019718285
77.644170312
77.6837938021
77.7207310646
77.7548738866
77.78611816
77.8143658703
77.8395255174
77.8615128071
77.8802520022
77.8956768422
77.9077326134
77.9163758964
77.9215749045
77.9233101265
77.9215746277
77.9163753435
77.9077318036
77.8956757615
77.8802506896
77.8615112723
77.8395237698
77.8143639424
77.7861160687
77.7548716625
77.7207287351
77.6837913961
77.6441678615
77.6019693397
77.5573088074
77.5103004075
77.4610589636
77.4096986755
77.356332276
77.3010701903
77.2440204239
77.185288245
77.1249756118
77.0631805476
77
77
77.0631817432
77.1249773972
77.1852903067
77.2440226282
77.3010724911
77.3563346487
77.4097010995
77.4610614258
77.5103028925
77.5573113071
77.6019718358
77.6441703196
77.6837938101
77.7207310728
77.7548738952
77.7861181689
77.8143658794
77.8395255267
77.8615128166
77.880252012
77.8956768522
77.9077326235
77.9163759065
77.9215749147
77.9233101367
77.921574638
77.9163753537
77.9077318136
77.8956757715
77.8802506994
77.8615112819
77.8395237792
77.8143639515
77.7861160776
77.754871671
77.7207287434
77.683791404
77.6441678691
77.601969347
77.5573088144
77.5103004141
77.4610589699
77.4096986815
77.3563322817
77.3010701956
77.244020429
77.1852882497
77.1249756163
77.0631805518
77
77
77.0631817456
77.1249773998
77.1852903095
77.2440226312
77.3010724942
77.3563346521
77.409701103
77.4610614295
77.5103028964
77.5573113112
77.60197184
77.6441703241
77.6837938148
77.7207310777
77.7548739002
77.786118174
77.8143658847
77.8395255322
77.8615128222
77.8802520177
77.895676858
77.9077326294
77.9163759124
77.9215749206
77.9233101427
77.9215746439
77.9163753596
77.9077318195
77.8956757773
77.8802507051
77.8615112875
77.8395237847
77.8143639568
77.7861160828
77.7548716761
77.7207287482
77.6837914087
77.6441678736
77.6019693513
77.5573088185
77.510300418
77.4610589736
77.409698685
77.356332285
77.3010701988
77.2440204319
77.1852882525
77.1249756189
77.0631805542
77
77
77.0631817482
77.1249774025
77.1852903123
77.2440226342
77.3010724974
77.3563346555
77.4097011066
77.4610614333
77.5103029004
77.5573113154
77.6019718444
77.6441703287
77.6837938195
77.7207310826
77.7548739053
77.7861181793
77.8143658902
77.8395255378
77.861512828
77.8802520236
77.895676864
77.9077326354
77.9163759185
77.9215749268
77.9233101488
77.9215746501
77.9163753657
77.9077318255
77.8956757832
77.880250711
77.8615112932
77.8395237903
77.8143639623
77.7861160881
77.7548716812
77.7207287532
77.6837914135
77.6441678782
77.6019693557
77.5573088227
77.510300422
77.4610589774
77.4096986886
77.3563322884
77.301070202
77.2440204349
77.1852882554
77.1249756216
77.0631805567
77
77
77.0631832101
77.1249789633
77.1852919718
77.2440243961
77.3010743652
77.3563366316
77.4097031935
77.4610636331
77.5103052145
77.5573137444
77.6019743876
77.6441729847
77.6837965867
77.7207339578
77.7548768844
77.7861212562
77.8143690583
77.83952879
77.8615161557
77.8802554172
77.8956803122
77.9077361269
77.9163794417
77.9215784693
77.9233136983
77.9215781926
77.9163788889
77.907735317
77.8956792314
77.8802541047
77.8615146209
77.8395270424
77.8143671304
77.7861191649
77.7548746603
77.7207316284
77.6837941806
77.6441705342
77.6019718988
77.5573112516
77.5103027361
77.4610611772
77.4097007755
77.3563342645
77.3010720697
77.2440221969
77.1852899149
77.1249771824
77.0631820187
77
77
77.0631846781
77.1249805306
77.1852936382
77.2440261654
77.3010762407
77.356338616
77.4097052891
77.4610658421
77.5103075384
77.5573161837
77.6019769415
77.644175652
77.6837993655
77.7207368452
77.7548798762
77.7861243461
77.81437224
77.839532056
77.8615194976
77.8802588254
77.8956837751
77.9077396333
77.9163829798
77.921582027
77.923317263
77.9215817503
77.916382427
77.9077388234
77.8956826943
77.8802575129
77.8615179628
77.8395303084
77.8143703119
77.7861222548
77.754877652
77.7207345158
77.6837969594
77.6441732015
77.6019744526
77.5573136909
77.51030506
77.4610633863
77.4097028711
77.3563362488
77.3010739452
77.2440239662
77.1852915812
77.1249787497
77.0631834868
77
77
77.0631861521
77.1249821044
77.1852953114
77.2440279419
77.3010781239
77.3563406086
77.4097073935
77.4610680604
77.510309872
77.5573186331
77.6019795061
77.6441783305
77.6838021561
77.7207397448
77.7548828806
77.7861274492
77.8143754351
77.8395353359
77.8615228536
77.880262248
77.8956872527
77.9077431546
77.9163865331
77.9215855998
77.9233208429
77.9215853232
77.9163859803
77.9077423448
77.8956861719
77.8802609355
77.8615213188
77.8395335883
77.814373507
77.7861253579
77.7548806563
77.7207374154
77.6837997499
77.64417588
77.6019770172
77.5573161403
77.5103073937
77.4610656046
77.4097049754
77.3563382414
77.3010758285
77.2440257428
77.1852932545
77.1249803235
77.0631849608
77
77
77.0631876322
77.1249836846
77.1852969915
77.2440297258
77.301080015
77.3563426095
77.4097095066
77.4610702878
77.5103122153
77.5573210929
77.6019820815
77.6441810202
77.6838049584
77.7207426566
77.7548858977
77.7861305653
77.8143786437
77.8395386296
77.8615262239
77.8802656851
77.8956907451
77.9077466908
77.9163901014
77.9215891877
77.9233244379
77.9215889112
77.9163895486
77.907745881
77.8956896642
77.8802643727
77.8615246891
77.839536882
77.8143767156
77.786128474
77.7548836734
77.7207403272
77.6838025522
77.6441785697
77.6019795925
77.5573186
77.510309737
77.4610678321
77.4097070885
77.3563402423
77.3010777195
77.2440275268
77.1852949346
77.1249819037
77.0631864409
77
77
77.0631891182
77.1249852712
77.1852986785
77.2440315171
77.3010819139
77.3563446187
77.4097116284
77.4610725246
77.5103145684
77.5573235628
77.6019846676
77.6441837212
77.6838077724
77.7207455806
77.7548889274
77.7861336945
77.8143818658
77.8395419372
77.8615296084
77.8802691368
77.8956942522
77.9077502419
77.9163936847
77.9215927908
77.9233280481
77.9215925143
77.916393132
77.9077494322
77.8956931713
77.8802678244
77.8615280735
77.8395401896
77.8143799376
77.7861316032
77.7548867031
77.7207432512
77.6838053662
77.6441812706
77.6019821786
77.5573210699
77.5103120901
77.4610700688
77.4097092104
77.3563422514
77.3010796184
77.2440293181
77.1852966216
77.1249834903
77.063187927
77
77
77.0631906104
77.1249868643
77.1853003723
77.2440333156
77.3010838205
77.3563466361
77.409713759
77.4610747705
77.5103169311
77.557326043
77.6019872644
77.6441864334
77.6838105981
77.7207485168
77.7548919698
77.7861368368
77.8143851014
77.8395452586
77.861533007
77.8802726029
77.895697774
77.907753808
77.9163972831
77.9215964091
77.9233316735
77.9215961326
77.9163967304
77.9077529983
77.8956966931
77.8802712905
77.8615314722
77.839543511
77.8143831731
77.7861347455
77.7548897454
77.7207461874
77.6838081919
77.6441839828
77.6019847754
77.5573235501
77.5103144529
77.4610723148
77.409711341
77.3563442688
77.301081525
77.2440311167
77.1852983155
77.1249850834
77.0631894192
77
77
77.0631906109
77.1249868649
77.185300373
77.2440333163
77.3010838212
77.3563466368
77.4097137598
77.4610747713
77.510316932
77.5573260439
77.6019872654
77.6441864345
77.6838105992
77.7207485179
77.754891971
77.786136838
77.8143851026
77.8395452599
77.8615330083
77.8802726042
77.8956977754
77.9077538094
77.9163972845
77.9215964105
77.9233316748
77.921596134
77.9163967318
77.9077529996
77.8956966945
77.8802712918
77.8615314735
77.8395435123
77.8143831744
77.7861347467
77.7548897466
77.7207461885
77.683808193
77.6441839839
77.6019847763
77.557323551
77.5103144538
77.4610723157
77.4097113418
77.3563442696
77.3010815258
77.2440311173
77.1852983162
77.124985084
77.0631894197
77
77
77.0631906506
77.1249869074
77.1853004182
77.2440333644
77.3010838723
77.3563466909
77.409713817
77.4610748316
77.5103169956
77.5573261107
77.6019873354
77.6441865076
77.6838106755
77.7207485973
77.7548920533
77.7861369231
77.8143851904
77.8395453501
77.8615331007
77.8802726985
77.8956978713
77.9077539065
77.9163973826
77.9215965092
77.9233317739
77.9215962329
77.9163968302
77.9077530972
77.8956967909
77.8802713868
77.8615315666
77.8395436034
77.8143832631
77.7861348329
77.75488983
77.7207462691
77.6838082706
77.6441840583
77.6019848476
77.5573236191
77.5103145186
77.4610723773
77.4097114002
77.3563443249
77.301081578
77.2440311666
77.1852983625
77.1249851276
77.0631894604
77
77
77.0631906114
77.1249868659
77.1853003741
77.2440333175
77.3010838226
77.3563466383
77.4097137614
77.4610747731
77.5103169339
77.5573260459
77.6019872676
77.6441864368
77.6838106018
77.7207485207
77.7548919739
77.7861368411
77.814385106
77.8395452635
77.8615330121
77.8802726082
77.8956977796
77.9077538138
77.916397289
77.9215964152
77.9233316797
77.921596139
77.9163967369
77.9077530048
77.8956966998
77.8802712972
77.8615314788
77.8395435177
77.8143831797
77.786134752
77.7548897518
77.7207461937
77.683808198
77.6441839888
77.6019847811
77.5573235556
77.5103144583
77.46107232
77.4097113459
77.3563442735
77.3010815295
77.2440311209
77.1852983195
77.1249850872
77.0631894223
77
77
77.0631906086
77.1249868629
77.1853003709
77.2440333141
77.301083819
77.3563466345
77.4097137574
77.4610747688
77.5103169294
77.5573260413
77.6019872627
77.6441864317
77.6838105964
77.7207485151
77.7548919682
77.7861368352
77.8143850999
77.8395452572
77.8615330057
77.8802726016
77.8956977729
77.907753807
77.9163972822
77.9215964084
77.9233316729
77.9215961322
77.9163967301
77.9077529981
77.8956966931
77.8802712906
77.8615314724
77.8395435114
77.8143831736
77.786134746
77.754889746
77.7207461881
77.6838081927
77.6441839836
77.6019847762
77.557323551
77.5103144538
77.4610723157
77.4097113419
77.3563442697
77.3010815259
77.2440311175
77.1852983164
77.1249850842
77.0631894195
77
77
77.0631906059
77.12498686
77.1853003678
77.2440333108
77.3010838155
77.3563466308
77.4097137535
77.4610747647
77.5103169251
77.5573260367
77.6019872579
77.6441864267
77.6838105912
77.7207485098
77.7548919626
77.7861368294
77.814385094
77.8395452511
77.8615329994
77.8802725953
77.8956977664
77.9077538005
77.9163972756
77.9215964017
77.9233316662
77.9215961255
77.9163967235
77.9077529916
77.8956966867
77.8802712843
77.8615314662
77.8395435053
77.8143831677
77.7861347403
77.7548897405
77.7207461828
77.6838081875
77.6441839787
77.6019847715
77.5573235464
77.5103144495
77.4610723116
77.409711338
77.356344266
77.3010815224
77.2440311142
77.1852983133
77.1249850813
77.0631894167
77
77
77.0631906017
77.1249868555
77.1853003631
77.2440333058
77.3010838101
77.3563466252
77.4097137475
77.4610747584
77.5103169185
77.5573260298
77.6019872506
77.6441864191
77.6838105833
77.7207485015
77.754891954
77.7861368206
77.8143850848
77.8395452417
77.8615329898
77.8802725855
77.8956977565
77.9077537904
77.9163972655
77.9215963915
77.923331656
77.9215961153
77.9163967134
77.9077529815
77.8956966767
77.8802712745
77.8615314566
77.839543496
77.8143831585
77.7861347314
77.7548897319
77.7207461745
77.6838081796
77.644183971
77.6019847642
77.5573235394
77.5103144428
77.4610723053
77.409711332
77.3563442604
77.3010815171
77.2440311092
77.1852983085
77.1249850768
77.0631894125
77
77
77.063190598
77.1249868516
77.1853003589
77.2440333014
77.3010838055
77.3563466202
77.4097137423
77.4610747529
77.5103169127
77.5573260237
77.6019872443
77.6441864125
77.6838105764
77.7207484943
77.7548919466
77.7861368129
77.8143850769
77.8395452336
77.8615329815
77.880272577
77.8956977479
77.9077537817
77.9163972567
77.9215963827
77.9233316471
77.9215961064
77.9163967045
77.9077529728
77.8956966681
77.880271266
77.8615314483
77.8395434878
77.8143831506
77.7861347237
77.7548897245
77.7207461673
77.6838081727
77.6441839644
77.6019847578
77.5573235334
77.5103144371
77.4610722998
77.4097113268
77.3563442555
77.3010815124
77.2440311048
77.1852983044
77.124985073
77.0631894089
77
77
77.0631905949
77.1249868484
77.1853003555
77.2440332977
77.3010838016
77.3563466161
77.4097137379
77.4610747483
77.5103169078
77.5573260186
77.6019872389
77.6441864069
77.6838105705
77.7207484882
77.7548919403
77.7861368064
77.8143850702
77.8395452267
77.8615329745
77.8802725698
77.8956977406
77.9077537743
77.9163972492
77.9215963752
77.9233316396
77.921596099
77.9163966971
77.9077529654
77.8956966608
77.8802712588
77.8615314412
77.839543481
77.8143831439
77.7861347172
77.7548897182
77.7207461612
77.6838081668
77.6441839588
77.6019847525
77.5573235283
77.5103144322
77.4610722952
77.4097113224
77.3563442513
77.3010815085
77.2440311011
77.1852983009
77.1249850697
77.0631894058
77
77
77.0631905924
77.1249868457
77.1853003526
77.2440332947
77.3010837984
77.3563466127
77.4097137343
77.4610747445
77.5103169039
77.5573260144
77.6019872345
77.6441864023
77.6838105658
77.7207484833
77.7548919352
77.7861368011
77.8143850647
77.8395452211
77.8615329687
77.8802725639
77.8956977346
77.9077537682
77.9163972431
77.921596369
77.9233316335
77.9215960928
77.916396691
77.9077529593
77.8956966548
77.880271253
77.8615314355
77.8395434753
77.8143831385
77.7861347119
77.754889713
77.7207461563
77.6838081621
77.6441839542
77.6019847481
77.5573235241
77.5103144282
77.4610722914
77.4097113188
77.3563442479
77.3010815053
77.2440310981
77.1852982981
77.124985067
77.0631894033
77
77
77.0631905904
77.1249868436
77.1853003504
77.2440332923
77.3010837959
77.35634661
77.4097137315
77.4610747416
77.5103169007
77.5573260111
77.6019872311
77.6441863987
77.6838105621
77.7207484794
77.7548919312
77.7861367969
77.8143850605
77.8395452167
77.8615329643
77.8802725594
77.89569773
77.9077537635
77.9163972384
77.9215963643
77.9233316287
77.921596088
77.9163966863
77.9077529546
77.8956966502
77.8802712484
77.861531431
77.839543471
77.8143831342
77.7861347078
77.754889709
77.7207461524
77.6838081583
77.6441839507
77.6019847447
77.5573235208
77.5103144251
77.4610722885
77.409711316
77.3563442453
77.3010815028
77.2440310957
77.1852982958
77.1249850649
77.0631894013
77
77
77.063190589
77.1249868421
77.1853003488
77.2440332906
77.3010837941
77.3563466081
77.4097137295
77.4610747395
77.5103168985
77.5573260088
77.6019872287
77.6441863962
77.6838105594
77.7207484766
77.7548919283
77.786136794
77.8143850574
77.8395452136
77.8615329611
77.8802725561
77.8956977267
77.9077537602
77.916397235
77.9215963609
77.9233316253
77.9215960846
77.9163966829
77.9077529513
77.8956966469
77.8802712451
77.8615314278
77.8395434678
77.8143831312
77.7861347048
77.7548897062
77.7207461496
77.6838081557
77.6441839481
77.6019847422
77.5573235185
77.5103144229
77.4610722864
77.409711314
77.3563442434
77.301081501
77.2440310941
77.1852982943
77.1249850634
77.0631893999
77
77
77.0631905882
77.1249868412
77.1853003479
77.2440332896
77.301083793
77.356346607
77.4097137283
77.4610747382
77.5103168972
77.5573260074
77.6019872272
77.6441863947
77.6838105578
77.720748475
77.7548919266
77.7861367922
77.8143850556
77.8395452117
77.8615329591
77.8802725542
77.8956977247
77.9077537582
77.9163972329
77.9215963588
77.9233316232
77.9215960826
77.9163966808
77.9077529492
77.8956966449
77.8802712432
77.8615314259
77.839543466
77.8143831293
77.786134703
77.7548897044
77.720746148
77.6838081541
77.6441839466
77.6019847408
77.5573235171
77.5103144216
77.4610722851
77.4097113128
77.3563442422
77.3010815
77.244031093
77.1852982933
77.1249850625
77.0631893991
77
77
77.0631905879
77.1249868409
77.1853003475
77.2440332893
77.3010837927
77.3563466066
77.4097137279
77.4610747378
77.5103168968
77.5573260069
77.6019872267
77.6441863941
77.6838105573
77.7207484744
77.754891926
77.7861367916
77.814385055
77.8395452111
77.8615329585
77.8802725535
77.895697724
77.9077537575
77.9163972323
77.9215963581
77.9233316225
77.9215960819
77.9163966802
77.9077529486
77.8956966442
77.8802712425
77.8615314252
77.8395434653
77.8143831287
77.7861347025
77.7548897039
77.7207461474
77.6838081536
77.6441839461
77.6019847403
77.5573235166
77.5103144211
77.4610722847
77.4097113124
77.3563442419
77.3010814996
77.2440310927
77.185298293
77.1249850622
77.0631893988
77
77
77.0631822339
77.124978013
77.1852909703
77.2440233363
77.3010732497
77.3563354623
77.4097019736
77.4610623626
77.5103038971
77.5573123821
77.6019729834
77.6441715434
77.683795111
77.7207324533
77.7548753593
77.786119715
77.8143675066
77.8395272347
77.8615146048
77.880253878
77.8956787925
77.9077346346
77.9163779777
77.9215770454
77.9233123181
77.9215768574
77.9163776101
77.9077340905
77.8956780667
77.8802529998
77.8615135773
77.8395260623
77.8143662103
77.7861183068
77.7548738595
77.7207308878
77.6837934958
77.6441698994
77.6019713137
77.5573107132
77.5103022429
77.461060724
77.4097003607
77.3563338829
77.301071719
77.2440218721
77.1852896008
77.1249768318
77.0631814518
77
77
77.0631822341
77.1249780133
77.1852909706
77.2440233367
77.3010732501
77.3563354627
77.409701974
77.461062363
77.5103038975
77.5573123826
77.6019729839
77.6441715439
77.6837951115
77.7207324539
77.7548753599
77.7861197156
77.8143675073
77.8395272354
77.8615146054
77.8802538787
77.8956787931
77.9077346353
77.9163779783
77.921577046
77.9233123188
77.9215768581
77.9163776108
77.9077340912
77.8956780674
77.8802530005
77.8615135779
77.8395260629
77.8143662109
77.7861183074
77.75487386
77.7207308884
77.6837934963
77.6441698999
77.6019713142
77.5573107136
77.5103022434
77.4610607244
77.4097003611
77.3563338832
77.3010717193
77.2440218724
77.1852896012
77.1249768321
77.0631814521
77
77
77.063182235
77.1249780142
77.1852909716
77.2440233377
77.3010732511
77.3563354638
77.4097019752
77.4610623643
77.5103038988
77.557312384
77.6019729853
77.6441715454
77.6837951131
77.7207324555
77.7548753616
77.7861197174
77.8143675091
77.8395272372
77.8615146074
77.8802538806
77.8956787951
77.9077346373
77.9163779804
77.9215770481
77.9233123208
77.9215768601
77.9163776128
77.9077340932
77.8956780694
77.8802530024
77.8615135798
77.8395260648
77.8143662128
77.7861183092
77.7548738617
77.72073089
77.6837934979
77.6441699014
77.6019713156
77.557310715
77.5103022447
77.4610607256
77.4097003623
77.3563338844
77.3010717204
77.2440218734
77.1852896021
77.124976833
77.0631814529
77
77
77.0631822364
77.1249780157
77.1852909731
77.2440233394
77.3010732529
77.3563354657
77.4097019772
77.4610623664
77.5103039011
77.5573123863
77.6019729878
77.644171548
77.6837951158
77.7207324583
77.7548753644
77.7861197204
77.8143675121
77.8395272404
77.8615146106
77.8802538839
77.8956787985
77.9077346407
77.9163779838
77.9215770515
77.9233123242
77.9215768635
77.9163776162
77.9077340965
77.8956780727
77.8802530057
77.861513583
77.8395260679
77.8143662158
77.7861183121
77.7548738646
77.7207308928
77.6837935006
77.6441699039
77.6019713181
77.5573107173
77.5103022469
77.4610607277
77.4097003643
77.3563338863
77.3010717222
77.2440218751
77.1852896037
77.1249768344
77.0631814543
77
77
77.0631822383
77.1249780178
77.1852909754
77.2440233417
77.3010732554
77.3563354683
77.40970198
77.4610623694
77.5103039042
77.5573123895
77.6019729912
77.6441715516
77.6837951195
77.7207324621
77.7548753684
77.7861197245
77.8143675164
77.8395272447
77.861514615
77.8802538884
77.8956788031
77.9077346454
77.9163779885
77.9215770563
77.923312329
77.9215768683
77.916377621
77.9077341012
77.8956780773
77.8802530103
77.8615135875
77.8395260723
77.8143662201
77.7861183163
77.7548738686
77.7207308967
77.6837935043
77.6441699075
77.6019713215
77.5573107206
77.51030225
77.4610607307
77.4097003671
77.3563338889
77.3010717247
77.2440218775
77.1852896059
77.1249768365
77.0631814563
77
77
77.0631822408
77.1249780205
77.1852909782
77.2440233448
77.3010732586
77.3563354717
77.4097019836
77.4610623731
77.5103039081
77.5573123937
77.6019729956
77.6441715561
77.6837951243
77.7207324671
77.7548753736
77.7861197298
77.8143675219
77.8395272504
77.8615146208
77.8802538943
77.8956788091
77.9077346514
77.9163779946
77.9215770624
77.9233123351
77.9215768745
77.9163776271
77.9077341073
77.8956780833
77.8802530161
77.8615135933
77.8395260779
77.8143662256
77.7861183216
77.7548738738
77.7207309016
77.6837935091
77.6441699121
77.6019713259
77.5573107248
77.510302254
77.4610607345
77.4097003707
77.3563338923
77.3010717279
77.2440218805
77.1852896088
77.1249768392
77.0631814588
77
77
77.0631822439
77.1249780237
77.1852909817
77.2440233485
77.3010732626
77.3563354759
77.409701988
77.4610623778
77.510303913
77.5573123988
77.6019730009
77.6441715617
77.6837951301
77.7207324732
77.7548753799
77.7861197363
77.8143675286
77.8395272572
77.8615146278
77.8802539015
77.8956788164
77.9077346588
77.916378002
77.9215770699
77.9233123427
77.9215768819
77.9163776345
77.9077341147
77.8956780906
77.8802530233
77.8615136003
77.8395260848
77.8143662322
77.7861183281
77.75487388
77.7207309077
77.6837935149
77.6441699177
77.6019713312
77.5573107299
77.5103022589
77.4610607391
77.4097003751
77.3563338965
77.3010717318
77.2440218842
77.1852896122
77.1249768425
77.0631814618
77
77
77.0631822475
77.1249780276
77.1852909858
77.2440233528
77.3010732672
77.3563354808
77.4097019932
77.4610623832
77.5103039188
77.5573124049
77.6019730073
77.6441715684
77.683795137
77.7207324804
77.7548753873
77.786119744
77.8143675365
77.8395272654
77.8615146362
77.88025391
77.895678825
77.9077346675
77.9163780109
77.9215770788
77.9233123515
77.9215768908
77.9163776433
77.9077341234
77.8956780992
77.8802530318
77.8615136086
77.8395260929
77.8143662402
77.7861183358
77.7548738875
77.7207309149
77.6837935218
77.6441699243
77.6019713376
77.557310736
77.5103022647
77.4610607446
77.4097003803
77.3563339014
77.3010717364
77.2440218886
77.1852896164
77.1249768464
77.0631814655
77
77
77.0631822517
77.1249780321
77.1852909906
77.2440233579
77.3010732726
77.3563354865
77.4097019992
77.4610623896
77.5103039254
77.5573124119
77.6019730146
77.644171576
77.683795145
77.7207324886
77.7548753959
77.7861197529
77.8143675456
77.8395272747
77.8615146457
77.8802539198
77.8956788349
77.9077346776
77.916378021
77.921577089
77.9233123618
77.921576901
77.9163776535
77.9077341335
77.8956781092
77.8802530416
77.8615136182
77.8395261023
77.8143662493
77.7861183446
77.7548738961
77.7207309231
77.6837935298
77.644169932
77.6019713449
77.5573107429
77.5103022713
77.4610607509
77.4097003863
77.356333907
77.3010717418
77.2440218936
77.1852896211
77.1249768508
77.0631814697
77
77
77.0631822541
77.1249780347
77.1852909933
77.2440233608
77.3010732757
77.3563354898
77.4097020026
77.4610623932
77.5103039293
77.5573124159
77.6019730189
77.6441715805
77.6837951496
77.7207324935
77.7548754009
77.786119758
77.8143675509
77.8395272802
77.8615146513
77.8802539255
77.8956788407
77.9077346835
77.9163780269
77.9215770949
77.9233123677
77.921576907
77.9163776594
77.9077341393
77.895678115
77.8802530473
77.8615136238
77.8395261077
77.8143662546
77.7861183498
77.7548739011
77.720730928
77.6837935344
77.6441699364
77.6019713491
77.557310747
77.5103022752
77.4610607546
77.4097003898
77.3563339104
77.3010717449
77.2440218966
77.1852896239
77.1249768534
77.0631814721
77
77
77.0631822567
77.1249780374
77.1852909962
77.2440233639
77.3010732789
77.3563354932
77.4097020062
77.461062397
77.5103039333
77.5573124201
77.6019730233
77.644171585
77.6837951544
77.7207324984
77.7548754061
77.7861197634
77.8143675564
77.8395272858
77.8615146571
77.8802539314
77.8956788467
77.9077346895
77.916378033
77.9215771011
77.9233123739
77.9215769131
77.9163776655
77.9077341454
77.8956781209
77.8802530532
77.8615136296
77.8395261134
77.8143662601
77.7861183551
77.7548739062
77.7207309329
77.6837935392
77.644169941
77.6019713535
77.5573107512
77.5103022792
77.4610607584
77.4097003934
77.3563339138
77.3010717481
77.2440218996
77.1852896267
77.1249768561
77.0631814746
77
77
77.0631837186
77.1249795982
77.1852926557
77.2440251258
77.3010751466
77.3563374693
77.4097040931
77.4610645968
77.5103062475
77.5573148491
77.6019755664
77.6441742411
77.6837979215
77.7207353736
77.7548783851
77.7861228402
77.8143707245
77.839530538
77.8615179847
77.8802573251
77.8956822949
77.907738181
77.9163815562
77.9215806436
77.9233159234
77.9215804557
77.9163811887
77.9077376369
77.8956815691
77.8802564468
77.8615169573
77.8395293655
77.8143694282
77.786121432
77.7548768853
77.7207338081
77.6837963064
77.644172597
77.6019738967
77.5573131802
77.5103045933
77.4610629582
77.4097024802
77.3563358899
77.3010736158
77.2440236616
77.1852912863
77.124978417
77.0631829366
77
77
77.0631851866
77.1249811655
77.1852943221
77.2440268951
77.3010770221
77.3563394536
77.4097061887
77.4610668059
77.5103085713
77.5573172884
77.6019781203
77.6441769084
77.6838007004
77.720738261
77.7548813769
77.7861259301
77.8143739061
77.839533804
77.8615213266
77.8802607333
77.8956857578
77.9077416874
77.9163850944
77.9215842013
77.9233194881
77.9215840134
77.9163847269
77.9077411432
77.895685032
77.880259855
77.8615202991
77.8395326315
77.8143726098
77.7861245219
77.754879877
77.7207366955
77.6837990852
77.6441752643
77.6019764506
77.5573156195
77.5103069172
77.4610651673
77.4097045758
77.3563378742
77.3010754913
77.2440254309
77.1852929526
77.1249799842
77.0631844046
77
77
77.0631866606
77.1249827393
77.1852959954
77.2440286717
77.3010789054
77.3563414462
77.4097082931
77.4610690241
77.510310905
77.5573197378
77.6019806849
77.6441795869
77.6838034909
77.7207411606
77.7548843813
77.7861290331
77.8143771012
77.8395370839
77.8615246826
77.8802641559
77.8956892355
77.9077452087
77.9163886476
77.9215877742
77.923323068
77.9215875862
77.9163882801
77.9077446646
77.8956885097
77.8802632776
77.8615236552
77.8395359113
77.8143758049
77.7861276249
77.7548828814
77.7207395951
77.6838018758
77.6441779428
77.6019790152
77.557318069
77.5103092509
77.4610673856
77.4097066802
77.3563398669
77.3010773746
77.2440272075
77.1852946259
77.124981558
77.0631858786
77
77
77.0631881407
77.1249843195
77.1852976755
77.2440304556
77.3010807965
77.3563434471
77.4097104062
77.4610712516
77.5103132483
77.5573221975
77.6019832603
77.6441822766
77.6838062932
77.7207440723
77.7548873984
77.7861321492
77.8143803098
77.8395403777
77.8615280529
77.8802675931
77.8956927278
77.9077487449
77.9163922159
77.9215913622
77.923326663
77.9215911742
77.9163918484
77.9077482008
77.895692002
77.8802667148
77.8615270255
77.839539205
77.8143790134
77.7861307411
77.7548858984
77.7207425069
77.6838046782
77.6441806325
77.6019815906
77.5573205287
77.5103115942
77.4610696131
77.4097087933
77.3563418678
77.3010792656
77.2440289915
77.185296306
77.1249831382
77.0631873586
77
77
77.0631896268
77.1249859062
77.1852993626
77.2440322469
77.3010826954
77.3563454562
77.409712528
77.4610734884
77.5103156014
77.5573246675
77.6019858464
77.6441849776
77.6838091072
77.7207469963
77.7548904281
77.7861352784
77.8143835319
77.8395436853
77.8615314373
77.8802710448
77.8956962349
77.9077522961
77.9163957993
77.9215949653
77.9233302732
77.9215947774
77.9163954318
77.9077517519
77.8956955091
77.8802701664
77.86153041
77.8395425126
77.8143822355
77.7861338703
77.7548889281
77.7207454309
77.6838074922
77.6441833335
77.6019841767
77.5573229987
77.5103139473
77.4610718498
77.4097109151
77.3563438769
77.3010811645
77.2440307827
77.1852979931
77.1249847248
77.0631888447
77
77
77.0631911189
77.1249874993
77.1853010565
77.2440340455
77.301084602
77.3563474736
77.4097146586
77.4610757343
77.5103179642
77.5573271477
77.6019884432
77.6441876898
77.683811933
77.7207499325
77.7548934705
77.7861384207
77.8143867674
77.8395470067
77.8615348359
77.8802745109
77.8956997568
77.9077558621
77.9163993977
77.9215985836
77.9233338986
77.9215983957
77.9163990302
77.907755318
77.8956990309
77.8802736325
77.8615338087
77.8395458341
77.814385471
77.7861370126
77.7548919705
77.7207483671
77.683810318
77.6441860457
77.6019867735
77.5573254789
77.5103163101
77.4610740958
77.4097130457
77.3563458943
77.3010830711
77.2440325813
77.1852996869
77.1249863179
77.0631903369
77
77
77.0631911194
77.1249874999
77.1853010571
77.2440340461
77.3010846027
77.3563474743
77.4097146594
77.4610757352
77.5103179651
77.5573271486
77.6019884442
77.6441876908
77.6838119341
77.7207499336
77.7548934716
77.7861384219
77.8143867687
77.839547008
77.8615348372
77.8802745122
77.8956997581
77.9077558635
77.916399399
77.921598585
77.9233339
77.9215983971
77.9163990316
77.9077553194
77.8956990323
77.8802736338
77.86153381
77.8395458353
77.8143854723
77.7861370138
77.7548919716
77.7207483683
77.6838103191
77.6441860467
77.6019867745
77.5573254798
77.510316311
77.4610740967
77.4097130465
77.3563458951
77.3010830718
77.244032582
77.1852996876
77.1249863185
77.0631903374
77
77
77.0631911591
77.1249875424
77.1853011023
77.2440340942
77.3010846538
77.3563475284
77.4097147166
77.4610757955
77.5103180286
77.5573272153
77.6019885141
77.644187764
77.6838120104
77.720750013
77.754893554
77.786138507
77.8143868564
77.8395470982
77.8615349296
77.8802746065
77.895699854
77.9077559607
77.9163994972
77.9215986837
77.9233339991
77.921598496
77.91639913
77.907755417
77.8956991287
77.8802737288
77.8615339031
77.8395459264
77.814385561
77.7861371
77.7548920551
77.7207484488
77.6838103966
77.6441861211
77.6019868457
77.5573255478
77.5103163758
77.4610741583
77.4097131049
77.3563459504
77.301083124
77.2440326313
77.1852997339
77.1249863621
77.0631903781
77
77
77.0631911199
77.1249875009
77.1853010582
77.2440340473
77.3010846041
77.3563474758
77.409714661
77.4610757369
77.5103179669
77.5573271506
77.6019884464
77.6441876932
77.6838119366
77.7207499363
77.7548934746
77.786138425
77.814386772
77.8395470116
77.861534841
77.8802745162
77.8956997623
77.9077558679
77.9163994036
77.9215985897
77.9233339049
77.9215984021
77.9163990368
77.9077553246
77.8956990376
77.8802736392
77.8615338154
77.8395458407
77.8143854776
77.7861370191
77.7548919769
77.7207483734
77.6838103241
77.6441860516
77.6019867792
77.5573254844
77.5103163155
77.4610741009
77.4097130506
77.356345899
77.3010830755
77.2440325856
77.185299691
77.1249863217
77.06319034
77
77
77.0631911171
77.1249874979
77.185301055
77.244034044
77.3010846005
77.356347472
77.409714657
77.4610757326
77.5103179625
77.5573271459
77.6019884415
77.6441876881
77.6838119313
77.7207499308
77.7548934688
77.7861384191
77.8143867659
77.8395470053
77.8615348346
77.8802745097
77.8956997556
77.9077558611
77.9163993968
77.9215985829
77.9233338981
77.9215983952
77.91639903
77.9077553178
77.8956990309
77.8802736326
77.8615338089
77.8395458344
77.8143854715
77.7861370131
77.7548919711
77.7207483679
77.6838103188
77.6441860465
77.6019867743
77.5573254797
77.510316311
77.4610740967
77.4097130466
77.3563458952
77.3010830719
77.2440325822
77.1852996878
77.1249863187
77.0631903372
77
77
77.0631911144
77.124987495
77.1853010519
77.2440340407
77.301084597
77.3563474683
77.4097146531
77.4610757285
77.5103179582
77.5573271414
77.6019884367
77.6441876831
77.6838119261
77.7207499254
77.7548934633
77.7861384133
77.81438676
77.8395469992
77.8615348284
77.8802745033
77.8956997492
77.9077558546
77.9163993902
77.9215985762
77.9233338914
77.9215983886
77.9163990234
77.9077553113
77.8956990245
77.8802736263
77.8615338027
77.8395458284
77.8143854656
77.7861370074
77.7548919655
77.7207483625
77.6838103136
77.6441860415
77.6019867696
77.5573254752
77.5103163067
77.4610740926
77.4097130427
77.3563458915
77.3010830685
77.2440325789
77.1852996847
77.1249863158
77.0631903344
77
77
77.0631911102
77.1249874905
77.1853010472
77.2440340356
77.3010845916
77.3563474626
77.4097146471
77.4610757222
77.5103179515
77.5573271344
77.6019884294
77.6441876755
77.6838119181
77.7207499171
77.7548934547
77.7861384045
77.8143867509
77.8395469898
77.8615348188
77.8802744935
77.8956997392
77.9077558445
77.91639938
77.921598566
77.9233338812
77.9215983784
77.9163990132
77.9077553012
77.8956990145
77.8802736165
77.8615337931
77.839545819
77.8143854565
77.7861369985
77.754891957
77.7207483542
77.6838103056
77.6441860339
77.6019867623
77.5573254682
77.5103163001
77.4610740863
77.4097130367
77.3563458859
77.3010830631
77.2440325739
77.1852996799
77.1249863113
77.0631903302
77
77
77.0631911065
77.1249874866
77.1853010431
77.2440340312
77.301084587
77.3563474577
77.4097146419
77.4610757167
77.5103179458
77.5573271284
77.6019884231
77.6441876688
77.6838119112
77.72074991
77.7548934472
77.7861383968
77.814386743
77.8395469817
77.8615348104
77.8802744851
77.8956997306
77.9077558358
77.9163993712
77.9215985572
77.9233338723
77.9215983695
77.9163990044
77.9077552925
77.8956990059
77.880273608
77.8615337848
77.8395458109
77.8143854485
77.7861369908
77.7548919495
77.720748347
77.6838102987
77.6441860273
77.6019867559
77.5573254622
77.5103162943
77.4610740808
77.4097130315
77.3563458809
77.3010830585
77.2440325695
77.1852996758
77.1249863074
77.0631903266
77
77
77.0631911035
77.1249874834
77.1853010396
77.2440340275
77.3010845831
77.3563474536
77.4097146375
77.4610757121
77.5103179409
77.5573271233
77.6019884177
77.6441876632
77.6838119054
77.7207499039
77.754893441
77.7861383903
77.8143867363
77.8395469748
77.8615348034
77.8802744779
77.8956997233
77.9077558284
77.9163993638
77.9215985497
77.9233338648
77.921598362
77.9163989969
77.9077552851
77.8956989986
77.8802736008
77.8615337778
77.839545804
77.8143854418
77.7861369843
77.7548919432
77.720748341
77.6838102929
77.6441860217
77.6019867506
77.5573254571
77.5103162894
77.4610740762
77.4097130272
77.3563458768
77.3010830546
77.2440325658
77.1852996723
77.1249863042
77.0631903235
77
77
77.0631911009
77.1249874807
77.1853010367
77.2440340245
77.3010845799
77.3563474502
77.4097146339
77.4610757083
77.5103179369
77.5573271191
77.6019884133
77.6441876586
77.6838119006
77.7207498989
77.7548934358
77.786138385
77.8143867308
77.8395469692
77.8615347976
77.880274472
77.8956997174
77.9077558224
77.9163993577
77.9215985435
77.9233338586
77.9215983559
77.9163989908
77.9077552791
77.8956989927
77.880273595
77.861533772
77.8395457984
77.8143854364
77.786136979
77.7548919381
77.720748336
77.6838102881
77.6441860171
77.6019867462
77.5573254529
77.5103162854
77.4610740724
77.4097130236
77.3563458734
77.3010830513
77.2440325628
77.1852996695
77.1249863015
77.063190321
77
77
77.063191099
77.1249874786
77.1853010345
77.2440340222
77.3010845774
77.3563474475
77.4097146311
77.4610757054
77.5103179338
77.5573271158
77.6019884099
77.6441876551
77.6838118969
77.7207498951
77.7548934318
77.7861383808
77.8143867265
77.8395469648
77.8615347932
77.8802744674
77.8956997127
77.9077558177
77.9163993529
77.9215985388
77.9233338539
77.9215983511
77.9163989861
77.9077552744
77.895698988
77.8802735904
77.8615337675
77.839545794
77.8143854321
77.7861369749
77.7548919341
77.7207483321
77.6838102844
77.6441860135
77.6019867428
77.5573254496
77.5103162823
77.4610740695
77.4097130208
77.3563458707
77.3010830488
77.2440325604
77.1852996673
77.1249862994
77.063190319
77
77
77.0631910976
77.1249874771
77.1853010329
77.2440340205
77.3010845756
77.3563474456
77.4097146292
77.4610757033
77.5103179316
77.5573271135
77.6019884075
77.6441876525
77.6838118943
77.7207498923
77.7548934289
77.7861383779
77.8143867235
77.8395469617
77.86153479
77.8802744642
77.8956997094
77.9077558143
77.9163993495
77.9215985354
77.9233338504
77.9215983477
77.9163989827
77.907755271
77.8956989847
77.8802735871
77.8615337643
77.8395457909
77.8143854291
77.7861369719
77.7548919312
77.7207483294
77.6838102818
77.644186011
77.6019867403
77.5573254473
77.5103162801
77.4610740674
77.4097130188
77.3563458689
77.3010830471
77.2440325587
77.1852996657
77.1249862979
77.0631903176
77
77
77.0631910967
77.1249874762
77.185301032
77.2440340195
77.3010845745
77.3563474445
77.409714628
77.461075702
77.5103179302
77.5573271121
77.601988406
77.644187651
77.6838118927
77.7207498907
77.7548934272
77.7861383761
77.8143867217
77.8395469598
77.8615347881
77.8802744622
77.8956997074
77.9077558123
77.9163993475
77.9215985333
77.9233338484
77.9215983457
77.9163989807
77.907755269
77.8956989827
77.8802735852
77.8615337624
77.839545789
77.8143854272
77.7861369702
77.7548919295
77.7207483277
77.6838102802
77.6441860094
77.6019867389
77.5573254459
77.5103162788
77.4610740661
77.4097130176
77.3563458677
77.301083046
77.2440325577
77.1852996647
77.124986297
77.0631903168
77
77
77.0631910964
77.1249874759
77.1853010317
77.2440340191
77.3010845741
77.3563474441
77.4097146276
77.4610757016
77.5103179298
77.5573271116
77.6019884055
77.6441876505
77.6838118921
77.7207498901
77.7548934267
77.7861383755
77.814386721
77.8395469592
77.8615347874
77.8802744616
77.8956997067
77.9077558116
77.9163993468
77.9215985326
77.9233338477
77.921598345
77.91639898
77.9077552683
77.895698982
77.8802735845
77.8615337618
77.8395457884
77.8143854266
77.7861369696
77.7548919289
77.7207483272
77.6838102796
77.6441860089
77.6019867384
77.5573254454
77.5103162783
77.4610740657
77.4097130172
77.3563458673
77.3010830456
77.2440325574
77.1852996644
77.1249862967
77.0631903165
77
77
77.0631824568
77.1249782764
77.1852912435
77.2440236296
77.3010735666
77.3563358076
77.4097023523
77.4610627776
77.5103043519
77.5573128799
77.6019735263
77.644172137
77.6837957539
77.7207331513
77.7548761144
77.7861205294
77.8143683801
77.8395281698
77.8615156015
77.8802549364
77.8956799112
77.9077358132
77.9163792092
77.9215783316
77.9233136534
77.921578234
77.9163790261
77.9077355357
77.8956795394
77.8802544915
77.8615150799
77.8395275704
77.8143677152
77.7861198034
77.7548753409
77.720732347
77.6837949281
77.6441712972
77.6019726745
77.5573120349
77.5103035219
77.4610619558
77.4097015452
77.3563350159
77.3010727997
77.2440228968
77.1852905602
77.1249776869
77.0631820698
77
77
77.0631824571
77.1249782767
77.1852912438
77.2440236299
77.301073567
77.356335808
77.4097023527
77.461062778
77.5103043524
77.5573128804
77.6019735268
77.6441721375
77.6837957545
77.7207331519
77.754876115
77.78612053
77.8143683807
77.8395281704
77.8615156021
77.880254937
77.8956799119
77.9077358139
77.9163792099
77.9215783323
77.9233136541
77.9215782347
77.9163790268
77.9077355363
77.8956795401
77.8802544922
77.8615150805
77.8395275711
77.8143677158
77.786119804
77.7548753415
77.7207323476
77.6837949286
77.6441712977
77.601972675
77.5573120354
77.5103035224
77.4610619562
77.4097015456
77.3563350163
77.3010728
77.2440228971
77.1852905605
77.1249776872
77.0631820701
77
77
77.0631824579
77.1249782776
77.1852912447
77.2440236309
77.3010735681
77.3563358091
77.4097023539
77.4610627793
77.5103043537
77.5573128818
77.6019735283
77.644172139
77.6837957561
77.7207331535
77.7548761167
77.7861205318
77.8143683825
77.8395281723
77.8615156041
77.880254939
77.8956799139
77.9077358159
77.9163792119
77.9215783344
77.9233136562
77.9215782367
77.9163790288
77.9077355383
77.8956795421
77.8802544941
77.8615150824
77.8395275729
77.8143677176
77.7861198058
77.7548753432
77.7207323492
77.6837949302
77.6441712992
77.6019726765
77.5573120368
77.5103035237
77.4610619575
77.4097015468
77.3563350174
77.3010728011
77.2440228981
77.1852905614
77.1249776881
77.0631820709
77
77
77.0631824593
77.1249782791
77.1852912463
77.2440236326
77.3010735699
77.356335811
77.4097023559
77.4610627814
77.5103043559
77.5573128841
77.6019735307
77.6441721415
77.6837957587
77.7207331563
77.7548761195
77.7861205347
77.8143683856
77.8395281754
77.8615156073
77.8802549422
77.8956799172
77.9077358193
77.9163792153
77.9215783378
77.9233136596
77.9215782401
77.9163790322
77.9077355417
77.8956795454
77.8802544974
77.8615150856
77.8395275761
77.8143677207
77.7861198087
77.754875346
77.720732352
77.6837949329
77.6441713018
77.6019726789
77.5573120391
77.5103035259
77.4610619596
77.4097015488
77.3563350193
77.3010728029
77.2440228998
77.185290563
77.1249776896
77.0631820723
77
77
77.0631824613
77.1249782812
77.1852912485
77.244023635
77.3010735724
77.3563358136
77.4097023587
77.4610627844
77.510304359
77.5573128874
77.6019735341
77.6441721451
77.6837957624
77.7207331601
77.7548761235
77.7861205389
77.8143683898
77.8395281798
77.8615156117
77.8802549468
77.8956799218
77.907735824
77.9163792201
77.9215783425
77.9233136644
77.9215782449
77.916379037
77.9077355464
77.8956795501
77.880254502
77.8615150901
77.8395275804
77.8143677249
77.7861198129
77.75487535
77.7207323558
77.6837949366
77.6441713053
77.6019726823
77.5573120424
77.510303529
77.4610619626
77.4097015516
77.356335022
77.3010728054
77.2440229021
77.1852905652
77.1249776917
77.0631820743
77
77
77.0631824638
77.1249782838
77.1852912514
77.244023638
77.3010735756
77.356335817
77.4097023623
77.4610627882
77.510304363
77.5573128916
77.6019735385
77.6441721497
77.6837957672
77.7207331651
77.7548761287
77.7861205442
77.8143683953
77.8395281854
77.8615156175
77.8802549527
77.8956799278
77.90773583
77.9163792262
77.9215783487
77.9233136705
77.921578251
77.9163790431
77.9077355524
77.895679556
77.8802545078
77.8615150959
77.8395275861
77.8143677304
77.7861198182
77.7548753552
77.7207323608
77.6837949414
77.6441713099
77.6019726867
77.5573120466
77.510303533
77.4610619663
77.4097015552
77.3563350254
77.3010728086
77.2440229052
77.1852905681
77.1249776944
77.0631820768
77
77
77.0631824669
77.1249782871
77.1852912549
77.2440236417
77.3010735795
77.3563358212
77.4097023667
77.4610627928
77.5103043679
77.5573128967
77.6019735439
77.6441721553
77.6837957731
77.7207331712
77.754876135
77.7861205507
77.814368402
77.8395281923
77.8615156245
77.8802549598
77.8956799351
77.9077358374
77.9163792336
77.9215783562
77.923313678
77.9215782585
77.9163790505
77.9077355598
77.8956795633
77.880254515
77.8615151029
77.8395275929
77.8143677371
77.7861198247
77.7548753615
77.7207323669
77.6837949472
77.6441713155
77.6019726921
77.5573120517
77.5103035379
77.461061971
77.4097015596
77.3563350295
77.3010728125
77.2440229089
77.1852905716
77.1249776977
77.0631820798
77
77
77.0631824705
77.124978291
77.185291259
77.2440236461
77.3010735841
77.3563358261
77.4097023719
77.4610627983
77.5103043737
77.5573129027
77.6019735502
77.6441721619
77.68379578
77.7207331783
77.7548761424
77.7861205584
77.8143684099
77.8395282004
77.8615156328
77.8802549683
77.8956799437
77.9077358461
77.9163792424
77.921578365
77.9233136869
77.9215782674
77.9163790593
77.9077355686
77.8956795719
77.8802545235
77.8615151112
77.8395276011
77.814367745
77.7861198324
77.7548753689
77.720732374
77.6837949541
77.6441713222
77.6019726984
77.5573120578
77.5103035436
77.4610619764
77.4097015648
77.3563350344
77.3010728172
77.2440229133
77.1852905757
77.1249777015
77.0631820835
77
77
77.0631824747
77.1249782954
77.1852912637
77.2440236511
77.3010735895
77.3563358318
77.4097023779
77.4610628046
77.5103043803
77.5573129097
77.6019735575
77.6441721696
77.6837957879
77.7207331866
77.754876151
77.7861205672
77.8143684191
77.8395282098
77.8615156424
77.8802549781
77.8956799537
77.9077358562
77.9163792526
77.9215783753
77.9233136971
77.9215782776
77.9163790695
77.9077355786
77.8956795819
77.8802545333
77.8615151208
77.8395276104
77.8143677541
77.7861198412
77.7548753775
77.7207323823
77.6837949621
77.6441713298
77.6019727057
77.5573120647
77.5103035503
77.4610619828
77.4097015707
77.3563350401
77.3010728225
77.2440229183
77.1852905804
77.124977706
77.0631820877
77
77
77.0631824771
77.1249782981
77.1852912665
77.2440236541
77.3010735926
77.3563358351
77.4097023814
77.4610628083
77.5103043842
77.5573129138
77.6019735618
77.644172174
77.6837957926
77.7207331915
77.754876156
77.7861205724
77.8143684244
77.8395282152
77.861515648
77.8802549838
77.8956799595
77.9077358621
77.9163792585
77.9215783812
77.9233137031
77.9215782836
77.9163790754
77.9077355845
77.8956795877
77.880254539
77.8615151264
77.8395276159
77.8143677595
77.7861198464
77.7548753825
77.7207323872
77.6837949667
77.6441713343
77.60197271
77.5573120688
77.5103035542
77.4610619865
77.4097015742
77.3563350434
77.3010728256
77.2440229212
77.1852905832
77.1249777086
77.0631820901
77
77
77.0631824796
77.1249783007
77.1852912694
77.2440236571
77.3010735958
77.3563358385
77.409702385
77.4610628121
77.5103043882
77.557312918
77.6019735662
77.6441721786
77.6837957974
77.7207331964
77.7548761611
77.7861205777
77.8143684299
77.8395282208
77.8615156538
77.8802549897
77.8956799654
77.9077358681
77.9163792646
77.9215783873
77.9233137092
77.9215782897
77.9163790815
77.9077355905
77.8956795937
77.8802545449
77.8615151322
77.8395276215
77.814367765
77.7861198517
77.7548753876
77.7207323921
77.6837949715
77.6441713388
77.6019727144
77.557312073
77.5103035581
77.4610619902
77.4097015778
77.3563350468
77.3010728289
77.2440229243
77.1852905861
77.1249777113
77.0631820926
77
77
77.0631839416
77.1249798616
77.1852929289
77.2440254191
77.3010754635
77.3563378146
77.4097044718
77.4610650119
77.5103067023
77.557315347
77.6019761093
77.6441748346
77.6837985645
77.7207360716
77.7548791402
77.7861236546
77.8143715979
77.839531473
77.8615189814
77.8802583834
77.8956834136
77.9077393596
77.9163827878
77.9215819299
77.9233172588
77.9215818322
77.9163826046
77.907739082
77.8956830418
77.8802579386
77.8615184598
77.8395308737
77.8143709331
77.7861229286
77.7548783667
77.7207352673
77.6837977386
77.6441739948
77.6019752575
77.557314502
77.5103058723
77.46106419
77.4097036647
77.3563370229
77.3010746966
77.2440246863
77.1852922456
77.1249792721
77.0631835546
77
77
77.0631854096
77.1249814289
77.1852945953
77.2440271883
77.301077339
77.3563397989
77.4097065675
77.4610672209
77.5103090262
77.5573177863
77.6019786631
77.6441775019
77.6838013433
77.720738959
77.754882132
77.7861267445
77.8143747795
77.839534739
77.8615223233
77.8802617916
77.8956868765
77.907742866
77.9163863259
77.9215854877
77.9233208234
77.9215853899
77.9163861428
77.9077425884
77.8956865047
77.8802613467
77.8615218017
77.8395341397
77.8143741147
77.7861260186
77.7548813584
77.7207381546
77.6838005175
77.6441766621
77.6019778114
77.5573169413
77.5103081961
77.461066399
77.4097057604
77.3563390073
77.3010765721
77.2440264556
77.185293912
77.1249808394
77.0631850225
77
77
77.0631868836
77.1249830026
77.1852962687
77.244028965
77.3010792222
77.3563417915
77.4097086718
77.4610694392
77.5103113598
77.5573202358
77.6019812277
77.6441801804
77.6838041338
77.7207418585
77.7548851364
77.7861298476
77.8143779746
77.8395380189
77.8615256793
77.8802652143
77.8956903541
77.9077463874
77.9163898792
77.9215890605
77.9233244033
77.9215889628
77.9163896961
77.9077461097
77.8956899824
77.8802647694
77.8615251578
77.8395374196
77.8143773099
77.7861291216
77.7548843628
77.7207410542
77.6838033081
77.6441793406
77.601980376
77.5573193908
77.5103105297
77.4610686172
77.4097078647
77.3563409999
77.3010784553
77.2440282322
77.1852955852
77.1249824131
77.0631864965
77
77
77.0631883636
77.1249845828
77.1852979488
77.2440307489
77.3010811132
77.3563437924
77.4097107849
77.4610716667
77.5103137031
77.5573226955
77.601983803
77.6441828702
77.6838069361
77.7207447703
77.7548881535
77.7861329637
77.8143811831
77.8395413127
77.8615290495
77.8802686515
77.8956938465
77.9077499236
77.9163934475
77.9215926485
77.9233279983
77.9215925508
77.9163932644
77.907749646
77.8956934747
77.8802682066
77.861528528
77.8395407133
77.8143805185
77.7861322378
77.7548873799
77.720743966
77.6838061104
77.6441820303
77.6019829514
77.5573218506
77.5103128731
77.4610708447
77.4097099778
77.3563430008
77.3010803464
77.2440300161
77.1852972654
77.1249839933
77.0631879766
77
77
77.0631898497
77.1249861694
77.1852996359
77.2440325402
77.3010830121
77.3563458015
77.4097129068
77.4610739034
77.5103160561
77.5573251654
77.6019863891
77.6441855712
77.6838097501
77.7207476942
77.7548911832
77.7861360929
77.8143844052
77.8395446203
77.8615324339
77.8802721031
77.8956973536
77.9077534748
77.9163970308
77.9215962517
77.9233316085
77.9215961539
77.9163968477
77.9077531971
77.8956969818
77.8802716582
77.8615319125
77.8395440209
77.8143837406
77.786135367
77.7548904096
77.7207468899
77.6838089244
77.6441847312
77.6019855375
77.5573243206
77.5103152261
77.4610730814
77.4097120997
77.35634501
77.3010822453
77.2440318074
77.1852989524
77.1249855799
77.0631894627
77
77
77.0631913419
77.1249877625
77.1853013299
77.2440343388
77.3010849187
77.3563478189
77.4097150374
77.4610761494
77.5103184189
77.5573276456
77.6019889859
77.6441882834
77.6838125759
77.7207506304
77.7548942256
77.7861392352
77.8143876407
77.8395479418
77.8615358326
77.8802755693
77.8957008754
77.9077570409
77.9164006292
77.92159987
77.9233352339
77.9215997722
77.9164004462
77.9077567632
77.8957005036
77.8802751243
77.8615353111
77.8395473424
77.8143869762
77.7861385094
77.7548934519
77.7207498261
77.6838117502
77.6441874434
77.6019881343
77.5573268008
77.5103175889
77.4610753273
77.4097142303
77.3563470274
77.3010841519
77.244033606
77.1853006463
77.1249871729
77.0631909548
77
77
77.0631913424
77.1249877631
77.1853013305
77.2440343394
77.3010849194
77.3563478197
77.4097150382
77.4610761502
77.5103184198
77.5573276466
77.6019889869
77.6441882844
77.6838125769
77.7207506315
77.7548942267
77.7861392364
77.8143876419
77.8395479431
77.8615358339
77.8802755706
77.8957008768
77.9077570423
77.9164006306
77.9215998714
77.9233352353
77.9215997736
77.9164004475
77.9077567646
77.895700505
77.8802751257
77.8615353124
77.8395473436
77.8143869775
77.7861385106
77.7548934531
77.7207498272
77.6838117512
77.6441874444
77.6019881353
77.5573268017
77.5103175898
77.4610753281
77.4097142311
77.3563470282
77.3010841526
77.2440336067
77.185300647
77.1249871735
77.0631909553
77
77
77.0631913821
77.1249878056
77.1853013757
77.2440343875
77.3010849704
77.3563478737
77.4097150953
77.4610762105
77.5103184833
77.5573277133
77.6019890568
77.6441883576
77.6838126532
77.7207507109
77.7548943091
77.7861393215
77.8143877297
77.8395480332
77.8615359262
77.8802756649
77.8957009726
77.9077571395
77.9164007288
77.9215999702
77.9233353343
77.9215998725
77.916400546
77.9077568622
77.8957006014
77.8802752206
77.8615354056
77.8395474347
77.8143870662
77.7861385968
77.7548935366
77.7207499078
77.6838118288
77.6441875188
77.6019882065
77.5573268698
77.5103176546
77.4610753897
77.4097142895
77.3563470835
77.3010842049
77.244033656
77.1853006933
77.1249872171
77.063190996
77
77
77.0631913429
77.1249877641
77.1853013316
77.2440343406
77.3010849207
77.3563478211
77.4097150398
77.4610761519
77.5103184217
77.5573276486
77.6019889891
77.6441882868
77.6838125795
77.7207506343
77.7548942297
77.7861392396
77.8143876453
77.8395479466
77.8615358376
77.8802755746
77.8957008809
77.9077570467
77.9164006352
77.9215998761
77.9233352402
77.9215997786
77.9164004527
77.9077567698
77.8957005103
77.880275131
77.8615353178
77.839547349
77.8143869828
77.7861385159
77.7548934583
77.7207498324
77.6838117563
77.6441874493
77.60198814
77.5573268063
77.5103175943
77.4610753324
77.4097142352
77.3563470321
77.3010841564
77.2440336103
77.1853006503
77.1249871767
77.0631909579
77
77
77.0631913401
77.1249877611
77.1853013284
77.2440343373
77.3010849171
77.3563478173
77.4097150357
77.4610761477
77.5103184172
77.5573276439
77.6019889842
77.6441882817
77.6838125741
77.7207506287
77.7548942239
77.7861392336
77.8143876392
77.8395479403
77.8615358312
77.880275568
77.8957008743
77.9077570399
77.9164006284
77.9215998693
77.9233352333
77.9215997718
77.9164004459
77.907756763
77.8957005036
77.8802751244
77.8615353114
77.8395473427
77.8143869767
77.7861385099
77.7548934526
77.7207498268
77.6838117509
77.6441874442
77.6019881351
77.5573268016
77.5103175898
77.4610753282
77.4097142312
77.3563470283
77.3010841528
77.2440336069
77.1853006472
77.1249871737
77.0631909551
77
77
77.0631913374
77.1249877582
77.1853013253
77.244034334
77.3010849136
77.3563478137
77.4097150319
77.4610761436
77.5103184129
77.5573276394
77.6019889794
77.6441882767
77.683812569
77.7207506234
77.7548942184
77.7861392279
77.8143876333
77.8395479342
77.861535825
77.8802755617
77.8957008678
77.9077570334
77.9164006218
77.9215998627
77.9233352267
77.9215997651
77.9164004393
77.9077567565
77.8957004972
77.8802751181
77.8615353051
77.8395473367
77.8143869708
77.7861385042
77.754893447
77.7207498214
77.6838117458
77.6441874392
77.6019881304
77.5573267971
77.5103175855
77.4610753241
77.4097142273
77.3563470246
77.3010841493
77.2440336036
77.1853006441
77.1249871708
77.0631909523
77
77
77.0631913332
77.1249877537
77.1853013206
77.2440343289
77.3010849083
77.356347808
77.4097150259
77.4610761373
77.5103184063
77.5573276324
77.6019889721
77.6441882691
77.683812561
77.7207506151
77.7548942098
77.786139219
77.8143876241
77.8395479249
77.8615358154
77.8802755519
77.8957008579
77.9077570233
77.9164006116
77.9215998524
77.9233352165
77.9215997549
77.9164004291
77.9077567464
77.8957004872
77.8802751083
77.8615352955
77.8395473273
77.8143869616
77.7861384953
77.7548934384
77.7207498132
77.6838117378
77.6441874316
77.6019881231
77.5573267901
77.5103175788
77.4610753178
77.4097142213
77.3563470189
77.301084144
77.2440335985
77.1853006393
77.1249871664
77.0631909481
77
77
77.0631913295
77.1249877499
77.1853013165
77.2440343246
77.3010849037
77.3563478031
77.4097150207
77.4610761318
77.5103184005
77.5573276264
77.6019889658
77.6441882624
77.6838125541
77.7207506079
77.7548942024
77.7861392113
77.8143876162
77.8395479167
77.8615358071
77.8802755434
77.8957008492
77.9077570146
77.9164006028
77.9215998436
77.9233352076
77.9215997461
77.9164004203
77.9077567377
77.8957004786
77.8802750998
77.8615352872
77.8395473192
77.8143869537
77.7861384876
77.754893431
77.720749806
77.6838117309
77.644187425
77.6019881167
77.5573267841
77.5103175731
77.4610753123
77.4097142161
77.356347014
77.3010841393
77.2440335942
77.1853006352
77.1249871625
77.0631909445
77
77
77.0631913264
77.1249877466
77.185301313
77.2440343208
77.3010848997
77.3563477989
77.4097150163
77.4610761272
77.5103183956
77.5573276213
77.6019889604
77.6441882568
77.6838125483
77.7207506018
77.7548941961
77.7861392048
77.8143876095
77.8395479099
77.8615358
77.8802755362
77.895700842
77.9077570072
77.9164005953
77.9215998361
77.9233352001
77.9215997386
77.9164004129
77.9077567303
77.8957004713
77.8802750927
77.8615352802
77.8395473123
77.814386947
77.7861384811
77.7548934247
77.7207497999
77.6838117251
77.6441874194
77.6019881114
77.557326779
77.5103175682
77.4610753076
77.4097142118
77.3563470099
77.3010841354
77.2440335905
77.1853006317
77.1249871592
77.0631909414
77
77
77.0631913239
77.1249877439
77.1853013101
77.2440343178
77.3010848965
77.3563477955
77.4097150127
77.4610761234
77.5103183916
77.5573276171
77.601988956
77.6441882522
77.6838125435
77.7207505969
77.7548941909
77.7861391995
77.814387604
77.8395479042
77.8615357943
77.8802755303
77.895700836
77.9077570012
77.9164005892
77.92159983
77.9233351939
77.9215997324
77.9164004068
77.9077567243
77.8957004654
77.8802750868
77.8615352744
77.8395473067
77.8143869416
77.7861384758
77.7548934195
77.720749795
77.6838117203
77.6441874148
77.601988107
77.5573267748
77.5103175642
77.4610753039
77.4097142082
77.3563470065
77.3010841322
77.2440335874
77.1853006289
77.1249871565
77.0631909389
77
77
77.0631913219
77.1249877418
77.1853013079
77.2440343155
77.301084894
77.3563477929
77.4097150099
77.4610761204
77.5103183885
77.5573276138
77.6019889526
77.6441882487
77.6838125398
77.720750593
77.7548941869
77.7861391954
77.8143875998
77.8395478999
77.8615357898
77.8802755258
77.8957008313
77.9077569965
77.9164005845
77.9215998252
77.9233351891
77.9215997277
77.916400402
77.9077567196
77.8957004607
77.8802750822
77.86153527
77.8395473023
77.8143869373
77.7861384717
77.7548934155
77.7207497911
77.6838117166
77.6441874112
77.6019881036
77.5573267715
77.5103175611
77.4610753009
77.4097142054
77.3563470038
77.3010841297
77.2440335851
77.1853006266
77.1249871544
77.0631909369
77
77
77.0631913205
77.1249877403
77.1853013063
77.2440343138
77.3010848922
77.356347791
77.4097150079
77.4610761183
77.5103183863
77.5573276115
77.6019889502
77.6441882461
77.6838125371
77.7207505902
77.7548941841
77.7861391924
77.8143875967
77.8395478967
77.8615357866
77.8802755225
77.895700828
77.9077569931
77.9164005811
77.9215998218
77.9233351857
77.9215997242
77.9164003986
77.9077567162
77.8957004574
77.8802750789
77.8615352668
77.8395472992
77.8143869343
77.7861384687
77.7548934127
77.7207497883
77.6838117139
77.6441874087
77.6019881011
77.5573267692
77.5103175589
77.4610752988
77.4097142034
77.3563470019
77.3010841279
77.2440335834
77.1853006251
77.124987153
77.0631909355
77
77
77.0631913197
77.1249877394
77.1853013054
77.2440343128
77.3010848912
77.3563477899
77.4097150067
77.4610761171
77.510318385
77.5573276101
77.6019889487
77.6441882446
77.6838125355
77.7207505886
77.7548941823
77.7861391906
77.8143875949
77.8395478949
77.8615357847
77.8802755206
77.895700826
77.9077569911
77.9164005791
77.9215998197
77.9233351837
77.9215997222
77.9164003966
77.9077567142
77.8957004554
77.880275077
77.8615352648
77.8395472973
77.8143869324
77.7861384669
77.754893411
77.7207497867
77.6838117123
77.6441874072
77.6019880997
77.5573267678
77.5103175576
77.4610752975
77.4097142022
77.3563470008
77.3010841268
77.2440335824
77.1853006241
77.1249871521
77.0631909347
77
77
77.0631913194
77.1249877391
77.1853013051
77.2440343124
77.3010848908
77.3563477895
77.4097150063
77.4610761167
77.5103183845
77.5573276096
77.6019889482
77.6441882441
77.683812535
77.720750588
77.7548941818
77.78613919
77.8143875943
77.8395478942
77.861535784
77.8802755199
77.8957008254
77.9077569904
77.9164005784
77.9215998191
77.923335183
77.9215997215
77.9164003959
77.9077567135
77.8957004548
77.8802750763
77.8615352642
77.8395472967
77.8143869318
77.7861384664
77.7548934104
77.7207497861
77.6838117118
77.6441874066
77.6019880992
77.5573267673
77.5103175571
77.4610752971
77.4097142018
77.3563470004
77.3010841265
77.2440335821
77.1853006238
77.1249871518
77.0631909344
77
77
77.0631824018
77.1249781677
77.1852911066
77.2440234835
77.3010734177
77.3563356606
77.4097022108
77.4610626439
77.5103042294
77.5573127716
77.6019734341
77.6441720658
77.6837957063
77.7207331306
77.7548761251
77.7861205738
77.8143684603
77.8395282912
77.8615157658
77.8802551438
77.8956801662
77.9077361168
77.9163795586
77.9215787295
77.9233140986
77.9215787227
77.916379559
77.9077361055
77.8956801474
77.8802551331
77.861515749
77.8395282648
77.8143684263
77.78612053
77.7548760775
77.7207330875
77.6837956687
77.6441720314
77.6019734
77.5573127499
77.5103042237
77.4610626388
77.4097022085
77.3563356556
77.3010734144
77.2440234824
77.1852911063
77.124978166
77.0631824018
77
77
77.063182402
77.124978168
77.1852911069
77.2440234838
77.3010734181
77.3563356609
77.4097022112
77.4610626443
77.5103042299
77.5573127721
77.6019734346
77.6441720663
77.6837957068
77.7207331311
77.7548761257
77.7861205744
77.8143684609
77.8395282918
77.8615157665
77.8802551444
77.8956801669
77.9077361175
77.9163795593
77.9215787301
77.9233140992
77.9215787234
77.9163795597
77.9077361062
77.8956801481
77.8802551338
77.8615157497
77.8395282654
77.8143684269
77.7861205306
77.754876078
77.7207330881
77.6837956692
77.6441720319
77.6019734005
77.5573127504
77.5103042242
77.4610626392
77.4097022089
77.356335656
77.3010734148
77.2440234827
77.1852911066
77.1249781663
77.0631824021
77
77
77.0631824029
77.1249781689
77.1852911079
77.2440234848
77.3010734191
77.3563356621
77.4097022124
77.4610626456
77.5103042312
77.5573127735
77.6019734361
77.6441720678
77.6837957084
77.7207331328
77.7548761274
77.7861205761
77.8143684627
77.8395282937
77.8615157684
77.8802551464
77.8956801689
77.9077361195
77.9163795613
77.9215787322
77.9233141013
77.9215787254
77.9163795617
77.9077361082
77.8956801501
77.8802551358
77.8615157516
77.8395282673
77.8143684288
77.7861205323
77.7548760797
77.7207330897
77.6837956708
77.6441720334
77.601973402
77.5573127518
77.5103042255
77.4610626404
77.4097022101
77.3563356571
77.3010734159
77.2440234837
77.1852911075
77.1249781672
77.0631824029
77
77
77.0631824043
77.1249781704
77.1852911094
77.2440234865
77.3010734209
77.356335664
77.4097022144
77.4610626477
77.5103042334
77.5573127758
77.6019734385
77.6441720704
77.683795711
77.7207331355
77.7548761303
77.7861205791
77.8143684658
77.8395282968
77.8615157716
77.8802551497
77.8956801722
77.9077361229
77.9163795647
77.9215787356
77.9233141047
77.9215787289
77.9163795651
77.9077361115
77.8956801534
77.880255139
77.8615157548
77.8395282704
77.8143684318
77.7861205353
77.7548760826
77.7207330925
77.6837956735
77.6441720359
77.6019734044
77.5573127541
77.5103042277
77.4610626425
77.4097022121
77.356335659
77.3010734177
77.2440234854
77.1852911091
77.1249781687
77.0631824043
77
77
77.0631824062
77.1249781725
77.1852911117
77.2440234889
77.3010734234
77.3563356666
77.4097022172
77.4610626506
77.5103042365
77.5573127791
77.6019734419
77.6441720739
77.6837957148
77.7207331394
77.7548761343
77.7861205832
77.81436847
77.8395283012
77.8615157761
77.8802551542
77.8956801768
77.9077361276
77.9163795695
77.9215787404
77.9233141095
77.9215787336
77.9163795699
77.9077361162
77.895680158
77.8802551436
77.8615157592
77.8395282748
77.8143684361
77.7861205394
77.7548760866
77.7207330963
77.6837956772
77.6441720395
77.6019734078
77.5573127574
77.5103042308
77.4610626455
77.4097022148
77.3563356616
77.3010734202
77.2440234878
77.1852911113
77.1249781708
77.0631824062
77
77
77.0631824087
77.1249781752
77.1852911145
77.2440234919
77.3010734266
77.35633567
77.4097022208
77.4610626544
77.5103042405
77.5573127833
77.6019734463
77.6441720785
77.6837957195
77.7207331443
77.7548761394
77.7861205885
77.8143684755
77.8395283068
77.8615157818
77.8802551601
77.8956801828
77.9077361336
77.9163795756
77.9215787465
77.9233141156
77.9215787398
77.916379576
77.9077361223
77.895680164
77.8802551495
77.861515765
77.8395282804
77.8143684415
77.7861205447
77.7548760918
77.7207331013
77.683795682
77.6441720441
77.6019734122
77.5573127616
77.5103042348
77.4610626493
77.4097022184
77.356335665
77.3010734234
77.2440234908
77.1852911142
77.1249781734
77.0631824088
77
77
77.0631824118
77.1249781784
77.185291118
77.2440234956
77.3010734305
77.3563356742
77.4097022252
77.4610626591
77.5103042454
77.5573127884
77.6019734517
77.6441720841
77.6837957254
77.7207331504
77.7548761457
77.786120595
77.8143684822
77.8395283137
77.8615157889
77.8802551673
77.8956801901
77.907736141
77.916379583
77.921578754
77.9233141231
77.9215787473
77.9163795834
77.9077361297
77.8956801713
77.8802551566
77.861515772
77.8395282873
77.8143684482
77.7861205512
77.7548760981
77.7207331074
77.6837956878
77.6441720497
77.6019734176
77.5573127667
77.5103042397
77.4610626539
77.4097022228
77.3563356692
77.3010734273
77.2440234945
77.1852911177
77.1249781767
77.0631824118
77
77
77.0631824154
77.1249781823
77.1852911221
77.2440235
77.3010734352
77.3563356791
77.4097022303
77.4610626645
77.5103042511
77.5573127944
77.601973458
77.6441720907
77.6837957323
77.7207331576
77.7548761532
77.7861206027
77.8143684901
77.8395283218
77.8615157972
77.8802551758
77.8956801987
77.9077361497
77.9163795918
77.9215787628
77.923314132
77.9215787561
77.9163795922
77.9077361384
77.8956801799
77.8802551651
77.8615157804
77.8395282954
77.8143684561
77.7861205589
77.7548761055
77.7207331146
77.6837956947
77.6441720563
77.6019734239
77.5573127727
77.5103042454
77.4610626594
77.409702228
77.3563356741
77.3010734319
77.2440234989
77.1852911218
77.1249781806
77.0631824154
77
77
77.0631824196
77.1249781868
77.1852911269
77.244023505
77.3010734405
77.3563356847
77.4097022363
77.4610626708
77.5103042578
77.5573128014
77.6019734653
77.6441720984
77.6837957402
77.7207331659
77.7548761618
77.7861206116
77.8143684992
77.8395283312
77.8615158068
77.8802551855
77.8956802087
77.9077361598
77.916379602
77.9215787731
77.9233141423
77.9215787663
77.9163796024
77.9077361485
77.8956801898
77.8802551749
77.86151579
77.8395283048
77.8143684653
77.7861205678
77.7548761141
77.7207331228
77.6837957027
77.644172064
77.6019734312
77.5573127797
77.5103042521
77.4610626657
77.409702234
77.3563356798
77.3010734373
77.2440235039
77.1852911265
77.1249781851
77.0631824196
77
77
77.063182422
77.1249781894
77.1852911296
77.244023508
77.3010734437
77.356335688
77.4097022398
77.4610626745
77.5103042616
77.5573128055
77.6019734696
77.6441721028
77.6837957449
77.7207331707
77.7548761668
77.7861206168
77.8143685046
77.8395283366
77.8615158124
77.8802551913
77.8956802145
77.9077361657
77.9163796079
77.921578779
77.9233141482
77.9215787723
77.9163796083
77.9077361543
77.8956801956
77.8802551806
77.8615157955
77.8395283103
77.8143684706
77.786120573
77.7548761191
77.7207331277
77.6837957073
77.6441720684
77.6019734355
77.5573127838
77.510304256
77.4610626694
77.4097022375
77.3563356831
77.3010734404
77.2440235069
77.1852911293
77.1249781877
77.0631824221
77
77
77.0631824246
77.1249781921
77.1852911325
77.244023511
77.3010734469
77.3563356914
77.4097022434
77.4610626783
77.5103042656
77.5573128097
77.601973474
77.6441721074
77.6837957497
77.7207331757
77.7548761719
77.7861206221
77.8143685101
77.8395283423
77.8615158181
77.8802551971
77.8956802204
77.9077361717
77.916379614
77.9215787852
77.9233141544
77.9215787784
77.9163796144
77.9077361604
77.8956802016
77.8802551865
77.8615158013
77.8395283159
77.8143684761
77.7861205783
77.7548761242
77.7207331326
77.6837957121
77.644172073
77.6019734399
77.557312788
77.51030426
77.4610626732
77.4097022411
77.3563356865
77.3010734436
77.2440235099
77.1852911322
77.1249781904
77.0631824246
77
77
77.0631838865
77.1249797529
77.185292792
77.244025273
77.3010753145
77.3563376675
77.4097043303
77.4610648781
77.5103065798
77.5573152387
77.6019760171
77.6441747634
77.6837985167
77.7207360508
77.754879151
77.786123699
77.8143716781
77.8395315944
77.8615191458
77.8802585908
77.8956836686
77.9077396632
77.9163831371
77.9215823277
77.9233177039
77.921582321
77.9163831375
77.9077396519
77.8956836498
77.8802585802
77.861519129
77.839531568
77.8143716442
77.7861236552
77.7548791033
77.7207360078
77.6837984792
77.644174729
77.601975983
77.557315217
77.5103065741
77.461064873
77.409704328
77.3563376626
77.3010753113
77.2440252719
77.1852927917
77.1249797512
77.0631838866
77
77
77.0631853545
77.1249813202
77.1852944584
77.2440270423
77.30107719
77.3563396519
77.4097064259
77.4610670871
77.5103089037
77.5573176779
77.601978571
77.6441774307
77.6838012956
77.7207389382
77.7548821428
77.7861267889
77.8143748597
77.8395348605
77.8615224877
77.8802619991
77.8956871315
77.9077431696
77.9163866753
77.9215858854
77.9233212686
77.9215858787
77.9163866757
77.9077431583
77.8956871127
77.8802619884
77.8615224708
77.839534834
77.8143748258
77.7861267451
77.754882095
77.7207388952
77.6838012581
77.6441773963
77.6019785369
77.5573176562
77.510308898
77.4610670821
77.4097064236
77.3563396469
77.3010771868
77.2440270412
77.1852944581
77.1249813185
77.0631853546
77
77
77.0631868285
77.1249828939
77.1852961316
77.244028819
77.3010790732
77.3563416445
77.4097085302
77.4610693054
77.5103112373
77.5573201273
77.6019811355
77.6441801091
77.6838040861
77.7207418377
77.7548851473
77.786129892
77.8143780548
77.8395381404
77.8615258437
77.8802654218
77.8956906092
77.9077466909
77.9163902285
77.9215894583
77.9233248485
77.9215894515
77.916390229
77.9077466796
77.8956905903
77.8802654111
77.8615258269
77.8395381139
77.814378021
77.7861298482
77.7548850994
77.7207417947
77.6838040487
77.6441800747
77.6019811015
77.5573201057
77.5103112316
77.4610693004
77.409708528
77.3563416396
77.30107907
77.2440288179
77.1852961314
77.1249828922
77.0631868287
77
77
77.0631883086
77.1249844741
77.1852978118
77.2440306029
77.3010809642
77.3563436454
77.4097106433
77.4610715328
77.5103135806
77.557322587
77.6019837109
77.6441827988
77.6838068883
77.7207447495
77.7548881644
77.7861330082
77.8143812633
77.8395414341
77.8615292139
77.8802688589
77.8956941016
77.9077502272
77.9163937968
77.9215930463
77.9233284436
77.9215930395
77.9163937973
77.9077502159
77.8956940827
77.8802688483
77.8615291971
77.8395414076
77.8143812296
77.7861329643
77.7548881164
77.7207447065
77.6838068509
77.6441827645
77.6019836768
77.5573225654
77.5103135749
77.4610715279
77.4097106411
77.3563436405
77.301080961
77.2440306018
77.1852978116
77.1249844724
77.0631883088
77
77
77.0631897946
77.1249860607
77.1852994988
77.2440323942
77.301082863
77.3563456546
77.4097127651
77.4610737696
77.5103159337
77.557325057
77.6019862969
77.6441854998
77.6838097023
77.7207476734
77.7548911941
77.7861361374
77.8143844854
77.8395447417
77.8615325984
77.8802723106
77.8956976087
77.9077537783
77.9163973801
77.9215966494
77.9233320538
77.9215966427
77.9163973807
77.9077537671
77.8956975897
77.8802723
77.8615325815
77.8395447152
77.8143844517
77.7861360936
77.7548911461
77.7207476304
77.683809665
77.6441854654
77.6019862629
77.5573250354
77.510315928
77.4610737647
77.409712763
77.3563456496
77.3010828599
77.2440323931
77.1852994986
77.124986059
77.0631897949
77
77
77.0631912868
77.1249876538
77.1853011927
77.2440341928
77.3010847696
77.356347672
77.4097148957
77.4610760155
77.5103182965
77.5573275371
77.6019888937
77.6441882119
77.683812528
77.7207506095
77.7548942365
77.7861392797
77.8143877209
77.8395480632
77.861535997
77.8802757768
77.8957011305
77.9077573444
77.9164009785
77.9216002677
77.9233356792
77.921600261
77.9164009791
77.9077573332
77.8957011116
77.8802757662
77.8615359802
77.8395480366
77.8143876873
77.7861392359
77.7548941885
77.7207505666
77.6838124907
77.6441881776
77.6019888597
77.5573275156
77.5103182908
77.4610760106
77.4097148936
77.356347667
77.3010847665
77.2440341917
77.1853011925
77.1249876521
77.0631912871
77
77
77.0631912873
77.1249876544
77.1853011933
77.2440341935
77.3010847703
77.3563476727
77.4097148965
77.4610760163
77.5103182974
77.5573275381
77.6019888947
77.644188213
77.6838125291
77.7207506107
77.7548942377
77.7861392809
77.8143877222
77.8395480645
77.8615359983
77.8802757781
77.8957011318
77.9077573458
77.9164009799
77.9216002691
77.9233356806
77.9216002623
77.9164009805
77.9077573345
77.8957011129
77.8802757675
77.8615359815
77.8395480379
77.8143876885
77.7861392371
77.7548941896
77.7207505677
77.6838124918
77.6441881786
77.6019888607
77.5573275165
77.5103182917
77.4610760115
77.4097148944
77.3563476678
77.3010847672
77.2440341924
77.1853011931
77.1249876527
77.0631912876
77
77
77.063191327
77.1249876969
77.1853012386
77.2440342416
77.3010848213
77.3563477268
77.4097149537
77.4610760766
77.5103183609
77.5573276048
77.6019889647
77.6441882861
77.6838126054
77.72075069
77.75489432
77.786139366
77.8143878099
77.8395481546
77.8615360907
77.8802758724
77.8957012277
77.907757443
77.916401078
77.9216003678
77.9233357796
77.9216003613
77.9164010789
77.9077574321
77.8957012094
77.8802758625
77.8615360746
77.839548129
77.8143877772
77.7861393233
77.7548942731
77.7207506483
77.6838125693
77.6441882531
77.601988932
77.5573275846
77.5103183565
77.4610760731
77.4097149528
77.3563477231
77.3010848194
77.2440342417
77.1853012395
77.1249876963
77.0631913283
77
77
77.0631912878
77.1249876554
77.1853011944
77.2440341947
77.3010847716
77.3563476742
77.4097148981
77.461076018
77.5103182993
77.5573275401
77.6019888969
77.6441882153
77.6838125317
77.7207506134
77.7548942406
77.7861392841
77.8143877255
77.839548068
77.8615360021
77.8802757821
77.895701136
77.9077573502
77.9164009845
77.9216002738
77.9233356855
77.9216002674
77.9164009856
77.9077573398
77.8957011182
77.8802757729
77.8615359868
77.8395480433
77.8143876938
77.7861392424
77.7548941949
77.7207505729
77.6838124968
77.6441881835
77.6019888655
77.5573275211
77.5103182962
77.4610760158
77.4097148985
77.3563476717
77.3010847709
77.244034196
77.1853011965
77.1249876559
77.0631912902
77
77
77.063191285
77.1249876524
77.1853011912
77.2440341913
77.301084768
77.3563476704
77.4097148941
77.4610760138
77.5103182948
77.5573275354
77.601988892
77.6441882102
77.6838125263
77.7207506079
77.7548942349
77.7861392781
77.8143877194
77.8395480617
77.8615359957
77.8802757755
77.8957011294
77.9077573434
77.9164009776
77.921600267
77.9233356786
77.9216002605
77.9164009788
77.907757333
77.8957011116
77.8802757663
77.8615359804
77.839548037
77.8143876877
77.7861392365
77.7548941891
77.7207505673
77.6838124915
77.6441881784
77.6019888606
77.5573275165
77.5103182917
77.4610760115
77.4097148945
77.3563476679
77.3010847674
77.2440341926
77.1853011933
77.1249876529
77.0631912874
77
77
77.0631912823
77.1249876495
77.1853011882
77.2440341881
77.3010847646
77.3563476667
77.4097148902
77.4610760097
77.5103182905
77.5573275309
77.6019888873
77.6441882053
77.6838125211
77.7207506025
77.7548942293
77.7861392724
77.8143877135
77.8395480557
77.8615359894
77.8802757692
77.8957011229
77.9077573369
77.9164009711
77.9216002603
77.923335672
77.9216002539
77.9164009722
77.9077573265
77.8957011051
77.88027576
77.8615359742
77.8395480309
77.8143876818
77.7861392307
77.7548941836
77.7207505619
77.6838124863
77.6441881735
77.6019888558
77.5573275119
77.5103182874
77.4610760074
77.4097148906
77.3563476642
77.3010847639
77.2440341893
77.1853011902
77.12498765
77.0631912846
77
77
77.0631912781
77.1249876451
77.1853011834
77.244034183
77.3010847592
77.356347661
77.4097148842
77.4610760034
77.5103182838
77.5573275239
77.6019888799
77.6441881976
77.6838125132
77.7207505942
77.7548942207
77.7861392635
77.8143877044
77.8395480463
77.8615359798
77.8802757594
77.895701113
77.9077573268
77.9164009609
77.9216002501
77.9233356617
77.9216002437
77.9164009621
77.9077573164
77.8957010952
77.8802757502
77.8615359646
77.8395480216
77.8143876727
77.7861392219
77.754894175
77.7207505537
77.6838124784
77.6441881658
77.6019888485
77.5573275049
77.5103182807
77.4610760011
77.4097148846
77.3563476586
77.3010847585
77.2440341843
77.1853011855
77.1249876455
77.0631912804
77
77
77.0631912744
77.1249876412
77.1853011793
77.2440341786
77.3010847546
77.3563476561
77.409714879
77.4610759979
77.5103182781
77.5573275179
77.6019888736
77.644188191
77.6838125063
77.720750587
77.7548942133
77.7861392558
77.8143876965
77.8395480382
77.8615359715
77.8802757509
77.8957011043
77.9077573181
77.9164009521
77.9216002413
77.9233356528
77.9216002348
77.9164009533
77.9077573077
77.8957010865
77.8802757417
77.8615359563
77.8395480134
77.8143876647
77.7861392142
77.7548941675
77.7207505465
77.6838124714
77.6441881592
77.6019888422
77.5573274989
77.510318275
77.4610759957
77.4097148794
77.3563476537
77.3010847539
77.2440341799
77.1853011814
77.1249876417
77.0631912768
77
77
77.0631912713
77.1249876379
77.1853011758
77.2440341749
77.3010847506
77.356347652
77.4097148746
77.4610759933
77.5103182732
77.5573275127
77.6019888682
77.6441881854
77.6838125004
77.720750581
77.754894207
77.7861392493
77.8143876898
77.8395480313
77.8615359645
77.8802757437
77.895701097
77.9077573107
77.9164009446
77.9216002338
77.9233356453
77.9216002273
77.9164009458
77.9077573003
77.8957010792
77.8802757345
77.8615359492
77.8395480066
77.8143876581
77.7861392077
77.7548941613
77.7207505404
77.6838124656
77.6441881536
77.6019888368
77.5573274938
77.5103182701
77.461075991
77.4097148751
77.3563476495
77.30108475
77.2440341762
77.1853011779
77.1249876384
77.0631912737
77
77
77.0631912688
77.1249876352
77.185301173
77.2440341719
77.3010847474
77.3563476486
77.409714871
77.4610759895
77.5103182692
77.5573275086
77.6019888639
77.6441881808
77.6838124957
77.720750576
77.7548942019
77.786139244
77.8143876843
77.8395480257
77.8615359587
77.8802757379
77.8957010911
77.9077573047
77.9164009385
77.9216002276
77.9233356392
77.9216002212
77.9164009397
77.9077572942
77.8957010733
77.8802757286
77.8615359435
77.8395480009
77.8143876526
77.7861392024
77.7548941561
77.7207505355
77.6838124608
77.644188149
77.6019888324
77.5573274896
77.5103182661
77.4610759872
77.4097148715
77.3563476461
77.3010847467
77.2440341732
77.185301175
77.1249876357
77.0631912712
77
77
77.0631912669
77.1249876332
77.1853011707
77.2440341695
77.3010847449
77.3563476459
77.4097148682
77.4610759865
77.5103182661
77.5573275053
77.6019888604
77.6441881772
77.6838124919
77.7207505721
77.7548941978
77.7861392399
77.81438768
77.8395480213
77.8615359543
77.8802757333
77.8957010864
77.9077573
77.9164009338
77.9216002229
77.9233356344
77.9216002164
77.916400935
77.9077572895
77.8957010686
77.8802757241
77.861535939
77.8395479966
77.8143876483
77.7861391982
77.7548941521
77.7207505316
77.6838124571
77.6441881454
77.601988829
77.5573274863
77.510318263
77.4610759843
77.4097148687
77.3563476435
77.3010847442
77.2440341708
77.1853011728
77.1249876336
77.0631912692
77
77
77.0631912655
77.1249876317
77.1853011692
77.2440341679
77.3010847431
77.356347644
77.4097148662
77.4610759844
77.5103182639
77.557327503
77.601988858
77.6441881747
77.6838124893
77.7207505694
77.754894195
77.7861392369
77.814387677
77.8395480182
77.8615359511
77.88027573
77.8957010831
77.9077572966
77.9164009304
77.9216002195
77.923335631
77.921600213
77.9164009316
77.9077572862
77.8957010653
77.8802757208
77.8615359358
77.8395479934
77.8143876453
77.7861391953
77.7548941492
77.7207505288
77.6838124545
77.6441881429
77.6019888266
77.557327484
77.5103182608
77.4610759822
77.4097148667
77.3563476416
77.3010847425
77.2440341691
77.1853011712
77.1249876321
77.0631912678
77
77
77.0631912646
77.1249876308
77.1853011682
77.2440341669
77.3010847421
77.3563476429
77.409714865
77.4610759832
77.5103182626
77.5573275016
77.6019888565
77.6441881732
77.6838124877
77.7207505677
77.7548941933
77.7861392351
77.8143876751
77.8395480163
77.8615359491
77.8802757281
77.8957010811
77.9077572946
77.9164009284
77.9216002174
77.9233356289
77.921600211
77.9164009295
77.9077572842
77.8957010633
77.8802757188
77.8615359339
77.8395479916
77.8143876434
77.7861391935
77.7548941475
77.7207505272
77.6838124529
77.6441881414
77.6019888251
77.5573274826
77.5103182595
77.4610759809
77.4097148655
77.3563476404
77.3010847414
77.2440341681
77.1853011703
77.1249876313
77.063191267
77
77
77.0631912643
77.1249876305
77.1853011679
77.2440341665
77.3010847417
77.3563476425
77.4097148646
77.4610759828
77.5103182621
77.5573275011
77.6019888561
77.6441881727
77.6838124872
77.7207505672
77.7548941927
77.7861392345
77.8143876745
77.8395480157
77.8615359485
77.8802757274
77.8957010805
77.9077572939
77.9164009277
77.9216002167
77.9233356283
77.9216002103
77.9164009289
77.9077572835
77.8957010627
77.8802757182
77.8615359332
77.8395479909
77.8143876428
77.7861391929
77.754894147
77.7207505266
77.6838124523
77.6441881409
77.6019888246
77.5573274821
77.510318259
77.4610759805
77.4097148651
77.3563476401
77.301084741
77.2440341678
77.18530117
77.124987631
77.0631912667
77
77
77.063182068
77.1249776886
77.1852905591
77.2440228976
77.3010728033
77.3563350206
77.4097015478
77.4610619606
77.5103035291
77.5573120566
77.6019727057
77.6441713303
77.683794968
77.7207323908
77.7548753894
77.7861198468
77.8143677483
77.8395275979
77.8615150969
77.880254502
77.8956795571
77.9077355449
77.9163790251
77.921578239
77.9233136528
77.9215783245
77.9163792092
77.9077358001
77.8956798921
77.8802549247
77.8615155851
77.8395281453
77.8143683442
77.7861204871
77.7548760689
77.7207331096
77.683795717
77.644172102
77.6019734903
77.5573128579
77.5103043468
77.4610627723
77.4097023504
77.3563358028
77.3010735642
77.2440236295
77.1852912409
77.1249782733
77.0631824555
77
77
77.0631820682
77.1249776889
77.1852905594
77.244022898
77.3010728037
77.356335021
77.4097015482
77.461061961
77.5103035295
77.557312057
77.6019727062
77.6441713308
77.6837949686
77.7207323914
77.75487539
77.7861198474
77.8143677489
77.8395275986
77.8615150975
77.8802545026
77.8956795578
77.9077355456
77.9163790258
77.9215782397
77.9233136535
77.9215783252
77.9163792099
77.9077358008
77.8956798928
77.8802549254
77.8615155857
77.8395281459
77.8143683448
77.7861204877
77.7548760695
77.7207331102
77.6837957176
77.6441721025
77.6019734908
77.5573128584
77.5103043473
77.4610627727
77.4097023508
77.3563358032
77.3010735646
77.2440236298
77.1852912413
77.1249782736
77.0631824557
77
77
77.0631820691
77.1249776898
77.1852905604
77.244022899
77.3010728048
77.3563350222
77.4097015494
77.4610619623
77.5103035309
77.5573120584
77.6019727077
77.6441713323
77.6837949702
77.720732393
77.7548753917
77.7861198491
77.8143677508
77.8395276004
77.8615150995
77.8802545046
77.8956795598
77.9077355476
77.9163790278
77.9215782417
77.9233136555
77.9215783272
77.9163792119
77.9077358028
77.8956798948
77.8802549273
77.8615155876
77.8395281478
77.8143683466
77.7861204895
77.7548760712
77.7207331118
77.6837957191
77.6441721041
77.6019734922
77.5573128598
77.5103043486
77.461062774
77.409702352
77.3563358043
77.3010735656
77.2440236308
77.1852912422
77.1249782744
77.0631824566
77
77
77.0631820705
77.1249776913
77.185290562
77.2440229007
77.3010728066
77.356335024
77.4097015514
77.4610619644
77.5103035331
77.5573120607
77.6019727101
77.6441713349
77.6837949728
77.7207323958
77.7548753945
77.7861198521
77.8143677538
77.8395276036
77.8615151027
77.8802545078
77.8956795631
77.9077355509
77.9163790312
77.9215782451
77.923313659
77.9215783306
77.9163792153
77.9077358061
77.8956798981
77.8802549306
77.8615155908
77.8395281509
77.8143683497
77.7861204924
77.7548760741
77.7207331146
77.6837957218
77.6441721066
77.6019734947
77.5573128621
77.5103043508
77.4610627761
77.4097023539
77.3563358062
77.3010735674
77.2440236325
77.1852912438
77.1249782759
77.063182458
77
77
77.0631820724
77.1249776934
77.1852905642
77.244022903
77.3010728091
77.3563350267
77.4097015542
77.4610619673
77.5103035362
77.557312064
77.6019727135
77.6441713384
77.6837949765
77.7207323997
77.7548753985
77.7861198562
77.8143677581
77.8395276079
77.8615151071
77.8802545124
77.8956795677
77.9077355556
77.9163790359
77.9215782499
77.9233136637
77.9215783354
77.9163792201
77.9077358108
77.8956799027
77.8802549352
77.8615155953
77.8395281553
77.8143683539
77.7861204966
77.7548760781
77.7207331185
77.6837957255
77.6441721102
77.6019734981
77.5573128654
77.5103043539
77.461062779
77.4097023567
77.3563358088
77.3010735699
77.2440236349
77.185291246
77.124978278
77.0631824599
77
77
77.0631820749
77.124977696
77.185290567
77.244022906
77.3010728123
77.3563350301
77.4097015578
77.4610619711
77.5103035402
77.5573120682
77.6019727179
77.644171343
77.6837949813
77.7207324046
77.7548754037
77.7861198615
77.8143677635
77.8395276136
77.8615151129
77.8802545183
77.8956795737
77.9077355617
77.916379042
77.921578256
77.9233136699
77.9215783415
77.9163792262
77.9077358169
77.8956799087
77.880254941
77.8615156011
77.8395281609
77.8143683594
77.7861205019
77.7548760832
77.7207331234
77.6837957303
77.6441721148
77.6019735025
77.5573128696
77.5103043579
77.4610627828
77.4097023603
77.3563358122
77.3010735731
77.2440236379
77.1852912489
77.1249782807
77.0631824624
77
77
77.063182078
77.1249776993
77.1852905705
77.2440229097
77.3010728162
77.3563350342
77.4097015622
77.4610619757
77.5103035451
77.5573120733
77.6019727233
77.6441713486
77.6837949871
77.7207324107
77.75487541
77.786119868
77.8143677702
77.8395276204
77.8615151199
77.8802545254
77.895679581
77.9077355691
77.9163790495
77.9215782635
77.9233136774
77.921578349
77.9163792336
77.9077358243
77.895679916
77.8802549482
77.8615156081
77.8395281678
77.8143683661
77.7861205084
77.7548760895
77.7207331295
77.6837957361
77.6441721204
77.6019735078
77.5573128747
77.5103043628
77.4610627874
77.4097023647
77.3563358164
77.3010735771
77.2440236416
77.1852912523
77.124978284
77.0631824655
77
77
77.0631820816
77.1249777032
77.1852905746
77.2440229141
77.3010728208
77.3563350392
77.4097015674
77.4610619812
77.5103035508
77.5573120794
77.6019727296
77.6441713552
77.6837949941
77.7207324179
77.7548754174
77.7861198757
77.8143677782
77.8395276286
77.8615151282
77.8802545339
77.8956795896
77.9077355778
77.9163790583
77.9215782724
77.9233136863
77.9215783579
77.9163792424
77.907735833
77.8956799246
77.8802549567
77.8615156164
77.8395281759
77.814368374
77.7861205161
77.7548760969
77.7207331367
77.683795743
77.644172127
77.6019735142
77.5573128807
77.5103043685
77.4610627929
77.4097023699
77.3563358213
77.3010735817
77.244023646
77.1852912565
77.1249782878
77.0631824691
77
77
77.0631820858
77.1249777077
77.1852905794
77.2440229192
77.3010728262
77.3563350448
77.4097015734
77.4610619875
77.5103035575
77.5573120863
77.6019727369
77.6441713629
77.683795002
77.7207324261
77.754875426
77.7861198846
77.8143677873
77.8395276379
77.8615151378
77.8802545437
77.8956795995
77.9077355879
77.9163790685
77.9215782826
77.9233136965
77.9215783681
77.9163792526
77.9077358431
77.8956799346
77.8802549665
77.861515626
77.8395281853
77.8143683831
77.7861205249
77.7548761055
77.7207331449
77.683795751
77.6441721346
77.6019735215
77.5573128877
77.5103043752
77.4610627992
77.4097023759
77.356335827
77.3010735871
77.244023651
77.1852912612
77.1249782923
77.0631824733
77
77
77.0631820882
77.1249777103
77.1852905821
77.2440229221
77.3010728293
77.3563350481
77.4097015769
77.4610619912
77.5103035613
77.5573120904
77.6019727412
77.6441713673
77.6837950067
77.720732431
77.754875431
77.7861198898
77.8143677926
77.8395276434
77.8615151434
77.8802545494
77.8956796053
77.9077355937
77.9163790744
77.9215782886
77.9233137025
77.921578374
77.9163792585
77.907735849
77.8956799404
77.8802549722
77.8615156316
77.8395281907
77.8143683885
77.7861205301
77.7548761105
77.7207331498
77.6837957556
77.6441721391
77.6019735258
77.5573128918
77.5103043791
77.4610628029
77.4097023794
77.3563358303
77.3010735902
77.244023654
77.185291264
77.1249782949
77.0631824757
77
77
77.0631820907
77.1249777129
77.185290585
77.2440229251
77.3010728325
77.3563350515
77.4097015805
77.461061995
77.5103035653
77.5573120946
77.6019727456
77.6441713719
77.6837950114
77.7207324359
77.7548754361
77.7861198951
77.8143677981
77.839527649
77.8615151492
77.8802545553
77.8956796113
77.9077355998
77.9163790805
77.9215782947
77.9233137086
77.9215783802
77.9163792646
77.907735855
77.8956799463
77.8802549781
77.8615156374
77.8395281964
77.8143683939
77.7861205354
77.7548761157
77.7207331547
77.6837957604
77.6441721437
77.6019735302
77.557312896
77.510304383
77.4610628067
77.409702383
77.3563358337
77.3010735934
77.244023657
77.1852912668
77.1249782976
77.0631824783
77
77
77.0631835527
77.1249792738
77.1852922445
77.2440246871
77.3010747002
77.3563370276
77.4097036673
77.4610641948
77.5103058795
77.5573145236
77.6019752887
77.6441740279
77.6837977786
77.7207353111
77.7548784152
77.7861229719
77.8143709662
77.8395309012
77.8615184769
77.880257949
77.8956830595
77.9077390912
77.9163826036
77.9215818373
77.9233172581
77.9215819228
77.9163827878
77.9077393464
77.8956833945
77.8802583718
77.861518965
77.8395314485
77.814371562
77.7861236123
77.7548790948
77.7207360299
77.6837985275
77.6441747997
77.6019760733
77.557315325
77.5103066972
77.4610650065
77.4097044699
77.3563378098
77.3010754611
77.244025419
77.1852929264
77.1249798585
77.0631839402
77
77
77.0631850207
77.124980841
77.1852939109
77.2440264564
77.3010765757
77.356339012
77.4097057629
77.4610664039
77.5103082033
77.5573169629
77.6019778426
77.6441766951
77.6838005575
77.7207381985
77.754881407
77.7861260619
77.8143741478
77.8395341673
77.8615218187
77.8802613572
77.8956865225
77.9077425976
77.9163861418
77.921585395
77.9233208228
77.9215854805
77.9163863259
77.9077428528
77.8956868574
77.88026178
77.8615223069
77.8395347145
77.8143747436
77.7861267022
77.7548820865
77.7207389173
77.6838013064
77.6441774669
77.6019786271
77.5573177642
77.5103090211
77.4610672156
77.4097065655
77.3563397942
77.3010773365
77.2440271883
77.1852945928
77.1249814258
77.0631854082
77
77
77.0631864947
77.1249824148
77.1852955842
77.244028233
77.301078459
77.3563410046
77.4097078673
77.4610686222
77.5103105369
77.5573194124
77.6019804072
77.6441793736
77.6838033481
77.720741098
77.7548844114
77.7861291649
77.8143773428
77.8395374472
77.8615251748
77.8802647799
77.8956900002
77.9077461189
77.9163896951
77.9215889678
77.9233244026
77.9215890533
77.9163898792
77.9077463741
77.895690335
77.8802652027
77.8615256629
77.8395379944
77.8143779387
77.7861298052
77.7548850909
77.7207418168
77.683804097
77.6441801454
77.6019811917
77.5573202137
77.5103113547
77.4610694339
77.4097086698
77.3563417868
77.3010792198
77.2440289649
77.185296266
77.1249829995
77.0631868822
77
77
77.0631879747
77.1249839949
77.1852972643
77.2440300169
77.3010803501
77.3563430055
77.4097099804
77.4610708497
77.5103128802
77.5573218721
77.6019829826
77.6441820633
77.6838061505
77.7207440098
77.7548874285
77.786132281
77.8143805514
77.839540741
77.861528545
77.880268217
77.8956934926
77.9077496552
77.9163932634
77.9215925558
77.9233279977
77.9215926413
77.9163934475
77.9077499103
77.8956938274
77.8802686399
77.8615290332
77.8395412881
77.8143811472
77.7861329214
77.754888108
77.7207447286
77.6838068993
77.6441828351
77.601983767
77.5573226734
77.510313698
77.4610716614
77.4097107829
77.3563437878
77.3010811108
77.2440307488
77.1852979462
77.1249845797
77.0631883623
77
77
77.0631894608
77.1249855815
77.1852989513
77.2440318082
77.301082249
77.3563450147
77.4097121022
77.4610730864
77.5103152333
77.5573243421
77.6019855687
77.6441847642
77.6838089645
77.7207469338
77.7548904582
77.7861354102
77.8143837735
77.8395440486
77.8615319294
77.8802716687
77.8956969998
77.9077532063
77.9163968467
77.921596159
77.9233316079
77.9215962445
77.9163970309
77.9077534614
77.8956973345
77.8802720915
77.8615324176
77.8395445957
77.8143843693
77.7861360506
77.7548911377
77.7207476525
77.6838097133
77.6441855361
77.6019863531
77.5573251434
77.5103160511
77.4610738982
77.4097129048
77.3563457969
77.3010830097
77.2440325401
77.1852996332
77.1249861663
77.0631898484
77
77
77.063190953
77.1249871746
77.1853006452
77.2440336068
77.3010841556
77.3563470321
77.4097142328
77.4610753324
77.5103175961
77.5573268223
77.6019881655
77.6441874764
77.6838117903
77.7207498699
77.7548935006
77.7861385525
77.814387009
77.8395473701
77.8615353281
77.8802751348
77.8957005216
77.9077567724
77.9164004451
77.9215997773
77.9233352332
77.9215998628
77.9164006293
77.9077570274
77.8957008563
77.8802755577
77.8615358163
77.8395479172
77.8143876048
77.7861391929
77.7548941801
77.7207505887
77.683812539
77.6441882482
77.6019889499
77.5573276236
77.5103184138
77.4610761442
77.4097150354
77.3563478144
77.3010849163
77.2440343387
77.1853013271
77.1249877594
77.0631913405
77
77
77.0631909535
77.1249871752
77.1853006458
77.2440336074
77.3010841563
77.3563470329
77.4097142336
77.4610753332
77.510317597
77.5573268232
77.6019881665
77.6441874774
77.6838117914
77.720749871
77.7548935017
77.7861385537
77.8143870102
77.8395473714
77.8615353294
77.8802751362
77.895700523
77.9077567738
77.9164004465
77.9215997787
77.9233352346
77.9215998642
77.9164006307
77.9077570288
77.8957008577
77.880275559
77.8615358176
77.8395479185
77.8143876061
77.7861391941
77.7548941812
77.7207505898
77.6838125401
77.6441882493
77.6019889509
77.5573276245
77.5103184147
77.461076145
77.4097150362
77.3563478151
77.301084917
77.2440343394
77.1853013277
77.12498776
77.0631913411
77
77
77.0631909932
77.1249872177
77.1853006911
77.2440336555
77.3010842074
77.3563470869
77.4097142908
77.4610753935
77.5103176605
77.55732689
77.6019882365
77.6441875506
77.6838118677
77.7207499504
77.7548935841
77.7861386388
77.814387098
77.8395474616
77.8615354217
77.8802752304
77.8957006189
77.9077568709
77.9164005447
77.9215998774
77.9233353337
77.9215999631
77.9164007291
77.9077571264
77.8957009541
77.880275654
77.8615359107
77.8395480096
77.8143876948
77.7861392803
77.7548942647
77.7207506704
77.6838126176
77.6441883237
77.6019890221
77.5573276926
77.5103184795
77.4610762066
77.4097150946
77.3563478704
77.3010849692
77.2440343886
77.1853013741
77.1249878036
77.0631913817
77
77
77.063190954
77.1249871762
77.185300647
77.2440336087
77.3010841577
77.3563470343
77.4097142352
77.461075335
77.5103175988
77.5573268252
77.6019881687
77.6441874798
77.6838117939
77.7207498738
77.7548935047
77.7861385569
77.8143870136
77.839547375
77.8615353332
77.8802751401
77.8957005272
77.9077567782
77.9164004511
77.9215997834
77.9233352395
77.9215998692
77.9164006358
77.907757034
77.895700863
77.8802755644
77.8615358229
77.8395479239
77.8143876114
77.7861391994
77.7548941865
77.720750595
77.6838125451
77.6441882542
77.6019889557
77.5573276291
77.5103184192
77.4610761493
77.4097150403
77.356347819
77.3010849208
77.2440343429
77.1853013311
77.1249877632
77.0631913436
77
77
77.0631909512
77.1249871732
77.1853006438
77.2440336053
77.3010841541
77.3563470305
77.4097142312
77.4610753307
77.5103175944
77.5573268206
77.6019881638
77.6441874747
77.6838117886
77.7207498682
77.7548934989
77.7861385509
77.8143870075
77.8395473687
77.8615353267
77.8802751336
77.8957005205
77.9077567714
77.9164004443
77.9215997766
77.9233352327
77.9215998624
77.916400629
77.9077570272
77.8957008563
77.8802755578
77.8615358165
77.8395479176
77.8143876053
77.7861391934
77.7548941807
77.7207505894
77.6838125398
77.6441882491
77.6019889508
77.5573276244
77.5103184147
77.4610761451
77.4097150363
77.3563478152
77.3010849172
77.2440343395
77.1853013279
77.1249877602
77.0631913408
77
77
77.0631909485
77.1249871703
77.1853006407
77.244033602
77.3010841506
77.3563470268
77.4097142273
77.4610753266
77.51031759
77.557326816
77.6019881591
77.6441874697
77.6838117834
77.7207498629
77.7548934933
77.7861385452
77.8143870016
77.8395473626
77.8615353205
77.8802751272
77.895700514
77.9077567649
77.9164004377
77.9215997699
77.923335226
77.9215998557
77.9164006224
77.9077570207
77.8957008499
77.8802755514
77.8615358103
77.8395479115
77.8143875994
77.7861391877
77.7548941752
77.7207505841
77.6838125346
77.6441882441
77.601988946
77.5573276199
77.5103184104
77.461076141
77.4097150324
77.3563478116
77.3010849137
77.2440343363
77.1853013248
77.1249877573
77.0631913381
77
77
77.0631909443
77.1249871658
77.1853006359
77.2440335969
77.3010841452
77.3563470212
77.4097142213
77.4610753203
77.5103175834
77.557326809
77.6019881517
77.6441874621
77.6838117755
77.7207498546
77.7548934848
77.7861385363
77.8143869924
77.8395473532
77.8615353109
77.8802751174
77.8957005041
77.9077567548
77.9164004275
77.9215997597
77.9233352158
77.9215998455
77.9164006123
77.9077570106
77.8957008399
77.8802755417
77.8615358007
77.8395479021
77.8143875902
77.7861391788
77.7548941666
77.7207505758
77.6838125266
77.6441882365
77.6019889387
77.5573276129
77.5103184038
77.4610761347
77.4097150264
77.3563478059
77.3010849083
77.2440343312
77.1853013201
77.1249877528
77.0631913339
77
77
77.0631909406
77.124987162
77.1853006318
77.2440335926
77.3010841406
77.3563470162
77.4097142161
77.4610753148
77.5103175776
77.557326803
77.6019881454
77.6441874554
77.6838117686
77.7207498474
77.7548934773
77.7861385286
77.8143869845
77.8395473451
77.8615353026
77.880275109
77.8957004955
77.9077567461
77.9164004187
77.9215997509
77.9233352069
77.9215998366
77.9164006035
77.9077570019
77.8957008313
77.8802755332
77.8615357924
77.839547894
77.8143875823
77.7861391711
77.7548941591
77.7207505686
77.6838125197
77.6441882298
77.6019889324
77.5573276069
77.510318398
77.4610761292
77.4097150212
77.356347801
77.3010849037
77.2440343268
77.185301316
77.124987749
77.0631913302
77
77
77.0631909375
77.1249871587
77.1853006283
77.2440335889
77.3010841367
77.3563470121
77.4097142117
77.4610753102
77.5103175728
77.5573267979
77.60198814
77.6441874498
77.6838117627
77.7207498413
77.754893471
77.7861385221
77.8143869778
77.8395473382
77.8615352956
77.8802751018
77.8957004882
77.9077567387
77.9164004112
77.9215997434
77.9233351994
77.9215998291
77.916400596
77.9077569945
77.895700824
77.880275526
77.8615357853
77.8395478871
77.8143875756
77.7861391646
77.7548941528
77.7207505625
77.6838125139
77.6441882242
77.601988927
77.5573276018
77.5103183931
77.4610761245
77.4097150168
77.3563477968
77.3010848998
77.2440343231
77.1853013125
77.1249877457
77.0631913271
77
77
77.063190935
77.124987156
77.1853006255
77.2440335858
77.3010841335
77.3563470087
77.4097142081
77.4610753064
77.5103175688
77.5573267937
77.6019881357
77.6441874452
77.6838117579
77.7207498364
77.7548934659
77.7861385168
77.8143869724
77.8395473326
77.8615352898
77.8802750959
77.8957004822
77.9077567326
77.9164004051
77.9215997372
77.9233351932
77.921599823
77.9164005899
77.9077569885
77.895700818
77.8802755201
77.8615357796
77.8395478815
77.8143875702
77.7861391593
77.7548941477
77.7207505576
77.6838125091
77.6441882196
77.6019889226
77.5573275976
77.5103183891
77.4610761208
77.4097150132
77.3563477934
77.3010848966
77.2440343201
77.1853013096
77.124987743
77.0631913246
77
77
77.063190933
77.1249871539
77.1853006233
77.2440335835
77.301084131
77.356347006
77.4097142053
77.4610753035
77.5103175657
77.5573267904
77.6019881322
77.6441874417
77.6838117542
77.7207498325
77.7548934619
77.7861385127
77.8143869681
77.8395473282
77.8615352853
77.8802750913
77.8957004776
77.9077567279
77.9164004004
77.9215997325
77.9233351885
77.9215998182
77.9164005852
77.9077569838
77.8957008134
77.8802755156
77.8615357751
77.8395478771
77.8143875659
77.7861391552
77.7548941437
77.7207505537
77.6838125054
77.6441882161
77.6019889192
77.5573275943
77.510318386
77.4610761178
77.4097150104
77.3563477908
77.3010848941
77.2440343178
77.1853013074
77.1249877409
77.0631913226
77
77
77.0631909316
77.1249871524
77.1853006217
77.2440335818
77.3010841292
77.3563470042
77.4097142033
77.4610753014
77.5103175635
77.5573267881
77.6019881298
77.6441874391
77.6838117516
77.7207498298
77.754893459
77.7861385097
77.814386965
77.8395473251
77.8615352821
77.8802750881
77.8957004743
77.9077567246
77.916400397
77.921599729
77.9233351851
77.9215998148
77.9164005818
77.9077569804
77.8957008101
77.8802755123
77.8615357719
77.839547874
77.8143875629
77.7861391522
77.7548941408
77.7207505509
77.6838125028
77.6441882135
77.6019889168
77.557327592
77.5103183838
77.4610761157
77.4097150084
77.3563477889
77.3010848923
77.2440343161
77.1853013058
77.1249877394
77.0631913212
77
77
77.0631909308
77.1249871515
77.1853006207
77.2440335808
77.3010841281
77.356347003
77.4097142021
77.4610753001
77.5103175621
77.5573267867
77.6019881283
77.6441874376
77.68381175
77.7207498281
77.7548934573
77.7861385079
77.8143869632
77.8395473232
77.8615352802
77.8802750861
77.8957004723
77.9077567226
77.916400395
77.921599727
77.923335183
77.9215998128
77.9164005797
77.9077569784
77.8957008081
77.8802755103
77.86153577
77.8395478721
77.814387561
77.7861391504
77.7548941391
77.7207505493
77.6838125012
77.644188212
77.6019889153
77.5573275906
77.5103183825
77.4610761144
77.4097150072
77.3563477877
77.3010848912
77.2440343151
77.1853013049
77.1249877385
77.0631913204
77
77
77.0631909305
77.1249871513
77.1853006204
77.2440335804
77.3010841277
77.3563470026
77.4097142017
77.4610752997
77.5103175617
77.5573267862
77.6019881279
77.6441874371
77.6838117494
77.7207498276
77.7548934567
77.7861385073
77.8143869626
77.8395473226
77.8615352796
77.8802750855
77.8957004716
77.9077567219
77.9164003943
77.9215997263
77.9233351823
77.9215998121
77.9164005791
77.9077569777
77.8957008074
77.8802755097
77.8615357693
77.8395478715
77.8143875604
77.7861391499
77.7548941385
77.7207505487
77.6838125006
77.6441882115
77.6019889148
77.5573275901
77.5103183821
77.461076114
77.4097150068
77.3563477874
77.3010848908
77.2440343147
77.1853013046
77.1249877382
77.0631913201
77
77
77.0631814492
77.1249768334
77.1852895997
77.2440218724
77.3010717226
77.3563338888
77.4097003645
77.4610607279
77.5103022503
77.5573107339
77.6019713425
77.644169931
77.6837935372
77.720730932
77.7548739083
77.78611835
77.8143662443
77.8395260889
77.8615135942
77.88025301
77.8956780837
77.907734098
77.9163776074
77.9215768607
77.9233123173
77.9215770394
77.9163779761
77.9077346199
77.895678773
77.8802538648
77.8615145879
77.8395272125
77.8143674701
77.7861196741
77.7548753148
77.7207324126
77.683795074
77.6441715094
77.6019729461
77.5573123599
77.5103038908
77.4610623571
77.4097019709
77.3563354567
77.3010732481
77.2440233381
77.1852909652
77.1249780092
77.0631822305
77
77
77.0631814495
77.1249768337
77.1852896
77.2440218727
77.3010717229
77.3563338892
77.4097003649
77.4610607283
77.5103022507
77.5573107344
77.6019713429
77.6441699315
77.6837935377
77.7207309325
77.7548739088
77.7861183506
77.8143662449
77.8395260895
77.8615135949
77.8802530107
77.8956780844
77.9077340987
77.9163776081
77.9215768614
77.923312318
77.9215770401
77.9163779768
77.9077346206
77.8956787737
77.8802538654
77.8615145885
77.8395272131
77.8143674707
77.7861196747
77.7548753154
77.7207324132
77.6837950746
77.6441715099
77.6019729466
77.5573123603
77.5103038912
77.4610623576
77.4097019713
77.3563354571
77.3010732484
77.2440233385
77.1852909655
77.1249780095
77.0631822308
77
77
77.0631814504
77.1249768346
77.185289601
77.2440218737
77.301071724
77.3563338904
77.4097003661
77.4610607296
77.510302252
77.5573107358
77.6019713444
77.6441699331
77.6837935393
77.7207309342
77.7548739106
77.7861183524
77.8143662468
77.8395260914
77.8615135968
77.8802530126
77.8956780863
77.9077341007
77.9163776101
77.9215768634
77.9233123201
77.9215770421
77.9163779788
77.9077346226
77.8956787757
77.8802538674
77.8615145904
77.839527215
77.8143674725
77.7861196765
77.7548753171
77.7207324148
77.6837950762
77.6441715115
77.601972948
77.5573123617
77.5103038925
77.4610623588
77.4097019725
77.3563354582
77.3010732495
77.2440233395
77.1852909665
77.1249780103
77.0631822316
77
77
77.0631814517
77.1249768361
77.1852896026
77.2440218754
77.3010717258
77.3563338922
77.4097003681
77.4610607317
77.5103022543
77.5573107381
77.6019713468
77.6441699356
77.683793542
77.7207309369
77.7548739134
77.7861183554
77.8143662498
77.8395260945
77.8615136
77.8802530159
77.8956780897
77.907734104
77.9163776135
77.9215768668
77.9233123235
77.9215770455
77.9163779822
77.9077346259
77.895678779
77.8802538707
77.8615145936
77.8395272181
77.8143674756
77.7861196794
77.7548753199
77.7207324176
77.6837950788
77.644171514
77.6019729505
77.5573123641
77.5103038948
77.4610623609
77.4097019745
77.3563354601
77.3010732513
77.2440233412
77.185290968
77.1249780118
77.063182233
77
77
77.0631814537
77.1249768382
77.1852896048
77.2440218777
77.3010717283
77.3563338949
77.4097003709
77.4610607346
77.5103022574
77.5573107414
77.6019713503
77.6441699392
77.6837935457
77.7207309408
77.7548739174
77.7861183595
77.8143662541
77.8395260989
77.8615136045
77.8802530204
77.8956780943
77.9077341087
77.9163776183
77.9215768716
77.9233123283
77.9215770503
77.9163779869
77.9077346306
77.8956787836
77.8802538752
77.8615145981
77.8395272225
77.8143674798
77.7861196836
77.7548753239
77.7207324214
77.6837950825
77.6441715176
77.6019729539
77.5573123673
77.5103038979
77.4610623639
77.4097019773
77.3563354627
77.3010732538
77.2440233435
77.1852909703
77.1249780139
77.0631822349
77
77
77.0631814562
77.1249768409
77.1852896076
77.2440218808
77.3010717315
77.3563338983
77.4097003745
77.4610607384
77.5103022614
77.5573107456
77.6019713546
77.6441699438
77.6837935504
77.7207309458
77.7548739226
77.7861183648
77.8143662595
77.8395261045
77.8615136102
77.8802530263
77.8956781003
77.9077341148
77.9163776244
77.9215768777
77.9233123344
77.9215770564
77.916377993
77.9077346367
77.8956787896
77.8802538811
77.8615146039
77.8395272281
77.8143674853
77.7861196889
77.7548753291
77.7207324264
77.6837950873
77.6441715222
77.6019729583
77.5573123715
77.5103039018
77.4610623677
77.4097019809
77.3563354661
77.301073257
77.2440233466
77.1852909731
77.1249780166
77.0631822374
77
77
77.0631814593
77.1249768441
77.1852896111
77.2440218845
77.3010717354
77.3563339024
77.4097003789
77.461060743
77.5103022662
77.5573107507
77.60197136
77.6441699494
77.6837935563
77.7207309518
77.7548739289
77.7861183713
77.8143662662
77.8395261114
77.8615136172
77.8802530335
77.8956781076
77.9077341222
77.9163776318
77.9215768852
77.9233123419
77.9215770639
77.9163780005
77.9077346441
77.8956787969
77.8802538883
77.8615146109
77.839527235
77.814367492
77.7861196954
77.7548753354
77.7207324325
77.6837950932
77.6441715278
77.6019729636
77.5573123766
77.5103039067
77.4610623723
77.4097019853
77.3563354703
77.3010732609
77.2440233503
77.1852909766
77.1249780199
77.0631822405
77
77
77.0631814629
77.124976848
77.1852896152
77.2440218888
77.3010717401
77.3563339074
77.4097003841
77.4610607485
77.510302272
77.5573107567
77.6019713663
77.644169956
77.6837935632
77.720730959
77.7548739363
77.786118379
77.8143662741
77.8395261195
77.8615136256
77.880253042
77.8956781162
77.9077341309
77.9163776406
77.9215768941
77.9233123508
77.9215770728
77.9163780093
77.9077346528
77.8956788055
77.8802538968
77.8615146192
77.8395272431
77.8143674999
77.7861197031
77.7548753428
77.7207324396
77.6837951001
77.6441715344
77.60197297
77.5573123827
77.5103039125
77.4610623778
77.4097019904
77.3563354752
77.3010732656
77.2440233546
77.1852909807
77.1249780237
77.0631822441
77
77
77.0631814671
77.1249768525
77.18528962
77.2440218939
77.3010717454
77.356333913
77.40970039
77.4610607548
77.5103022786
77.5573107637
77.6019713737
77.6441699636
77.6837935711
77.7207309673
77.7548739449
77.7861183879
77.8143662833
77.8395261289
77.8615136352
77.8802530518
77.8956781261
77.907734141
77.9163776508
77.9215769043
77.923312361
77.921577083
77.9163780195
77.9077346629
77.8956788154
77.8802539065
77.8615146288
77.8395272525
77.8143675091
77.7861197119
77.7548753514
77.7207324479
77.683795108
77.644171542
77.6019729773
77.5573123897
77.5103039191
77.4610623841
77.4097019964
77.3563354809
77.3010732709
77.2440233597
77.1852909855
77.1249780282
77.0631822483
77
77
77.0631814695
77.1249768551
77.1852896228
77.2440218968
77.3010717485
77.3563339163
77.4097003935
77.4610607585
77.5103022825
77.5573107678
77.6019713779
77.6441699681
77.6837935758
77.7207309721
77.7548739499
77.786118393
77.8143662886
77.8395261344
77.8615136408
77.8802530575
77.8956781319
77.9077341468
77.9163776567
77.9215769103
77.923312367
77.921577089
77.9163780254
77.9077346687
77.8956788212
77.8802539122
77.8615146344
77.839527258
77.8143675144
77.7861197171
77.7548753564
77.7207324527
77.6837951127
77.6441715465
77.6019729815
77.5573123937
77.510303923
77.4610623878
77.4097019999
77.3563354842
77.301073274
77.2440233626
77.1852909882
77.1249780308
77.0631822508
77
77
77.063181472
77.1249768578
77.1852896256
77.2440218999
77.3010717517
77.3563339197
77.4097003971
77.4610607623
77.5103022865
77.557310772
77.6019713823
77.6441699727
77.6837935806
77.7207309771
77.754873955
77.7861183984
77.8143662941
77.83952614
77.8615136465
77.8802530633
77.8956781379
77.9077341529
77.9163776628
77.9215769164
77.9233123732
77.9215770951
77.9163780315
77.9077346748
77.8956788272
77.8802539181
77.8615146402
77.8395272636
77.8143675199
77.7861197224
77.7548753616
77.7207324577
77.6837951174
77.6441715511
77.6019729859
77.5573123979
77.510303927
77.4610623916
77.4097020035
77.3563354876
77.3010732773
77.2440233657
77.1852909911
77.1249780335
77.0631822533
77
77
77.063182934
77.1249784186
77.1852912852
77.2440236618
77.3010736195
77.3563358958
77.409702484
77.4610629622
77.5103046006
77.557313201
77.6019739255
77.6441726287
77.6837963477
77.7207338522
77.7548769341
77.7861214752
77.8143694622
77.8395293922
77.8615169742
77.8802564571
77.8956815861
77.9077376444
77.916381186
77.921580459
77.9233159226
77.9215806377
77.9163815546
77.9077381662
77.8956822754
77.8802573118
77.8615179678
77.8395305158
77.8143706879
77.7861227993
77.7548783407
77.7207353329
77.6837978846
77.6441742071
77.6019755291
77.5573148269
77.5103062411
77.4610645914
77.4097040904
77.3563374637
77.3010751449
77.2440251276
77.1852926506
77.1249795944
77.0631837153
77
77
77.0631844021
77.1249799858
77.1852929516
77.2440254311
77.301075495
77.3563378802
77.4097045796
77.4610651713
77.5103069244
77.5573156402
77.6019764793
77.6441752959
77.6837991266
77.7207367396
77.7548799259
77.7861245651
77.8143726438
77.8395326582
77.861520316
77.8802598653
77.8956850491
77.9077411508
77.9163847241
77.9215840167
77.9233194873
77.9215841954
77.9163850928
77.9077416726
77.8956857383
77.8802607201
77.8615213097
77.8395337818
77.8143738695
77.7861258892
77.7548813324
77.7207382203
77.6838006635
77.6441768744
77.601978083
77.5573172662
77.5103085649
77.4610668004
77.409706186
77.356339448
77.3010770204
77.2440268969
77.1852943169
77.1249811616
77.0631851833
77
77
77.0631858761
77.1249815595
77.1852946249
77.2440272078
77.3010773783
77.3563398728
77.409706684
77.4610673896
77.510309258
77.5573180897
77.6019790439
77.6441779744
77.6838019172
77.7207396392
77.7548829303
77.7861276681
77.8143758389
77.8395359381
77.8615236721
77.880263288
77.8956885267
77.9077446722
77.9163882774
77.9215875896
77.9233230671
77.9215877683
77.916388646
77.9077451939
77.8956892159
77.8802641428
77.8615246658
77.8395370617
77.8143770646
77.7861289922
77.7548843369
77.7207411199
77.6838034541
77.6441795528
77.6019806476
77.5573197156
77.5103108985
77.4610690187
77.4097082904
77.3563414406
77.3010789037
77.2440286735
77.1852959902
77.1249827354
77.0631866573
77
77
77.0631873562
77.1249831397
77.185296305
77.2440289917
77.3010792693
77.3563418736
77.4097087971
77.4610696172
77.5103116013
77.5573205494
77.6019816193
77.6441806641
77.6838047196
77.720742551
77.7548859474
77.7861307843
77.8143790475
77.8395392319
77.8615270423
77.8802667252
77.8956920191
77.9077482084
77.9163918457
77.9215911776
77.9233266621
77.9215913563
77.9163922143
77.9077487301
77.8956927083
77.8802675799
77.861528036
77.8395403555
77.8143802731
77.7861321083
77.7548873539
77.7207440317
77.6838062564
77.6441822426
77.6019832229
77.5573221754
77.5103132417
77.4610712462
77.4097104035
77.3563434415
77.3010807947
77.2440304574
77.1852976703
77.1249843156
77.0631881374
77
77
77.0631888423
77.1249847263
77.1852979921
77.244030783
77.3010811682
77.3563438828
77.409710919
77.4610718539
77.5103139543
77.5573230193
77.6019842054
77.6441833651
77.6838075336
77.7207454749
77.7548889771
77.7861339135
77.8143822696
77.8395425395
77.8615304268
77.8802701769
77.8956955263
77.9077517596
77.9163954291
77.9215947807
77.9233302723
77.9215949595
77.9163957976
77.9077522812
77.8956962154
77.8802710316
77.8615314205
77.8395436631
77.8143834952
77.7861352375
77.7548903837
77.7207469556
77.6838090705
77.6441849435
77.601985809
77.5573246453
77.5103155948
77.4610734829
77.4097125253
77.3563454507
77.3010826935
77.2440322486
77.1852993573
77.1249859022
77.0631896235
77
77
77.0631903345
77.1249863193
77.185299686
77.2440325816
77.3010830748
77.3563459002
77.4097130496
77.4610740999
77.5103163171
77.5573254995
77.6019868022
77.6441860773
77.6838103594
77.7207484111
77.7548920195
77.7861370557
77.8143855052
77.839545861
77.8615338254
77.8802736431
77.8956990481
77.9077553257
77.9163990275
77.921598399
77.9233338976
77.9215985778
77.916399396
77.9077558472
77.8956997372
77.8802744978
77.8615348191
77.8395469846
77.8143867307
77.7861383798
77.7548934261
77.7207498918
77.6838118962
77.6441876557
77.6019884059
77.5573271255
77.5103179575
77.4610757288
77.4097146559
77.3563474681
77.3010846001
77.2440340472
77.1853010512
77.1249874953
77.0631911156
77
77
77.063190335
77.1249863199
77.1852996866
77.2440325822
77.3010830756
77.3563459009
77.4097130504
77.4610741008
77.510316318
77.5573255004
77.6019868032
77.6441860783
77.6838103605
77.7207484122
77.7548920207
77.7861370569
77.8143855064
77.8395458622
77.8615338267
77.8802736444
77.8956990495
77.9077553271
77.9163990289
77.9215984004
77.923333899
77.9215985792
77.9163993974
77.9077558486
77.8956997386
77.8802744991
77.8615348204
77.8395469859
77.8143867319
77.786138381
77.7548934272
77.7207498929
77.6838118973
77.6441876568
77.6019884068
77.5573271264
77.5103179584
77.4610757297
77.4097146567
77.3563474688
77.3010846008
77.2440340479
77.1853010518
77.1249874959
77.0631911162
77
77
77.0631903747
77.1249863624
77.1852997319
77.2440326303
77.3010831266
77.356345955
77.4097131075
77.4610741611
77.5103163815
77.5573255672
77.6019868732
77.6441861514
77.6838104368
77.7207484916
77.754892103
77.7861371421
77.8143855942
77.8395459524
77.8615339191
77.8802737387
77.8956991453
77.9077554242
77.916399127
77.9215984992
77.923333998
77.9215986781
77.9163994958
77.9077559462
77.895699835
77.8802745941
77.8615349136
77.839547077
77.8143868207
77.7861384672
77.7548935107
77.7207499735
77.6838119749
77.6441877312
77.6019884781
77.5573271945
77.5103180232
77.4610757913
77.4097147151
77.3563475241
77.3010846531
77.2440340971
77.1853010982
77.1249875395
77.0631911569
77
77
77.0631903355
77.124986321
77.1852996877
77.2440325835
77.3010830769
77.3563459024
77.409713052
77.4610741025
77.5103163198
77.5573255024
77.6019868054
77.6441860807
77.683810363
77.720748415
77.7548920236
77.7861370601
77.8143855098
77.8395458658
77.8615338305
77.8802736484
77.8956990536
77.9077553315
77.9163990334
77.9215984052
77.9233339039
77.9215985843
77.9163994025
77.9077558538
77.8956997439
77.8802745045
77.8615348258
77.8395469913
77.8143867373
77.7861383863
77.7548934325
77.7207498981
77.6838119023
77.6441876617
77.6019884116
77.557327131
77.5103179629
77.461075734
77.4097146608
77.3563474727
77.3010846046
77.2440340515
77.1853010552
77.1249874991
77.0631911188
77
77
77.0631903327
77.124986318
77.1852996846
77.2440325801
77.3010830733
77.3563458986
77.4097130479
77.4610740983
77.5103163154
77.5573254978
77.6019868005
77.6441860755
77.6838103577
77.7207484094
77.7548920178
77.7861370541
77.8143855037
77.8395458595
77.8615338241
77.8802736419
77.895699047
77.9077553247
77.9163990266
77.9215983983
77.923333897
77.9215985774
77.9163993957
77.9077558471
77.8956997372
77.8802744979
77.8615348194
77.839546985
77.8143867312
77.7861383804
77.7548934267
77.7207498925
77.683811897
77.6441876565
77.6019884067
77.5573271264
77.5103179584
77.4610757297
77.4097146568
77.3563474689
77.301084601
77.2440340481
77.185301052
77.1249874961
77.0631911159
77
77
77.06319033
77.1249863151
77.1852996815
77.2440325768
77.3010830698
77.3563458949
77.409713044
77.4610740942
77.510316311
77.5573254932
77.6019867957
77.6441860706
77.6838103525
77.720748404
77.7548920123
77.7861370484
77.8143854977
77.8395458534
77.8615338179
77.8802736355
77.8956990405
77.9077553182
77.91639902
77.9215983917
77.9233338904
77.9215985708
77.9163993891
77.9077558405
77.8956997308
77.8802744915
77.8615348131
77.8395469789
77.8143867252
77.7861383746
77.7548934211
77.7207498872
77.6838118918
77.6441876516
77.601988402
77.5573271218
77.5103179541
77.4610757256
77.4097146529
77.3563474653
77.3010845975
77.2440340448
77.1853010489
77.1249874932
77.0631911132
77
77
77.0631903258
77.1249863106
77.1852996767
77.2440325717
77.3010830645
77.3563458892
77.4097130381
77.4610740879
77.5103163044
77.5573254862
77.6019867884
77.6441860629
77.6838103445
77.7207483958
77.7548920037
77.7861370395
77.8143854886
77.839545844
77.8615338083
77.8802736257
77.8956990306
77.9077553081
77.9163990098
77.9215983815
77.9233338802
77.9215985606
77.916399379
77.9077558305
77.8956997208
77.8802744818
77.8615348036
77.8395469695
77.8143867161
77.7861383658
77.7548934126
77.7207498789
77.6838118839
77.6441876439
77.6019883947
77.5573271148
77.5103179474
77.4610757193
77.4097146469
77.3563474596
77.3010845922
77.2440340397
77.1853010441
77.1249874887
77.063191109
77
77
77.0631903221
77.1249863067
77.1852996726
77.2440325674
77.3010830598
77.3563458843
77.4097130329
77.4610740824
77.5103162986
77.5573254802
77.6019867821
77.6441860563
77.6838103376
77.7207483886
77.7548919963
77.7861370318
77.8143854807
77.8395458359
77.8615338
77.8802736172
77.895699022
77.9077552994
77.916399001
77.9215983726
77.9233338713
77.9215985517
77.9163993702
77.9077558217
77.8956997122
77.8802744733
77.8615347952
77.8395469614
77.8143867082
77.7861383581
77.7548934051
77.7207498717
77.683811877
77.6441876373
77.6019883883
77.5573271088
77.5103179417
77.4610757138
77.4097146417
77.3563474547
77.3010845875
77.2440340354
77.18530104
77.1249874849
77.0631911054
77
77
77.063190319
77.1249863034
77.1852996691
77.2440325637
77.3010830559
77.3563458802
77.4097130285
77.4610740778
77.5103162938
77.5573254751
77.6019867767
77.6441860507
77.6838103318
77.7207483825
77.75489199
77.7861370253
77.814385474
77.839545829
77.8615337929
77.8802736101
77.8956990147
77.907755292
77.9163989936
77.9215983651
77.9233338638
77.9215985442
77.9163993627
77.9077558143
77.8956997049
77.8802744661
77.8615347882
77.8395469545
77.8143867015
77.7861383516
77.7548933988
77.7207498656
77.6838118711
77.6441876317
77.601988383
77.5573271037
77.5103179368
77.4610757092
77.4097146373
77.3563474505
77.3010845836
77.2440340317
77.1853010365
77.1249874816
77.0631911023
77
77
77.0631903165
77.1249863008
77.1852996663
77.2440325606
77.3010830527
77.3563458768
77.4097130249
77.461074074
77.5103162898
77.5573254709
77.6019867723
77.6441860461
77.683810327
77.7207483775
77.7548919848
77.78613702
77.8143854685
77.8395458234
77.8615337872
77.8802736042
77.8956990087
77.9077552859
77.9163989875
77.921598359
77.9233338576
77.9215985381
77.9163993566
77.9077558083
77.8956996989
77.8802744602
77.8615347824
77.8395469489
77.814386696
77.7861383463
77.7548933937
77.7207498607
77.6838118663
77.6441876271
77.6019883786
77.5573270995
77.5103179328
77.4610757054
77.4097146337
77.3563474471
77.3010845804
77.2440340286
77.1853010337
77.1249874789
77.0631910998
77
77
77.0631903146
77.1249862987
77.185299664
77.2440325583
77.3010830502
77.3563458741
77.4097130221
77.461074071
77.5103162867
77.5573254676
77.6019867689
77.6441860426
77.6838103233
77.7207483737
77.7548919808
77.7861370159
77.8143854643
77.839545819
77.8615337827
77.8802735996
77.8956990041
77.9077552812
77.9163989827
77.9215983542
77.9233338528
77.9215985333
77.9163993519
77.9077558036
77.8956996943
77.8802744557
77.861534778
77.8395469445
77.8143866918
77.7861383421
77.7548933897
77.7207498568
77.6838118626
77.6441876236
77.6019883752
77.5573270962
77.5103179297
77.4610757025
77.4097146309
77.3563474445
77.3010845779
77.2440340263
77.1853010315
77.1249874768
77.0631910978
77
77
77.0631903132
77.1249862972
77.1852996625
77.2440325566
77.3010830484
77.3563458722
77.4097130201
77.4610740689
77.5103162844
77.5573254653
77.6019867665
77.64418604
77.6838103206
77.7207483709
77.754891978
77.7861370129
77.8143854612
77.8395458159
77.8615337795
77.8802735964
77.8956990007
77.9077552779
77.9163989793
77.9215983508
77.9233338494
77.9215985299
77.9163993485
77.9077558002
77.895699691
77.8802744524
77.8615347748
77.8395469414
77.8143866887
77.7861383392
77.7548933868
77.7207498541
77.68381186
77.644187621
77.6019883727
77.5573270939
77.5103179275
77.4610757004
77.409714629
77.3563474426
77.3010845761
77.2440340246
77.1853010299
77.1249874753
77.0631910964
77
77
77.0631903123
77.1249862963
77.1852996615
77.2440325556
77.3010830473
77.3563458711
77.4097130189
77.4610740677
77.5103162831
77.5573254639
77.601986765
77.6441860385
77.6838103191
77.7207483693
77.7548919762
77.7861370112
77.8143854594
77.839545814
77.8615337776
77.8802735944
77.8956989987
77.9077552759
77.9163989773
77.9215983488
77.9233338474
77.9215985278
77.9163993464
77.9077557982
77.895699689
77.8802744504
77.8615347728
77.8395469395
77.8143866869
77.7861383374
77.7548933851
77.7207498524
77.6838118584
77.6441876195
77.6019883713
77.5573270925
77.5103179262
77.4610756991
77.4097146278
77.3563474415
77.301084575
77.2440340236
77.1853010289
77.1249874744
77.0631910956
77
77
77.063190312
77.124986296
77.1852996612
77.2440325553
77.301083047
77.3563458707
77.4097130185
77.4610740672
77.5103162827
77.5573254634
77.6019867645
77.644186038
77.6838103185
77.7207483687
77.7548919757
77.7861370106
77.8143854588
77.8395458134
77.8615337769
77.8802735938
77.8956989981
77.9077552752
77.9163989766
77.9215983481
77.9233338467
77.9215985272
77.9163993458
77.9077557976
77.8956996883
77.8802744498
77.8615347722
77.8395469389
77.8143866863
77.7861383368
77.7548933845
77.7207498518
77.6838118579
77.644187619
77.6019883708
77.557327092
77.5103179257
77.4610756987
77.4097146274
77.3563474411
77.3010845747
77.2440340233
77.1853010286
77.1249874741
77.0631910953
77
77
77.0631805326
77.1249755985
77.1852882286
77.2440204087
77.3010701767
77.3563322646
77.4096986603
77.4610589459
77.5103003937
77.5573088037
77.6019693432
77.6441678677
77.6837914129
77.7207287531
77.754871681
77.7861160835
77.8143639459
77.8395237657
77.8615112575
77.8802506674
77.895675745
77.9077317757
77.9163753064
77.921574595
77.9233100917
77.9215748661
77.9163758593
77.9077325652
77.8956767902
77.8802519561
77.8615127572
77.8395254642
77.8143658026
77.7861180907
77.7548738147
77.7207309962
77.6837937385
77.6441702533
77.6019717662
77.5573112552
77.5103028584
77.4610613935
77.4097010715
77.3563346171
77.3010724673
77.2440226096
77.1852902799
77.1249773735
77.063181721
77
77
77.0631805329
77.1249755988
77.185288229
77.244020409
77.3010701771
77.3563322649
77.4096986607
77.4610589463
77.5103003941
77.5573088042
77.6019693437
77.6441678682
77.6837914135
77.7207287536
77.7548716816
77.7861160841
77.8143639465
77.8395237663
77.8615112581
77.8802506681
77.8956757457
77.9077317763
77.9163753071
77.9215745957
77.9233100924
77.9215748668
77.91637586
77.9077325659
77.8956767908
77.8802519568
77.8615127579
77.8395254648
77.8143658033
77.7861180913
77.7548738153
77.7207309968
77.683793739
77.6441702538
77.6019717667
77.5573112557
77.5103028588
77.461061394
77.4097010719
77.3563346175
77.3010724677
77.2440226099
77.1852902802
77.1249773738
77.0631817212
77
77
77.0631805337
77.1249755997
77.1852882299
77.24402041
77.3010701782
77.3563322661
77.4096986619
77.4610589476
77.5103003955
77.5573088056
77.6019693452
77.6441678697
77.683791415
77.7207287553
77.7548716833
77.7861160858
77.8143639484
77.8395237682
77.86151126
77.88025067
77.8956757476
77.9077317783
77.9163753091
77.9215745978
77.9233100944
77.9215748688
77.916375862
77.9077325679
77.8956767928
77.8802519588
77.8615127598
77.8395254667
77.8143658051
77.786118093
77.754873817
77.7207309984
77.6837937406
77.6441702553
77.6019717682
77.5573112571
77.5103028602
77.4610613952
77.4097010731
77.3563346187
77.3010724687
77.2440226109
77.1852902811
77.1249773747
77.0631817221
77
77
77.0631805351
77.1249756012
77.1852882315
77.2440204117
77.30107018
77.356332268
77.4096986639
77.4610589497
77.5103003977
77.5573088079
77.6019693476
77.6441678723
77.6837914177
77.720728758
77.7548716861
77.7861160888
77.8143639514
77.8395237713
77.8615112632
77.8802506733
77.895675751
77.9077317817
77.9163753125
77.9215746012
77.9233100978
77.9215748722
77.9163758654
77.9077325712
77.8956767961
77.880251962
77.861512763
77.8395254698
77.8143658081
77.786118096
77.7548738198
77.7207310012
77.6837937432
77.6441702579
77.6019717706
77.5573112594
77.5103028624
77.4610613973
77.409701075
77.3563346205
77.3010724705
77.2440226126
77.1852902827
77.1249773762
77.0631817235
77
77
77.0631805371
77.1249756033
77.1852882337
77.2440204141
77.3010701824
77.3563322706
77.4096986667
77.4610589527
77.5103004008
77.5573088111
77.601969351
77.6441678759
77.6837914214
77.7207287619
77.7548716901
77.7861160929
77.8143639557
77.8395237757
77.8615112677
77.8802506779
77.8956757556
77.9077317864
77.9163753173
77.9215746059
77.9233101026
77.921574877
77.9163758701
77.9077325759
77.8956768008
77.8802519666
77.8615127675
77.8395254742
77.8143658124
77.7861181001
77.7548738238
77.7207310051
77.683793747
77.6441702614
77.601971774
77.5573112627
77.5103028655
77.4610614003
77.4097010778
77.3563346232
77.301072473
77.244022615
77.1852902849
77.1249773783
77.0631817254
77
77
77.0631805396
77.124975606
77.1852882366
77.2440204171
77.3010701857
77.356332274
77.4096986703
77.4610589564
77.5103004048
77.5573088153
77.6019693554
77.6441678804
77.6837914262
77.7207287669
77.7548716953
77.7861160982
77.8143639611
77.8395237813
77.8615112735
77.8802506837
77.8956757616
77.9077317924
77.9163753234
77.9215746121
77.9233101088
77.9215748831
77.9163758762
77.907732582
77.8956768068
77.8802519725
77.8615127732
77.8395254798
77.8143658179
77.7861181054
77.754873829
77.72073101
77.6837937517
77.644170266
77.6019717784
77.5573112669
77.5103028695
77.4610614041
77.4097010814
77.3563346266
77.3010724762
77.244022618
77.1852902878
77.124977381
77.0631817279
77
77
77.0631805426
77.1249756093
77.18528824
77.2440204208
77.3010701896
77.3563322782
77.4096986747
77.4610589611
77.5103004096
77.5573088205
77.6019693608
77.644167886
77.683791432
77.7207287729
77.7548717016
77.7861161047
77.8143639678
77.8395237882
77.8615112805
77.8802506909
77.8956757689
77.9077317998
77.9163753308
77.9215746196
77.9233101163
77.9215748906
77.9163758837
77.9077325894
77.895676814
77.8802519796
77.8615127803
77.8395254867
77.8143658246
77.7861181119
77.7548738353
77.7207310161
77.6837937576
77.6441702716
77.6019717838
77.557311272
77.5103028743
77.4610614087
77.4097010858
77.3563346307
77.3010724802
77.2440226217
77.1852902913
77.1249773843
77.063181731
77
77
77.0631805463
77.1249756131
77.1852882442
77.2440204252
77.3010701942
77.3563322831
77.4096986799
77.4610589665
77.5103004154
77.5573088265
77.6019693671
77.6441678927
77.6837914389
77.7207287801
77.754871709
77.7861161124
77.8143639757
77.8395237963
77.8615112888
77.8802506994
77.8956757775
77.9077318086
77.9163753396
77.9215746284
77.9233101252
77.9215748995
77.9163758925
77.9077325981
77.8956768227
77.8802519881
77.8615127886
77.8395254948
77.8143658325
77.7861181196
77.7548738427
77.7207310233
77.6837937645
77.6441702782
77.6019717901
77.557311278
77.5103028801
77.4610614142
77.409701091
77.3563346357
77.3010724848
77.2440226261
77.1852902954
77.1249773881
77.0631817346
77
77
77.0631805504
77.1249756176
77.1852882489
77.2440204302
77.3010701996
77.3563322887
77.4096986859
77.4610589729
77.5103004221
77.5573088335
77.6019693744
77.6441679003
77.6837914469
77.7207287884
77.7548717176
77.7861161213
77.8143639849
77.8395238057
77.8615112984
77.8802507092
77.8956757874
77.9077318186
77.9163753498
77.9215746386
77.9233101354
77.9215749097
77.9163759027
77.9077326082
77.8956768326
77.8802519979
77.8615127982
77.8395255042
77.8143658416
77.7861181285
77.7548738513
77.7207310316
77.6837937724
77.6441702859
77.6019717974
77.557311285
77.5103028868
77.4610614205
77.409701097
77.3563346413
77.3010724902
77.2440226311
77.1852903001
77.1249773926
77.0631817388
77
77
77.0631805529
77.1249756202
77.1852882517
77.2440204332
77.3010702027
77.356332292
77.4096986894
77.4610589765
77.5103004259
77.5573088376
77.6019693787
77.6441679048
77.6837914515
77.7207287932
77.7548717226
77.7861161265
77.8143639902
77.8395238112
77.861511304
77.8802507149
77.8956757932
77.9077318245
77.9163753557
77.9215746446
77.9233101414
77.9215749157
77.9163759086
77.907732614
77.8956768384
77.8802520036
77.8615128038
77.8395255097
77.8143658469
77.7861181337
77.7548738563
77.7207310364
77.6837937771
77.6441702903
77.6019718017
77.5573112891
77.5103028906
77.4610614242
77.4097011005
77.3563346446
77.3010724933
77.2440226341
77.1852903029
77.1249773952
77.0631817412
77
77
77.0631805554
77.1249756229
77.1852882545
77.2440204362
77.3010702059
77.3563322955
77.409698693
77.4610589803
77.5103004299
77.5573088418
77.6019693831
77.6441679093
77.6837914563
77.7207287982
77.7548717277
77.7861161318
77.8143639957
77.8395238168
77.8615113098
77.8802507208
77.8956757992
77.9077318306
77.9163753618
77.9215746507
77.9233101475
77.9215749218
77.9163759147
77.9077326201
77.8956768444
77.8802520095
77.8615128095
77.8395255153
77.8143658524
77.786118139
77.7548738615
77.7207310414
77.6837937819
77.6441702949
77.6019718061
77.5573112933
77.5103028946
77.461061428
77.4097011041
77.356334648
77.3010724965
77.2440226371
77.1852903058
77.1249773979
77.0631817438
77
77
77.0631820173
77.1249771837
77.185289914
77.2440221982
77.3010720737
77.3563342715
77.4097007798
77.4610611801
77.5103027441
77.5573112708
77.6019719262
77.6441705654
77.6837942234
77.7207316734
77.7548747068
77.7861192087
77.8143671638
77.839527069
77.8615146374
77.8802541145
77.8956792474
77.9077353221
77.9163788849
77.9215781933
77.923313697
77.9215784643
77.9163794378
77.9077361115
77.8956802926
77.8802554032
77.8615161372
77.8395287675
77.8143690205
77.7861212158
77.7548768405
77.7207339165
77.683796549
77.644172951
77.6019743492
77.5573137223
77.5103052088
77.4610636278
77.4097031909
77.3563366241
77.3010743642
77.244024399
77.1852919653
77.1249789587
77.0631832057
77
77
77.0631834853
77.1249787509
77.1852915804
77.2440239674
77.3010739492
77.3563362559
77.4097028754
77.4610633892
77.5103050679
77.55731371
77.6019744801
77.6441732326
77.6837970023
77.7207345607
77.7548776986
77.7861222986
77.8143703453
77.839530335
77.8615179792
77.8802575227
77.8956827103
77.9077388285
77.9163824231
77.921581751
77.9233172617
77.921582022
77.9163829759
77.9077396179
77.8956837555
77.8802588114
77.861519479
77.8395320335
77.8143722021
77.7861243058
77.7548798322
77.7207368039
77.6837993278
77.6441756183
77.6019769031
77.5573161615
77.5103075326
77.4610658369
77.4097052865
77.3563386085
77.3010762397
77.2440261683
77.1852936316
77.124980526
77.0631846737
77
77
77.0631849593
77.1249803246
77.1852932536
77.244025744
77.3010758325
77.3563382485
77.4097049798
77.4610656074
77.5103074015
77.5573161595
77.6019770447
77.6441759111
77.6837997929
77.7207374603
77.754880703
77.7861254017
77.8143735404
77.8395336149
77.8615213353
77.8802609453
77.8956861879
77.9077423498
77.9163859764
77.9215853239
77.9233208415
77.9215855948
77.9163865291
77.9077431392
77.8956872331
77.8802622341
77.8615228351
77.8395353134
77.8143753972
77.7861274088
77.7548828366
77.7207397035
77.6838021184
77.6441782968
77.6019794677
77.557318611
77.5103098662
77.4610680551
77.4097073909
77.3563406011
77.3010781229
77.2440279449
77.1852953049
77.1249820998
77.0631861477
77
77
77.0631864393
77.1249819047
77.1852949337
77.2440275279
77.3010777236
77.3563402493
77.4097070929
77.4610678349
77.5103097448
77.5573186192
77.60197962
77.6441786008
77.6838025952
77.720740372
77.75488372
77.7861285178
77.8143767489
77.8395369086
77.8615247055
77.8802643825
77.8956896803
77.9077458861
77.9163895447
77.9215889119
77.9233244365
77.9215891828
77.9163900974
77.9077466754
77.8956907254
77.8802656712
77.8615262053
77.8395386071
77.8143786057
77.786130525
77.7548858537
77.7207426153
77.6838049207
77.6441809865
77.601982043
77.5573210707
77.5103122095
77.4610702827
77.409709504
77.3563426019
77.301080014
77.2440297289
77.185296985
77.12498368
77.0631876277
77
77
77.0631879254
77.1249834913
77.1852966207
77.2440293192
77.3010796225
77.3563422585
77.4097092147
77.4610700717
77.5103120979
77.5573210892
77.6019822061
77.6441813018
77.6838054092
77.720743296
77.7548867498
77.786131647
77.8143799709
77.8395402162
77.8615280899
77.8802678341
77.8956931873
77.9077494373
77.9163931281
77.9215925151
77.9233280467
77.9215927859
77.9163936808
77.9077502265
77.8956942325
77.8802691229
77.8615295897
77.8395419147
77.8143818278
77.7861336542
77.7548888834
77.7207455393
77.6838077347
77.6441836875
77.6019846291
77.5573235407
77.5103145625
77.4610725194
77.4097116258
77.3563446111
77.3010819128
77.2440315201
77.185298672
77.1249852666
77.0631891138
77
77
77.0631894175
77.1249850844
77.1852983146
77.2440311178
77.3010815291
77.3563442758
77.4097113453
77.4610723176
77.5103144606
77.5573235694
77.6019848029
77.644184014
77.6838082349
77.7207462321
77.7548897921
77.7861347894
77.8143832065
77.8395435377
77.8615314885
77.8802713002
77.8956967092
77.9077530034
77.9163967265
77.9215961333
77.9233316721
77.9215964042
77.9163972791
77.9077537925
77.8956977543
77.880272589
77.8615329883
77.8395452362
77.8143850633
77.7861367965
77.7548919257
77.7207484755
77.6838105605
77.6441863997
77.601987226
77.5573260209
77.5103169253
77.4610747654
77.4097137564
77.3563466284
77.3010838195
77.2440333187
77.1853003658
77.1249868597
77.0631906059
77
77
77.0631894181
77.124985085
77.1852983152
77.2440311184
77.3010815299
77.3563442766
77.4097113461
77.4610723185
77.5103144615
77.5573235703
77.6019848039
77.644184015
77.683808236
77.7207462332
77.7548897933
77.7861347906
77.8143832077
77.8395435389
77.8615314898
77.8802713016
77.8956967105
77.9077530048
77.9163967279
77.9215961347
77.9233316735
77.9215964055
77.9163972805
77.9077537939
77.8956977557
77.8802725904
77.8615329896
77.8395452375
77.8143850646
77.7861367977
77.7548919269
77.7207484766
77.6838105616
77.6441864008
77.6019872269
77.5573260218
77.5103169262
77.4610747662
77.4097137572
77.3563466292
77.3010838202
77.2440333194
77.1853003665
77.1249868603
77.0631906064
77
77
77.0631894577
77.1249851274
77.1852983605
77.2440311665
77.3010815809
77.3563443307
77.4097114033
77.4610723788
77.510314525
77.557323637
77.6019848738
77.6441840882
77.6838083123
77.7207463126
77.7548898756
77.7861348757
77.8143832955
77.8395436291
77.8615315822
77.8802713959
77.8956968064
77.907753102
77.916396826
77.9215962335
77.9233317725
77.9215965045
77.916397379
77.9077538915
77.8956978521
77.8802726853
77.8615330828
77.8395453286
77.8143851533
77.7861368839
77.7548920104
77.7207485572
77.6838106391
77.6441864752
77.6019872982
77.5573260899
77.510316991
77.4610748278
77.4097138156
77.3563466845
77.3010838724
77.2440333687
77.1853004128
77.1249869039
77.0631906471
77
77
77.0631894186
77.124985086
77.1852983164
77.2440311197
77.3010815312
77.3563442781
77.4097113477
77.4610723202
77.5103144634
77.5573235723
77.601984806
77.6441840174
77.6838082385
77.720746236
77.7548897962
77.7861347937
77.8143832111
77.8395435425
77.8615314936
77.8802713056
77.8956967147
77.9077530092
77.9163967324
77.9215961395
77.9233316783
77.9215964106
77.9163972857
77.9077537991
77.895697761
77.8802725957
77.861532995
77.8395452429
77.8143850699
77.786136803
77.7548919321
77.7207484818
77.6838105666
77.6441864057
77.6019872317
77.5573260264
77.5103169307
77.4610747705
77.4097137613
77.3563466331
77.3010838239
77.244033323
77.1853003699
77.1249868635
77.063190609
77
77
77.0631894158
77.124985083
77.1852983132
77.2440311163
77.3010815276
77.3563442743
77.4097113437
77.4610723159
77.5103144589
77.5573235676
77.6019848011
77.6441840123
77.6838082332
77.7207462304
77.7548897905
77.7861347878
77.814383205
77.8395435362
77.8615314872
77.880271299
77.895696708
77.9077530024
77.9163967256
77.9215961326
77.9233316715
77.9215964037
77.9163972789
77.9077537924
77.8956977544
77.8802725892
77.8615329886
77.8395452366
77.8143850638
77.7861367971
77.7548919264
77.7207484762
77.6838105613
77.6441864005
77.6019872268
77.5573260218
77.5103169262
77.4610747663
77.4097137573
77.3563466293
77.3010838203
77.2440333196
77.1853003667
77.1249868605
77.0631906062
77
77
77.063189413
77.1249850801
77.1852983101
77.244031113
77.3010815241
77.3563442706
77.4097113398
77.4610723118
77.5103144546
77.5573235631
77.6019847964
77.6441840073
77.683808228
77.7207462251
77.7548897849
77.786134782
77.814383199
77.8395435301
77.861531481
77.8802712927
77.8956967016
77.9077529959
77.916396719
77.921596126
77.9233316648
77.9215963971
77.9163972723
77.9077537858
77.8956977479
77.8802725828
77.8615329824
77.8395452305
77.8143850579
77.7861367913
77.7548919208
77.7207484709
77.6838105561
77.6441863956
77.6019872221
77.5573260172
77.5103169219
77.4610747622
77.4097137534
77.3563466256
77.3010838169
77.2440333163
77.1853003636
77.1249868576
77.0631906035
77
77
77.0631894088
77.1249850756
77.1852983053
77.2440311079
77.3010815188
77.3563442649
77.4097113338
77.4610723055
77.510314448
77.5573235561
77.6019847891
77.6441839997
77.6838082201
77.7207462168
77.7548897763
77.7861347731
77.8143831899
77.8395435207
77.8615314714
77.8802712829
77.8956966916
77.9077529858
77.9163967088
77.9215961158
77.9233316546
77.9215963869
77.9163972621
77.9077537758
77.895697738
77.880272573
77.8615329728
77.8395452211
77.8143850487
77.7861367824
77.7548919122
77.7207484626
77.6838105481
77.6441863879
77.6019872148
77.5573260102
77.5103169153
77.4610747559
77.4097137474
77.35634662
77.3010838115
77.2440333113
77.1853003588
77.1249868531
77.0631905992
77
77
77.0631894052
77.1249850717
77.1852983012
77.2440311036
77.3010815141
77.35634426
77.4097113286
77.4610723
77.5103144422
77.5573235501
77.6019847827
77.644183993
77.6838082132
77.7207462096
77.7548897689
77.7861347655
77.814383182
77.8395435126
77.861531463
77.8802712744
77.895696683
77.9077529771
77.9163967
77.9215961069
77.9233316457
77.921596378
77.9163972533
77.907753767
77.8956977293
77.8802725645
77.8615329644
77.839545213
77.8143850408
77.7861367748
77.7548919048
77.7207484554
77.6838105412
77.6441863813
77.6019872084
77.5573260042
77.5103169095
77.4610747504
77.4097137422
77.3563466151
77.3010838069
77.2440333069
77.1853003547
77.1249868492
77.0631905956
77
77
77.0631894021
77.1249850685
77.1852982977
77.2440310999
77.3010815102
77.3563442558
77.4097113242
77.4610722954
77.5103144373
77.557323545
77.6019847774
77.6441839874
77.6838082073
77.7207462035
77.7548897626
77.786134759
77.8143831753
77.8395435057
77.861531456
77.8802712672
77.8956966757
77.9077529697
77.9163966926
77.9215960994
77.9233316382
77.9215963705
77.9163972459
77.9077537596
77.895697722
77.8802725574
77.8615329574
77.8395452061
77.8143850341
77.7861367683
77.7548918985
77.7207484493
77.6838105354
77.6441863757
77.6019872031
77.5573259991
77.5103169046
77.4610747458
77.4097137378
77.3563466109
77.301083803
77.2440333032
77.1853003512
77.124986846
77.0631905925
77
77
77.0631893996
77.1249850658
77.1852982949
77.2440310968
77.301081507
77.3563442524
77.4097113206
77.4610722916
77.5103144333
77.5573235408
77.601984773
77.6441839829
77.6838082025
77.7207461986
77.7548897575
77.7861347536
77.8143831698
77.8395435001
77.8615314503
77.8802712613
77.8956966697
77.9077529637
77.9163966865
77.9215960933
77.9233316321
77.9215963644
77.9163972398
77.9077537536
77.8956977161
77.8802725515
77.8615329517
77.8395452005
77.8143850286
77.7861367629
77.7548918933
77.7207484444
77.6838105306
77.6441863711
77.6019871987
77.5573259949
77.5103169006
77.461074742
77.4097137342
77.3563466075
77.3010837997
77.2440333002
77.1853003484
77.1249868433
77.06319059
77
77
77.0631893976
77.1249850637
77.1852982927
77.2440310945
77.3010815045
77.3563442498
77.4097113178
77.4610722887
77.5103144302
77.5573235375
77.6019847696
77.6441839793
77.6838081988
77.7207461947
77.7548897535
77.7861347495
77.8143831656
77.8395434957
77.8615314458
77.8802712568
77.8956966651
77.907752959
77.9163966817
77.9215960885
77.9233316273
77.9215963596
77.916397235
77.9077537489
77.8956977114
77.8802725469
77.8615329472
77.8395451961
77.8143850244
77.7861367588
77.7548918893
77.7207484405
77.6838105269
77.6441863676
77.6019871953
77.5573259916
77.5103168975
77.461074739
77.4097137314
77.3563466049
77.3010837972
77.2440332978
77.1853003462
77.1249868412
77.063190588
77
77
77.0631893962
77.1249850622
77.1852982911
77.2440310928
77.3010815027
77.3563442479
77.4097113158
77.4610722866
77.510314428
77.5573235352
77.6019847671
77.6441839767
77.6838081962
77.720746192
77.7548897506
77.7861347465
77.8143831625
77.8395434926
77.8615314426
77.8802712535
77.8956966618
77.9077529556
77.9163966783
77.9215960851
77.9233316239
77.9215963562
77.9163972316
77.9077537455
77.8956977081
77.8802725437
77.861532944
77.839545193
77.8143850213
77.7861367558
77.7548918865
77.7207484378
77.6838105242
77.644186365
77.6019871928
77.5573259893
77.5103168953
77.4610747369
77.4097137294
77.356346603
77.3010837955
77.2440332961
77.1853003446
77.1249868397
77.0631905866
77
77
77.0631893954
77.1249850613
77.1852982901
77.2440310918
77.3010815016
77.3563442468
77.4097113147
77.4610722853
77.5103144267
77.5573235338
77.6019847657
77.6441839752
77.6838081946
77.7207461903
77.7548897489
77.7861347448
77.8143831607
77.8395434907
77.8615314407
77.8802712515
77.8956966598
77.9077529536
77.9163966763
77.9215960831
77.9233316218
77.9215963542
77.9163972296
77.9077537435
77.8956977061
77.8802725417
77.8615329421
77.8395451911
77.8143850195
77.7861367541
77.7548918848
77.7207484361
77.6838105226
77.6441863635
77.6019871914
77.5573259879
77.510316894
77.4610747357
77.4097137282
77.3563466018
77.3010837944
77.2440332951
77.1853003436
77.1249868388
77.0631905858
77
77
77.0631893951
77.124985061
77.1852982898
77.2440310915
77.3010815013
77.3563442464
77.4097113143
77.4610722849
77.5103144262
77.5573235333
77.6019847652
77.6441839747
77.683808194
77.7207461897
77.7548897483
77.7861347442
77.8143831601
77.8395434901
77.86153144
77.8802712509
77.8956966591
77.9077529529
77.9163966756
77.9215960824
77.9233316211
77.9215963535
77.9163972289
77.9077537429
77.8956977055
77.880272541
77.8615329414
77.8395451905
77.8143850189
77.7861367535
77.7548918842
77.7207484355
77.6838105221
77.644186363
77.6019871909
77.5573259874
77.5103168935
77.4610747352
77.4097137278
77.3563466015
77.301083794
77.2440332948
77.1853003433
77.1249868385
77.0631905855
77
77
77.0631792962
77.1249739788
77.1852864446
77.2440185053
77.3010681643
77.3563301474
77.4096964354
77.4610566146
77.5102979589
77.5573062665
77.6019667087
77.6441651396
77.683788596
77.7207258546
77.7548687075
77.7861130466
77.8143608545
77.8395206272
77.8615080872
77.8802474745
77.8956725431
77.9077285786
77.9163721215
77.9215714418
77.9233069774
77.9215718043
77.9163728612
77.9077296357
77.8956739438
77.8802491973
77.8615100937
77.839522901
77.8143633418
77.7861157381
77.7548715694
77.7207288605
77.6837917115
77.6441683325
77.6019699513
77.5573095437
77.5103012483
77.4610598808
77.4096996511
77.3563332846
77.3010712223
77.2440214433
77.1852891855
77.1249763628
77.0631809126
77
77
77.0631792965
77.1249739791
77.1852864449
77.2440185057
77.3010681646
77.3563301478
77.4096964358
77.4610566151
77.5102979594
77.557306267
77.6019667092
77.6441651401
77.6837885965
77.7207258552
77.7548687081
77.7861130472
77.8143608551
77.8395206278
77.8615080879
77.8802474751
77.8956725438
77.9077285793
77.9163721221
77.9215714425
77.9233069781
77.921571805
77.9163728618
77.9077296364
77.8956739444
77.880249198
77.8615100943
77.8395229017
77.8143633424
77.7861157387
77.75487157
77.720728861
77.683791712
77.644168333
77.6019699518
77.5573095442
77.5103012488
77.4610598812
77.4096996515
77.356333285
77.3010712226
77.2440214437
77.1852891858
77.1249763631
77.0631809129
77
77
77.0631792973
77.12497398
77.1852864458
77.2440185067
77.3010681657
77.3563301489
77.409696437
77.4610566163
77.5102979607
77.5573062684
77.6019667107
77.6441651417
77.6837885981
77.7207258568
77.7548687098
77.786113049
77.8143608569
77.8395206297
77.8615080898
77.8802474771
77.8956725458
77.9077285813
77.9163721242
77.9215714446
77.9233069801
77.9215718071
77.9163728639
77.9077296384
77.8956739464
77.8802492
77.8615100963
77.8395229035
77.8143633442
77.7861157405
77.7548715717
77.7207288627
77.6837917136
77.6441683345
77.6019699533
77.5573095456
77.5103012501
77.4610598825
77.4096996527
77.3563332861
77.3010712237
77.2440214447
77.1852891867
77.124976364
77.0631809138
77
77
77.0631792987
77.1249739815
77.1852864474
77.2440185084
77.3010681675
77.3563301508
77.409696439
77.4610566184
77.5102979629
77.5573062707
77.6019667131
77.6441651442
77.6837886008
77.7207258596
77.7548687126
77.7861130519
77.8143608599
77.8395206328
77.861508093
77.8802474803
77.8956725491
77.9077285847
77.9163721276
77.921571448
77.9233069835
77.9215718105
77.9163728673
77.9077296417
77.8956739497
77.8802492032
77.8615100995
77.8395229067
77.8143633473
77.7861157434
77.7548715746
77.7207288654
77.6837917163
77.6441683371
77.6019699557
77.5573095479
77.5103012523
77.4610598846
77.4096996547
77.356333288
77.3010712255
77.2440214464
77.1852891883
77.1249763655
77.0631809152
77
77
77.0631793006
77.1249739836
77.1852864496
77.2440185107
77.30106817
77.3563301535
77.4096964418
77.4610566214
77.510297966
77.557306274
77.6019667165
77.6441651478
77.6837886045
77.7207258634
77.7548687166
77.7861130561
77.8143608642
77.8395206372
77.8615080975
77.8802474849
77.8956725538
77.9077285894
77.9163721323
77.9215714527
77.9233069883
77.9215718152
77.916372872
77.9077296464
77.8956739544
77.8802492078
77.8615101039
77.839522911
77.8143633515
77.7861157476
77.7548715786
77.7207288693
77.68379172
77.6441683406
77.6019699591
77.5573095512
77.5103012554
77.4610598875
77.4096996575
77.3563332906
77.301071228
77.2440214487
77.1852891905
77.1249763676
77.0631809171
77
77
77.0631793032
77.1249739863
77.1852864525
77.2440185137
77.3010681732
77.3563301569
77.4096964454
77.4610566252
77.51029797
77.5573062781
77.6019667209
77.6441651524
77.6837886093
77.7207258684
77.7548687218
77.7861130614
77.8143608697
77.8395206428
77.8615081032
77.8802474908
77.8956725597
77.9077285954
77.9163721384
77.9215714589
77.9233069945
77.9215718214
77.9163728781
77.9077296525
77.8956739603
77.8802492137
77.8615101097
77.8395229167
77.814363357
77.7861157529
77.7548715838
77.7207288743
77.6837917247
77.6441683452
77.6019699635
77.5573095553
77.5103012594
77.4610598913
77.4096996611
77.356333294
77.3010712312
77.2440214517
77.1852891934
77.1249763702
77.0631809196
77
77
77.0631793062
77.1249739896
77.185286456
77.2440185174
77.3010681771
77.356330161
77.4096964497
77.4610566298
77.5102979749
77.5573062833
77.6019667263
77.644165158
77.6837886151
77.7207258745
77.7548687281
77.7861130679
77.8143608764
77.8395206497
77.8615081102
77.880247498
77.895672567
77.9077286028
77.9163721459
77.9215714664
77.923307002
77.9215718289
77.9163728856
77.9077296599
77.8956739676
77.8802492208
77.8615101167
77.8395229235
77.8143633637
77.7861157594
77.75487159
77.7207288803
77.6837917306
77.6441683508
77.6019699689
77.5573095605
77.5103012643
77.4610598959
77.4096996655
77.3563332982
77.3010712351
77.2440214554
77.1852891969
77.1249763735
77.0631809227
77
77
77.0631793098
77.1249739934
77.1852864601
77.2440185218
77.3010681818
77.3563301659
77.4096964549
77.4610566353
77.5102979807
77.5573062893
77.6019667326
77.6441651646
77.683788622
77.7207258816
77.7548687355
77.7861130756
77.8143608843
77.8395206578
77.8615081186
77.8802475064
77.8956725756
77.9077286115
77.9163721547
77.9215714752
77.9233070108
77.9215718377
77.9163728944
77.9077296686
77.8956739763
77.8802492293
77.861510125
77.8395229317
77.8143633716
77.7861157671
77.7548715975
77.7207288875
77.6837917375
77.6441683574
77.6019699752
77.5573095665
77.5103012701
77.4610599014
77.4096996707
77.3563333031
77.3010712398
77.2440214598
77.185289201
77.1249763774
77.0631809263
77
77
77.063179314
77.1249739979
77.1852864648
77.2440185269
77.3010681871
77.3563301716
77.4096964609
77.4610566416
77.5102979873
77.5573062963
77.6019667399
77.6441651722
77.68378863
77.7207258899
77.7548687441
77.7861130844
77.8143608934
77.8395206672
77.8615081282
77.8802475162
77.8956725856
77.9077286216
77.9163721648
77.9215714855
77.9233070211
77.9215718479
77.9163729045
77.9077296787
77.8956739862
77.8802492391
77.8615101346
77.839522941
77.8143633808
77.7861157759
77.7548716061
77.7207288958
77.6837917455
77.6441683651
77.6019699825
77.5573095735
77.5103012767
77.4610599077
77.4096996767
77.3563333088
77.3010712451
77.2440214649
77.1852892058
77.1249763819
77.0631809305
77
77
77.0631793165
77.1249740005
77.1852864676
77.2440185298
77.3010681902
77.3563301749
77.4096964644
77.4610566453
77.5102979912
77.5573063004
77.6019667442
77.6441651767
77.6837886346
77.7207258947
77.7548687491
77.7861130896
77.8143608987
77.8395206726
77.8615081338
77.8802475219
77.8956725914
77.9077286275
77.9163721708
77.9215714914
77.9233070271
77.9215718539
77.9163729105
77.9077296845
77.895673992
77.8802492448
77.8615101402
77.8395229465
77.8143633861
77.7861157811
77.7548716111
77.7207289006
77.6837917501
77.6441683695
77.6019699868
77.5573095776
77.5103012806
77.4610599114
77.4096996802
77.3563333121
77.3010712483
77.2440214678
77.1852892085
77.1249763845
77.0631809329
77
77
77.063179319
77.1249740032
77.1852864705
77.2440185329
77.3010681935
77.3563301783
77.409696468
77.4610566491
77.5102979952
77.5573063046
77.6019667486
77.6441651813
77.6837886394
77.7207258997
77.7548687543
77.7861130949
77.8143609042
77.8395206782
77.8615081395
77.8802475278
77.8956725974
77.9077286335
77.9163721769
77.9215714975
77.9233070332
77.92157186
77.9163729166
77.9077296906
77.895673998
77.8802492507
77.861510146
77.8395229521
77.8143633916
77.7861157864
77.7548716162
77.7207289056
77.6837917549
77.6441683741
77.6019699912
77.5573095818
77.5103012846
77.4610599152
77.4096996838
77.3563333155
77.3010712515
77.2440214708
77.1852892114
77.1249763871
77.0631809354
77
77
77.0631807809
77.124975564
77.1852881299
77.2440202948
77.3010700611
77.3563321544
77.4096985548
77.4610588488
77.5103003092
77.5573087335
77.6019692916
77.6441678372
77.6837914064
77.7207287748
77.7548717333
77.7861161717
77.8143640722
77.8395239303
77.8615114671
77.8802509214
77.8956760455
77.9077321249
77.9163756999
77.92157504
77.9233105826
77.9215754025
77.9163764396
77.907733182
77.8956774461
77.8802526443
77.8615134736
77.8395262042
77.8143665596
77.7861188633
77.7548745952
77.7207317807
77.6837945219
77.6441710301
77.6019725342
77.5573120107
77.5103035987
77.461062115
77.4097017705
77.3563352915
77.3010731191
77.2440232328
77.1852908709
77.1249779479
77.0631823974
77
77
77.0631822488
77.1249771312
77.1852897962
77.244022064
77.3010719365
77.3563341387
77.4097006504
77.4610610579
77.510302633
77.5573111727
77.6019718455
77.6441705044
77.6837941852
77.7207316621
77.754874725
77.7861192616
77.8143672538
77.8395271962
77.8615148088
77.8802543295
77.8956795083
77.9077356312
77.916379238
77.9215785976
77.9233141471
77.9215789601
77.9163799777
77.9077366883
77.8956809089
77.8802560523
77.8615168154
77.8395294701
77.8143697412
77.7861219532
77.7548775869
77.720734668
77.6837973007
77.6441736973
77.601975088
77.5573144499
77.5103059225
77.461064324
77.4097038661
77.3563372758
77.3010749946
77.2440250021
77.1852925372
77.1249795152
77.0631838653
77
77
77.0631837228
77.1249787049
77.1852914694
77.2440238406
77.3010738197
77.3563361312
77.4097027547
77.4610632761
77.5103049666
77.5573136221
77.60197441
77.6441731829
77.6837969756
77.7207345616
77.7548777293
77.7861223645
77.8143704488
77.839530476
77.8615181648
77.880257752
77.8956829858
77.9077391524
77.9163827911
77.9215821703
77.9233177269
77.9215825328
77.9163835309
77.9077402095
77.8956843864
77.8802594749
77.8615201714
77.8395327499
77.8143729362
77.7861250562
77.7548805912
77.7207375675
77.6838000912
77.6441763758
77.6019776526
77.5573168993
77.510308256
77.4610665422
77.4097059703
77.3563392683
77.3010768778
77.2440267787
77.1852942104
77.1249810889
77.0631853393
77
77
77.0631852028
77.124980285
77.1852931495
77.2440256245
77.3010757107
77.3563381321
77.4097048678
77.4610655036
77.5103073098
77.5573160817
77.6019769853
77.6441758725
77.6837997778
77.7207374734
77.7548807463
77.7861254806
77.8143736573
77.8395337697
77.861521535
77.880261189
77.8956864781
77.9077426885
77.9163863593
77.9215857582
77.9233213218
77.9215861207
77.9163870992
77.9077437456
77.8956878787
77.8802629119
77.8615235416
77.8395360435
77.8143761447
77.7861281724
77.7548836081
77.7207404792
77.6838028934
77.6441790654
77.6019802278
77.557319359
77.5103105993
77.4610687697
77.4097080834
77.3563412691
77.3010787688
77.2440285627
77.1852958905
77.124982669
77.0631868193
77
77
77.0631866888
77.1249818716
77.1852948364
77.2440274157
77.3010776095
77.3563401412
77.4097069896
77.4610677403
77.5103096628
77.5573185516
77.6019795713
77.6441785734
77.6838025917
77.7207403973
77.7548837759
77.7861286097
77.8143768792
77.8395370772
77.8615249193
77.8802646406
77.8956899852
77.9077462396
77.9163899425
77.9215893612
77.9233249319
77.9215897237
77.9163906825
77.9077472967
77.8956913857
77.8802663635
77.861526926
77.839539351
77.8143793668
77.7861313016
77.7548866377
77.7207434031
77.6838057074
77.6441817664
77.6019828138
77.5573218289
77.5103129523
77.4610710063
77.4097102051
77.3563432781
77.3010806676
77.2440303539
77.1852975775
77.1249842556
77.0631883053
77
77
77.0631881809
77.1249834646
77.1852965302
77.2440292142
77.3010795161
77.3563421585
77.4097091201
77.4610699862
77.5103120255
77.5573210317
77.6019821681
77.6441812856
77.6838054174
77.7207433334
77.7548868182
77.7861317519
77.8143801147
77.8395403986
77.8615283178
77.8802681066
77.8956935069
77.9077498055
77.9163935409
77.9215929794
77.9233285571
77.9215933419
77.9163942808
77.9077508626
77.8956949074
77.8802698295
77.8615303246
77.8395426724
77.8143826023
77.7861344439
77.75488968
77.7207463392
77.6838085331
77.6441844785
77.6019854106
77.557324309
77.5103153151
77.4610732523
77.4097123356
77.3563452954
77.3010825742
77.2440321525
77.1852992714
77.1249858486
77.0631897974
77
77
77.0631881815
77.1249834652
77.1852965309
77.2440292149
77.3010795168
77.3563421593
77.4097091209
77.461069987
77.5103120264
77.5573210327
77.6019821691
77.6441812866
77.6838054184
77.7207433345
77.7548868194
77.7861317531
77.814380116
77.8395403999
77.8615283191
77.8802681079
77.8956935082
77.9077498069
77.9163935422
77.9215929808
77.9233285585
77.9215933433
77.9163942822
77.907750864
77.8956949087
77.8802698308
77.861530326
77.8395426737
77.8143826035
77.7861344451
77.7548896812
77.7207463403
77.6838085341
77.6441844795
77.6019854116
77.5573243099
77.510315316
77.4610732531
77.4097123364
77.3563452962
77.3010825749
77.2440321532
77.185299272
77.1249858492
77.063189798
77
77
77.0631882211
77.1249835077
77.1852965761
77.244029263
77.3010795679
77.3563422133
77.409709178
77.4610700473
77.5103120899
77.5573210994
77.601982239
77.6441813598
77.6838054947
77.7207434139
77.7548869017
77.7861318382
77.8143802037
77.83954049
77.8615284115
77.8802682022
77.8956936041
77.9077499041
77.9163936404
77.9215930796
77.9233286575
77.9215934422
77.9163943806
77.9077509616
77.8956950052
77.8802699258
77.8615304191
77.8395427647
77.8143826922
77.7861345313
77.7548897647
77.7207464209
77.6838086117
77.644184554
77.6019854828
77.557324378
77.5103153808
77.4610733147
77.4097123948
77.3563453515
77.3010826272
77.2440322024
77.1852993184
77.1249858928
77.0631898387
77
77
77.063188182
77.1249834663
77.185296532
77.2440292161
77.3010795182
77.3563421607
77.4097091225
77.4610699887
77.5103120282
77.5573210347
77.6019821713
77.644181289
77.683805421
77.7207433372
77.7548868223
77.7861317562
77.8143801193
77.8395404034
77.8615283229
77.8802681119
77.8956935124
77.9077498113
77.9163935468
77.9215929855
77.9233285634
77.9215933483
77.9163942874
77.9077508692
77.895694914
77.8802698362
77.8615303313
77.8395426791
77.8143826088
77.7861344504
77.7548896864
77.7207463454
77.6838085392
77.6441844844
77.6019854163
77.5573243145
77.5103153204
77.4610732574
77.4097123405
77.3563453001
77.3010825787
77.2440321567
77.1852992754
77.1249858524
77.0631898005
77
77
77.0631881791
77.1249834633
77.1852965288
77.2440292127
77.3010795146
77.3563421569
77.4097091185
77.4610699845
77.5103120238
77.55732103
77.6019821663
77.6441812838
77.6838054156
77.7207433317
77.7548868166
77.7861317503
77.8143801132
77.8395403971
77.8615283165
77.8802681053
77.8956935058
77.9077498045
77.91639354
77.9215929787
77.9233285565
77.9215933415
77.9163942805
77.9077508625
77.8956949074
77.8802698296
77.8615303249
77.8395426728
77.8143826027
77.7861344444
77.7548896807
77.7207463399
77.6838085338
77.6441844793
77.6019854114
77.5573243098
77.510315316
77.4610732531
77.4097123365
77.3563452963
77.3010825751
77.2440321534
77.1852992722
77.1249858494
77.0631897977
77
77
77.0631881764
77.1249834603
77.1852965257
77.2440292095
77.3010795111
77.3563421533
77.4097091146
77.4610699804
77.5103120195
77.5573210255
77.6019821616
77.6441812789
77.6838054105
77.7207433263
77.754886811
77.7861317445
77.8143801073
77.839540391
77.8615283103
77.880268099
77.8956934993
77.907749798
77.9163935334
77.9215929721
77.9233285499
77.9215933348
77.9163942739
77.9077508559
77.8956949009
77.8802698233
77.8615303187
77.8395426667
77.8143825968
77.7861344387
77.7548896751
77.7207463345
77.6838085287
77.6441844743
77.6019854067
77.5573243053
77.5103153116
77.461073249
77.4097123326
77.3563452926
77.3010825716
77.2440321501
77.1852992691
77.1249858465
77.063189795
77
77
77.0631881722
77.1249834559
77.185296521
77.2440292044
77.3010795057
77.3563421476
77.4097091086
77.4610699741
77.5103120128
77.5573210185
77.6019821543
77.6441812712
77.6838054025
77.720743318
77.7548868024
77.7861317357
77.8143800981
77.8395403817
77.8615283007
77.8802680892
77.8956934893
77.9077497879
77.9163935232
77.9215929618
77.9233285396
77.9215933246
77.9163942638
77.9077508459
77.895694891
77.8802698135
77.8615303091
77.8395426573
77.8143825877
77.7861344298
77.7548896665
77.7207463262
77.6838085207
77.6441844667
77.6019853994
77.5573242983
77.510315305
77.4610732427
77.4097123266
77.356345287
77.3010825663
77.244032145
77.1852992644
77.124985842
77.0631897908
77
77
77.0631881685
77.124983452
77.1852965168
77.2440292
77.3010795011
77.3563421427
77.4097091034
77.4610699686
77.5103120071
77.5573210125
77.601982148
77.6441812646
77.6838053956
77.7207433108
77.754886795
77.786131728
77.8143800902
77.8395403735
77.8615282923
77.8802680807
77.8956934807
77.9077497792
77.9163935144
77.921592953
77.9233285308
77.9215933158
77.916394255
77.9077508371
77.8956948824
77.880269805
77.8615303008
77.8395426492
77.8143825797
77.7861344221
77.7548896591
77.7207463191
77.6838085138
77.6441844601
77.601985393
77.5573242923
77.5103152992
77.4610732373
77.4097123214
77.3563452821
77.3010825616
77.2440321407
77.1852992603
77.1249858382
77.0631897871
77
77
77.0631881655
77.1249834487
77.1852965134
77.2440291963
77.3010794972
77.3563421385
77.409709099
77.461069964
77.5103120022
77.5573210073
77.6019821426
77.644181259
77.6838053898
77.7207433048
77.7548867887
77.7861317215
77.8143800835
77.8395403667
77.8615282853
77.8802680735
77.8956934734
77.9077497718
77.9163935069
77.9215929455
77.9233285233
77.9215933083
77.9163942475
77.9077508297
77.8956948751
77.8802697978
77.8615302937
77.8395426423
77.8143825731
77.7861344156
77.7548896528
77.720746313
77.6838085079
77.6441844545
77.6019853877
77.5573242872
77.5103152944
77.4610732326
77.4097123171
77.3563452779
77.3010825577
77.244032137
77.1852992568
77.1249858349
77.063189784
77
77
77.0631881629
77.1249834461
77.1852965105
77.2440291933
77.301079494
77.3563421351
77.4097090954
77.4610699602
77.5103119982
77.5573210031
77.6019821382
77.6441812544
77.683805385
77.7207432998
77.7548867836
77.7861317162
77.8143800781
77.839540361
77.8615282795
77.8802680677
77.8956934675
77.9077497658
77.9163935008
77.9215929393
77.9233285171
77.9215933021
77.9163942414
77.9077508237
77.8956948691
77.8802697919
77.861530288
77.8395426367
77.8143825676
77.7861344103
77.7548896476
77.720746308
77.6838085032
77.6441844499
77.6019853833
77.557324283
77.5103152904
77.4610732288
77.4097123135
77.3563452745
77.3010825545
77.2440321339
77.1852992539
77.1249858322
77.0631897815
77
77
77.063188161
77.124983444
77.1852965083
77.2440291909
77.3010794915
77.3563421325
77.4097090926
77.4610699573
77.5103119951
77.5573209999
77.6019821348
77.6441812509
77.6838053813
77.7207432959
77.7548867796
77.786131712
77.8143800738
77.8395403567
77.8615282751
77.8802680631
77.8956934628
77.9077497611
77.9163934961
77.9215929346
77.9233285123
77.9215932974
77.9163942367
77.907750819
77.8956948645
77.8802697874
77.8615302835
77.8395426323
77.8143825633
77.7861344062
77.7548896436
77.7207463042
77.6838084995
77.6441844463
77.6019853799
77.5573242797
77.5103152873
77.4610732259
77.4097123107
77.3563452719
77.301082552
77.2440321316
77.1852992517
77.1249858301
77.0631897796
77
77
77.0631881596
77.1249834425
77.1852965067
77.2440291893
77.3010794897
77.3563421306
77.4097090906
77.4610699551
77.5103119929
77.5573209976
77.6019821324
77.6441812483
77.6838053786
77.7207432932
77.7548867767
77.7861317091
77.8143800708
77.8395403535
77.8615282719
77.8802680598
77.8956934595
77.9077497577
77.9163934927
77.9215929312
77.9233285089
77.921593294
77.9163942333
77.9077508156
77.8956948611
77.8802697841
77.8615302803
77.8395426292
77.8143825603
77.7861344032
77.7548896408
77.7207463014
77.6838084968
77.6441844438
77.6019853774
77.5573242774
77.5103152851
77.4610732238
77.4097123087
77.35634527
77.3010825502
77.2440321299
77.1852992501
77.1249858286
77.0631897782
77
77
77.0631881587
77.1249834416
77.1852965058
77.2440291883
77.3010794886
77.3563421295
77.4097090894
77.4610699539
77.5103119915
77.5573209962
77.6019821309
77.6441812468
77.683805377
77.7207432915
77.754886775
77.7861317073
77.8143800689
77.8395403517
77.86152827
77.8802680579
77.8956934575
77.9077497557
77.9163934907
77.9215929291
77.9233285069
77.9215932919
77.9163942313
77.9077508136
77.8956948591
77.8802697822
77.8615302784
77.8395426273
77.8143825584
77.7861344014
77.7548896391
77.7207462998
77.6838084952
77.6441844423
77.601985376
77.557324276
77.5103152837
77.4610732225
77.4097123075
77.3563452688
77.3010825491
77.2440321289
77.1852992492
77.1249858277
77.0631897773
77
77
77.0631881585
77.1249834413
77.1852965054
77.2440291879
77.3010794883
77.3563421291
77.409709089
77.4610699535
77.5103119911
77.5573209957
77.6019821304
77.6441812463
77.6838053765
77.720743291
77.7548867744
77.7861317067
77.8143800683
77.839540351
77.8615282693
77.8802680572
77.8956934569
77.907749755
77.91639349
77.9215929284
77.9233285062
77.9215932912
77.9163942306
77.907750813
77.8956948585
77.8802697815
77.8615302777
77.8395426267
77.8143825578
77.7861344008
77.7548896385
77.7207462992
77.6838084947
77.6441844418
77.6019853755
77.5573242755
77.5103152833
77.4610732221
77.4097123071
77.3563452685
77.3010825488
77.2440321285
77.1852992488
77.1249858274
77.063189777
77
77
77.0631777119
77.1249719673
77.1852842472
77.2440161634
77.3010656877
77.356327539
77.4096936903
77.4610537371
77.5102949487
77.5573031245
77.60196344
77.6441617483
77.6837850876
77.7207222378
77.7548649903
77.7861092422
77.8143569719
77.8395166756
77.8615040849
77.8802434332
77.8956684791
77.907724509
77.9163680564
77.9215674042
77.9233029774
77.921567857
77.9163689834
77.9077258341
77.8956702372
77.8802455918
77.8615065991
77.8395195263
77.8143600903
77.7861126168
77.7548685821
77.720726008
77.6837889944
77.6441657488
77.6019675043
77.5573072269
77.5102990623
77.461057822
77.409697713
77.3563314618
77.3010695135
77.2440198406
77.1852876816
77.1249749738
77.0631797854
77
77
77.0631777122
77.1249719676
77.1852842475
77.2440161638
77.301065688
77.3563275394
77.4096936907
77.4610537375
77.5102949491
77.557303125
77.6019634405
77.6441617488
77.6837850881
77.7207222383
77.7548649909
77.7861092428
77.8143569725
77.8395166762
77.8615040855
77.8802434338
77.8956684798
77.9077245096
77.916368057
77.9215674049
77.923302978
77.9215678577
77.9163689841
77.9077258348
77.8956702379
77.8802455925
77.8615065998
77.8395195269
77.8143600909
77.7861126174
77.7548685827
77.7207260086
77.6837889949
77.6441657493
77.6019675048
77.5573072273
77.5102990627
77.4610578225
77.4096977134
77.3563314622
77.3010695139
77.244019841
77.1852876819
77.1249749741
77.0631797857
77
77
77.063177713
77.1249719685
77.1852842485
77.2440161648
77.3010656891
77.3563275405
77.4096936919
77.4610537388
77.5102949505
77.5573031264
77.6019634419
77.6441617504
77.6837850897
77.72072224
77.7548649926
77.7861092446
77.8143569744
77.8395166781
77.8615040875
77.8802434358
77.8956684818
77.9077245116
77.9163680591
77.9215674069
77.9233029801
77.9215678597
77.9163689861
77.9077258368
77.8956702398
77.8802455944
77.8615066017
77.8395195288
77.8143600927
77.7861126192
77.7548685844
77.7207260102
77.6837889965
77.6441657508
77.6019675062
77.5573072287
77.510299064
77.4610578237
77.4096977146
77.3563314634
77.3010695149
77.244019842
77.1852876828
77.124974975
77.0631797865
77
77
77.0631777144
77.12497197
77.18528425
77.2440161665
77.3010656909
77.3563275424
77.4096936939
77.4610537409
77.5102949527
77.5573031287
77.6019634444
77.6441617529
77.6837850923
77.7207222427
77.7548649955
77.7861092475
77.8143569774
77.8395166812
77.8615040907
77.8802434391
77.8956684851
77.907724515
77.9163680625
77.9215674103
77.9233029835
77.9215678631
77.9163689895
77.9077258401
77.8956702432
77.8802455977
77.8615066049
77.8395195319
77.8143600958
77.7861126222
77.7548685872
77.720726013
77.6837889992
77.6441657534
77.6019675087
77.557307231
77.5102990663
77.4610578258
77.4096977166
77.3563314652
77.3010695167
77.2440198437
77.1852876844
77.1249749765
77.0631797879
77
77
77.0631777164
77.1249719721
77.1852842523
77.2440161688
77.3010656934
77.356327545
77.4096936967
77.4610537439
77.5102949558
77.557303132
77.6019634478
77.6441617565
77.683785096
77.7207222466
77.7548649995
77.7861092517
77.8143569817
77.8395166856
77.8615040951
77.8802434436
77.8956684897
77.9077245197
77.9163680672
77.9215674151
77.9233029883
77.9215678679
77.9163689942
77.9077258448
77.8956702478
77.8802456022
77.8615066094
77.8395195363
77.8143601
77.7861126263
77.7548685912
77.7207260168
77.6837890029
77.644165757
77.6019675121
77.5573072343
77.5102990694
77.4610578288
77.4096977194
77.3563314679
77.3010695192
77.244019846
77.1852876866
77.1249749785
77.0631797899
77
77
77.0631777189
77.1249719748
77.1852842551
77.2440161718
77.3010656966
77.3563275484
77.4096937003
77.4610537476
77.5102949598
77.5573031362
77.6019634522
77.6441617611
77.6837851008
77.7207222516
77.7548650046
77.786109257
77.8143569871
77.8395166912
77.8615041009
77.8802434495
77.8956684957
77.9077245257
77.9163680733
77.9215674212
77.9233029944
77.921567874
77.9163690003
77.9077258509
77.8956702538
77.8802456081
77.8615066151
77.8395195419
77.8143601055
77.7861126316
77.7548685964
77.7207260218
77.6837890077
77.6441657615
77.6019675165
77.5573072385
77.5102990733
77.4610578326
77.409697723
77.3563314713
77.3010695224
77.244019849
77.1852876895
77.1249749812
77.0631797924
77
77
77.0631777219
77.124971978
77.1852842586
77.2440161755
77.3010657005
77.3563275526
77.4096937047
77.4610537523
77.5102949646
77.5573031413
77.6019634575
77.6441617667
77.6837851067
77.7207222576
77.7548650109
77.7861092635
77.8143569938
77.8395166981
77.8615041079
77.8802434567
77.895668503
77.9077245331
77.9163680808
77.9215674287
77.9233030019
77.9215678815
77.9163690078
77.9077258583
77.8956702611
77.8802456153
77.8615066222
77.8395195488
77.8143601122
77.7861126381
77.7548686027
77.7207260279
77.6837890135
77.6441657671
77.6019675218
77.5573072436
77.5102990782
77.4610578372
77.4096977274
77.3563314754
77.3010695263
77.2440198527
77.185287693
77.1249749845
77.0631797955
77
77
77.0631777256
77.1249719819
77.1852842627
77.2440161799
77.3010657052
77.3563275575
77.4096937099
77.4610537577
77.5102949704
77.5573031473
77.6019634639
77.6441617733
77.6837851136
77.7207222648
77.7548650184
77.7861092712
77.8143570017
77.8395167062
77.8615041162
77.8802434652
77.8956685116
77.9077245419
77.9163680896
77.9215674376
77.9233030108
77.9215678904
77.9163690166
77.907725867
77.8956702697
77.8802456238
77.8615066305
77.8395195569
77.8143601201
77.7861126458
77.7548686101
77.720726035
77.6837890204
77.6441657738
77.6019675282
77.5573072496
77.510299084
77.4610578427
77.4096977326
77.3563314803
77.301069531
77.2440198571
77.1852876971
77.1249749884
77.0631797991
77
77
77.0631777297
77.1249719864
77.1852842675
77.244016185
77.3010657105
77.3563275631
77.4096937158
77.4610537641
77.510294977
77.5573031543
77.6019634712
77.6441617809
77.6837851215
77.7207222731
77.7548650269
77.78610928
77.8143570109
77.8395167156
77.8615041258
77.8802434749
77.8956685215
77.9077245519
77.9163680997
77.9215674478
77.923303021
77.9215679006
77.9163690267
77.907725877
77.8956702796
77.8802456335
77.8615066401
77.8395195663
77.8143601292
77.7861126547
77.7548686187
77.7207260433
77.6837890284
77.6441657814
77.6019675355
77.5573072566
77.5102990906
77.461057849
77.4096977386
77.356331486
77.3010695363
77.2440198622
77.1852877018
77.1249749928
77.0631798033
77
77
77.0631777322
77.124971989
77.1852842702
77.2440161879
77.3010657136
77.3563275665
77.4096937193
77.4610537677
77.5102949809
77.5573031584
77.6019634754
77.6441617854
77.6837851262
77.7207222779
77.7548650319
77.7861092852
77.8143570162
77.839516721
77.8615041314
77.8802434806
77.8956685273
77.9077245578
77.9163681056
77.9215674538
77.923303027
77.9215679065
77.9163690327
77.9077258829
77.8956702854
77.8802456393
77.8615066457
77.8395195718
77.8143601345
77.7861126598
77.7548686237
77.7207260481
77.683789033
77.6441657858
77.6019675397
77.5573072607
77.5102990945
77.4610578527
77.4096977421
77.3563314893
77.3010695395
77.2440198651
77.1852877046
77.1249749954
77.0631798057
77
77
77.0631777347
77.1249719917
77.1852842731
77.2440161909
77.3010657168
77.3563275699
77.4096937229
77.4610537715
77.5102949849
77.5573031626
77.6019634798
77.64416179
77.6837851309
77.7207222829
77.7548650371
77.7861092905
77.8143570217
77.8395167267
77.8615041372
77.8802434865
77.8956685333
77.9077245638
77.9163681117
77.9215674599
77.9233030332
77.9215679127
77.9163690388
77.907725889
77.8956702914
77.8802456451
77.8615066514
77.8395195774
77.81436014
77.7861126651
77.7548686288
77.7207260531
77.6837890378
77.6441657904
77.6019675441
77.5573072649
77.5102990985
77.4610578564
77.4096977457
77.3563314927
77.3010695427
77.2440198681
77.1852877075
77.1249749981
77.0631798082
77
77
77.0631791961
77.1249735519
77.185285932
77.2440179523
77.3010675839
77.3563295453
77.4096958091
77.4610559706
77.5102972983
77.5573055907
77.6019660221
77.6441644451
77.6837878971
77.7207251571
77.7548680152
77.7861123663
77.8143601887
77.8395199777
77.8615074637
77.880246879
77.8956719803
77.9077280541
77.9163716336
77.9215710013
77.9233065815
77.921571454
77.9163725607
77.9077293792
77.8956737384
77.8802490377
77.8615099779
77.8395228285
77.814363307
77.786115741
77.7548716069
77.7207289273
77.683791804
77.6441684456
77.6019700863
77.5573096931
77.5103014119
77.4610600555
77.4096998318
77.3563334681
77.3010714098
77.2440216295
77.1852893664
77.1249765584
77.0631812697
77
77
77.0631806636
77.1249751187
77.1852875978
77.244019721
77.3010694588
77.356331529
77.409697904
77.4610581789
77.5102996214
77.5573080291
77.6019685751
77.6441671114
77.683790675
77.7207280435
77.7548710059
77.7861154552
77.8143633692
77.8395232426
77.8615108044
77.8802502861
77.8956754421
77.9077315593
77.9163751706
77.9215745578
77.9233101449
77.9215750105
77.9163760977
77.9077328844
77.8956772001
77.8802524447
77.8615133187
77.8395260934
77.8143664875
77.7861188299
77.7548745976
77.7207318137
77.6837945819
77.6441711119
77.6019726393
77.5573121315
77.510303735
77.4610622638
77.4097019267
77.3563354518
77.3010732846
77.2440233982
77.1852910322
77.1249781251
77.0631827372
77
77
77.0631821371
77.1249766919
77.1852892704
77.244021497
77.3010713414
77.356333521
77.4097000076
77.4610603964
77.5103019542
77.5573104777
77.6019711389
77.6441697889
77.6837934646
77.7207309421
77.7548740092
77.7861185571
77.8143665632
77.8395265214
77.8615141593
77.8802537076
77.8956789186
77.9077350794
77.9163787226
77.9215781294
77.9233137236
77.9215785822
77.9163796497
77.9077364045
77.8956806766
77.8802558662
77.8615166736
77.8395293721
77.8143696815
77.7861219319
77.7548776009
77.7207347122
77.6837973715
77.6441737895
77.601975203
77.5573145801
77.5103060678
77.4610644814
77.4097040303
77.3563374437
77.3010751673
77.2440251742
77.1852927049
77.1249796983
77.0631842107
77
77
77.0631836166
77.1249782715
77.1852909499
77.2440232803
77.3010732318
77.3563355212
77.40970212
77.4610626231
77.5103042967
77.5573129366
77.6019737134
77.6441724777
77.683796266
77.7207338529
77.7548770253
77.7861216722
77.8143697707
77.839529814
77.8615175284
77.8802571435
77.8956824098
77.9077386144
77.9163822897
77.9215817162
77.9233173174
77.921582169
77.9163832168
77.9077399395
77.8956841677
77.8802593022
77.8615200427
77.8395326648
77.814372889
77.7861250469
77.754880617
77.720737623
77.6838001729
77.6441764783
77.6019777774
77.557317039
77.5103084104
77.4610667082
77.4097061426
77.3563394438
77.3010770577
77.2440269576
77.1852943844
77.1249812779
77.0631856902
77
77
77.0631851021
77.1249798576
77.1852926363
77.2440250709
77.3010751301
77.3563375297
77.4097042411
77.4610648591
77.510306649
77.5573154057
77.6019762987
77.6441751777
77.683799079
77.7207367759
77.754880054
77.7861248003
77.8143729917
77.8395331205
77.8615209117
77.880260594
77.8956859157
77.9077421643
77.9163858718
77.9215853181
77.9233209264
77.9215857709
77.9163867989
77.9077434894
77.8956876736
77.8802627527
77.8615234259
77.8395359713
77.81437611
77.7861281751
77.7548836456
77.720740546
77.683802986
77.6441791783
77.6019803626
77.5573195081
77.5103107626
77.4610689442
77.4097082637
77.3563414523
77.3010789559
77.2440287483
77.1852960708
77.124982864
77.0631871758
77
77
77.0631865937
77.1249814501
77.1852943296
77.2440268689
77.3010770361
77.3563395464
77.409706371
77.4610671043
77.510309011
77.557317885
77.6019788946
77.644177889
77.6838019038
77.7207397111
77.7548830953
77.7861279415
77.8143762261
77.8395364409
77.8615243092
77.880264059
77.8956894364
77.9077457292
77.916389469
77.9215889352
77.9233245506
77.921589388
77.9163903961
77.9077470543
77.8956911943
77.8802662177
77.8615268234
77.8395392916
77.8143793445
77.7861313164
77.754886687
77.7207434811
77.6838058108
77.6441818896
77.6019829585
77.5573219875
77.5103131247
77.4610711894
77.4097103936
77.356343469
77.301080862
77.2440305463
77.1852977641
77.1249844565
77.0631886674
77
77
77.0631865943
77.1249814507
77.1852943303
77.2440268696
77.3010770368
77.3563395472
77.4097063718
77.4610671051
77.5103090119
77.5573178859
77.6019788956
77.64417789
77.6838019049
77.7207397122
77.7548830965
77.7861279427
77.8143762274
77.8395364422
77.8615243105
77.8802640603
77.8956894377
77.9077457305
77.9163894704
77.9215889366
77.9233245519
77.9215893894
77.9163903975
77.9077470556
77.8956911956
77.880266219
77.8615268247
77.8395392929
77.8143793457
77.7861313176
77.7548866881
77.7207434822
77.6838058118
77.6441818907
77.6019829595
77.5573219884
77.5103131256
77.4610711902
77.4097103944
77.3563434697
77.3010808627
77.2440305469
77.1852977648
77.1249844571
77.063188668
77
77
77.0631866339
77.1249814932
77.1852943755
77.2440269176
77.3010770878
77.3563396012
77.4097064289
77.4610671654
77.5103090754
77.5573179526
77.6019789655
77.6441779631
77.6838019812
77.7207397916
77.7548831787
77.7861280278
77.8143763151
77.8395365323
77.8615244028
77.8802641545
77.8956895336
77.9077458277
77.9163895685
77.9215890353
77.9233246509
77.9215894882
77.9163904959
77.9077471532
77.895691292
77.880266314
77.8615269178
77.8395393839
77.8143794344
77.7861314037
77.7548867716
77.7207435628
77.6838058893
77.644181965
77.6019830307
77.5573220564
77.5103131903
77.4610712518
77.4097104528
77.356343525
77.3010809149
77.2440305962
77.1852978111
77.1249845007
77.0631887087
77
77
77.0631865947
77.1249814517
77.1852943313
77.2440268707
77.301077038
77.3563395485
77.4097063733
77.4610671068
77.5103090137
77.5573178879
77.6019788977
77.6441778923
77.6838019074
77.7207397149
77.7548830993
77.7861279458
77.8143762306
77.8395364456
77.8615243142
77.8802640642
77.8956894418
77.9077457348
77.9163894748
77.9215889412
77.9233245567
77.9215893942
77.9163904026
77.9077470607
77.8956912008
77.8802662243
77.86152683
77.8395392982
77.8143793509
77.7861313228
77.7548866933
77.7207434873
77.6838058168
77.6441818955
77.6019829642
77.5573219929
77.5103131299
77.4610711944
77.4097103984
77.3563434736
77.3010808663
77.2440305504
77.1852977681
77.1249844602
77.0631886705
77
77
77.0631865919
77.1249814487
77.1852943281
77.2440268674
77.3010770345
77.3563395447
77.4097063693
77.4610671025
77.5103090092
77.5573178832
77.6019788928
77.6441778872
77.683801902
77.7207397093
77.7548830935
77.7861279398
77.8143762245
77.8395364393
77.8615243077
77.8802640576
77.8956894351
77.9077457281
77.916389468
77.9215889344
77.9233245498
77.9215893874
77.9163903958
77.907747054
77.8956911942
77.8802662177
77.8615268236
77.8395392919
77.8143793448
77.7861313168
77.7548866875
77.7207434817
77.6838058114
77.6441818903
77.6019829593
77.5573219883
77.5103131255
77.4610711902
77.4097103944
77.3563434698
77.3010808628
77.244030547
77.1852977649
77.1249844572
77.0631886677
77
77
77.0631865892
77.1249814458
77.185294325
77.2440268641
77.301077031
77.3563395411
77.4097063654
77.4610670984
77.5103090049
77.5573178787
77.6019788881
77.6441778822
77.6838018968
77.7207397039
77.754883088
77.7861279341
77.8143762186
77.8395364332
77.8615243015
77.8802640513
77.8956894287
77.9077457215
77.9163894614
77.9215889277
77.9233245432
77.9215893808
77.9163903892
77.9077470474
77.8956911877
77.8802662114
77.8615268173
77.8395392858
77.8143793389
77.7861313111
77.7548866819
77.7207434764
77.6838058063
77.6441818854
77.6019829545
77.5573219837
77.5103131212
77.4610711861
77.4097103905
77.3563434661
77.3010808593
77.2440305438
77.1852977618
77.1249844543
77.063188665
77
77
77.063186585
77.1249814413
77.1852943203
77.244026859
77.3010770256
77.3563395354
77.4097063594
77.4610670921
77.5103089983
77.5573178717
77.6019788807
77.6441778746
77.6838018889
77.7207396957
77.7548830794
77.7861279252
77.8143762095
77.8395364239
77.8615242919
77.8802640415
77.8956894187
77.9077457114
77.9163894513
77.9215889175
77.923324533
77.9215893705
77.916390379
77.9077470374
77.8956911778
77.8802662016
77.8615268077
77.8395392764
77.8143793298
77.7861313022
77.7548866734
77.7207434681
77.6838057983
77.6441818777
77.6019829472
77.5573219767
77.5103131145
77.4610711798
77.4097103845
77.3563434604
77.3010808539
77.2440305387
77.1852977571
77.1249844499
77.0631886608
77
77
77.0631865813
77.1249814374
77.1852943162
77.2440268546
77.301077021
77.3563395305
77.4097063542
77.4610670866
77.5103089925
77.5573178656
77.6019788744
77.6441778679
77.683801882
77.7207396885
77.7548830719
77.7861279175
77.8143762015
77.8395364157
77.8615242836
77.880264033
77.8956894101
77.9077457027
77.9163894424
77.9215889087
77.9233245241
77.9215893617
77.9163903702
77.9077470286
77.8956911691
77.8802661931
77.8615267994
77.8395392683
77.8143793218
77.7861312945
77.7548866659
77.7207434609
77.6838057914
77.6441818711
77.6019829409
77.5573219707
77.5103131087
77.4610711743
77.4097103793
77.3563434555
77.3010808493
77.2440305343
77.1852977529
77.124984446
77.0631886571
77
77
77.0631865782
77.1249814341
77.1852943127
77.2440268509
77.3010770171
77.3563395263
77.4097063498
77.461067082
77.5103089876
77.5573178605
77.601978869
77.6441778623
77.6838018761
77.7207396824
77.7548830657
77.786127911
77.8143761948
77.8395364089
77.8615242765
77.8802640258
77.8956894028
77.9077456953
77.916389435
77.9215889012
77.9233245166
77.9215893542
77.9163903627
77.9077470212
77.8956911618
77.8802661859
77.8615267924
77.8395392614
77.8143793151
77.786131288
77.7548866596
77.7207434548
77.6838057856
77.6441818655
77.6019829355
77.5573219656
77.5103131039
77.4610711697
77.4097103749
77.3563434513
77.3010808454
77.2440305306
77.1852977495
77.1249844427
77.063188654
77
77
77.0631865757
77.1249814315
77.1852943098
77.2440268479
77.3010770138
77.3563395229
77.4097063462
77.4610670782
77.5103089836
77.5573178563
77.6019788647
77.6441778578
77.6838018714
77.7207396775
77.7548830605
77.7861279057
77.8143761894
77.8395364032
77.8615242708
77.8802640199
77.8956893968
77.9077456893
77.9163894289
77.921588895
77.9233245104
77.921589348
77.9163903566
77.9077470152
77.8956911559
77.88026618
77.8615267866
77.8395392558
77.8143793097
77.7861312827
77.7548866545
77.7207434499
77.6838057808
77.6441818609
77.6019829311
77.5573219614
77.5103130999
77.4610711659
77.4097103713
77.3563434479
77.3010808421
77.2440305276
77.1852977466
77.12498444
77.0631886515
77
77
77.0631865737
77.1249814294
77.1852943076
77.2440268456
77.3010770113
77.3563395203
77.4097063434
77.4610670753
77.5103089805
77.557317853
77.6019788612
77.6441778542
77.6838018676
77.7207396736
77.7548830565
77.7861279015
77.8143761851
77.8395363989
77.8615242663
77.8802640154
77.8956893922
77.9077456846
77.9163894241
77.9215888902
77.9233245056
77.9215893433
77.9163903519
77.9077470105
77.8956911512
77.8802661755
77.8615267821
77.8395392514
77.8143793054
77.7861312786
77.7548866505
77.720743446
77.6838057771
77.6441818574
77.6019829277
77.5573219581
77.5103130968
77.4610711629
77.4097103685
77.3563434453
77.3010808396
77.2440305252
77.1852977444
77.124984438
77.0631886495
77
77
77.0631865723
77.1249814279
77.185294306
77.2440268439
77.3010770096
77.3563395184
77.4097063414
77.4610670732
77.5103089783
77.5573178507
77.6019788588
77.6441778516
77.683801865
77.7207396708
77.7548830536
77.7861278986
77.8143761821
77.8395363957
77.8615242631
77.8802640121
77.8956893889
77.9077456812
77.9163894207
77.9215888868
77.9233245022
77.9215893399
77.9163903485
77.9077470071
77.8956911479
77.8802661722
77.8615267789
77.8395392483
77.8143793024
77.7861312756
77.7548866476
77.7207434432
77.6838057744
77.6441818548
77.6019829253
77.5573219558
77.5103130946
77.4610711608
77.4097103665
77.3563434434
77.3010808379
77.2440305236
77.1852977428
77.1249844365
77.0631886481
77
77
77.0631865715
77.124981427
77.1852943051
77.2440268429
77.3010770085
77.3563395172
77.4097063402
77.4610670719
77.510308977
77.5573178493
77.6019788573
77.6441778501
77.6838018634
77.7207396692
77.7548830519
77.7861278968
77.8143761802
77.8395363939
77.8615242612
77.8802640101
77.8956893869
77.9077456792
77.9163894187
77.9215888848
77.9233245002
77.9215893378
77.9163903464
77.9077470051
77.8956911459
77.8802661702
77.861526777
77.8395392464
77.8143793005
77.7861312738
77.7548866459
77.7207434416
77.6838057728
77.6441818533
77.6019829238
77.5573219544
77.5103130932
77.4610711596
77.4097103653
77.3563434423
77.3010808368
77.2440305226
77.1852977419
77.1249844356
77.0631886473
77
77
77.0631865712
77.1249814267
77.1852943048
77.2440268425
77.3010770081
77.3563395169
77.4097063398
77.4610670715
77.5103089765
77.5573178489
77.6019788569
77.6441778496
77.6838018629
77.7207396686
77.7548830513
77.7861278962
77.8143761796
77.8395363932
77.8615242605
77.8802640095
77.8956893862
77.9077456785
77.916389418
77.9215888841
77.9233244995
77.9215893371
77.9163903458
77.9077470045
77.8956911453
77.8802661696
77.8615267764
77.8395392458
77.8143792999
77.7861312732
77.7548866453
77.720743441
77.6838057723
77.6441818528
77.6019829233
77.5573219539
77.5103130928
77.4610711591
77.4097103649
77.3563434419
77.3010808364
77.2440305222
77.1852977415
77.1249844353
77.063188647
77
77
77.0631757552
77.1249695719
77.1852816524
77.2440134009
77.3010627665
77.3563244597
77.4096904499
77.4610503359
77.5102913869
77.5572994038
77.6019595655
77.6441577243
77.6837809188
77.7207179343
77.7548605612
77.7861047016
77.8143523327
77.8395119466
77.8614992875
77.8802385805
77.8956635912
77.9077196054
77.9163631474
77.9215625193
77.9232981282
77.9215630629
77.9163642638
77.907721198
77.8956657068
77.880241175
77.8615023095
77.8395153758
77.8143560819
77.7861087609
77.7548648839
77.720722469
77.6837856186
77.6441625323
77.6019644513
77.5573043326
77.5102963257
77.4610552399
77.4096952807
77.3563291703
77.3010673609
77.2440178211
77.1852857866
77.1249732188
77.0631783255
77
77
77.0631757555
77.1249695722
77.1852816527
77.2440134012
77.3010627668
77.3563244601
77.4096904503
77.4610503363
77.5102913873
77.5572994042
77.601959566
77.6441577248
77.6837809194
77.7207179348
77.7548605618
77.7861047022
77.8143523333
77.8395119472
77.8614992881
77.8802385812
77.8956635919
77.9077196061
77.9163631481
77.9215625199
77.9232981289
77.9215630636
77.9163642645
77.9077211986
77.8956657075
77.8802411756
77.8615023102
77.8395153764
77.8143560825
77.7861087615
77.7548648844
77.7207224695
77.6837856191
77.6441625328
77.6019644518
77.5573043331
77.5102963262
77.4610552403
77.4096952811
77.3563291707
77.3010673612
77.2440178214
77.1852857869
77.1249732191
77.0631783257
77
77
77.0631757563
77.1249695731
77.1852816537
77.2440134022
77.3010627679
77.3563244613
77.4096904515
77.4610503376
77.5102913886
77.5572994056
77.6019595674
77.6441577263
77.6837809209
77.7207179365
77.7548605635
77.7861047039
77.8143523352
77.8395119491
77.86149929
77.8802385831
77.8956635939
77.9077196081
77.9163631501
77.921562522
77.9232981309
77.9215630656
77.9163642665
77.9077212006
77.8956657095
77.8802411776
77.8615023121
77.8395153783
77.8143560843
77.7861087633
77.7548648861
77.7207224712
77.6837856207
77.6441625343
77.6019644532
77.5573043345
77.5102963275
77.4610552416
77.4096952823
77.3563291718
77.3010673623
77.2440178224
77.1852857879
77.12497322
77.0631783266
77
77
77.0631757577
77.1249695746
77.1852816553
77.2440134039
77.3010627697
77.3563244631
77.4096904535
77.4610503397
77.5102913908
77.5572994079
77.6019595699
77.6441577289
77.6837809236
77.7207179392
77.7548605663
77.7861047069
77.8143523382
77.8395119522
77.8614992932
77.8802385864
77.8956635972
77.9077196114
77.9163631535
77.9215625254
77.9232981343
77.921563069
77.9163642699
77.907721204
77.8956657128
77.8802411808
77.8615023153
77.8395153814
77.8143560873
77.7861087662
77.754864889
77.7207224739
77.6837856233
77.6441625369
77.6019644557
77.5573043368
77.5102963297
77.4610552436
77.4096952842
77.3563291737
77.3010673641
77.2440178241
77.1852857894
77.1249732215
77.063178328
77
77
77.0631757596
77.1249695766
77.1852816575
77.2440134062
77.3010627722
77.3563244658
77.4096904563
77.4610503426
77.5102913939
77.5572994112
77.6019595733
77.6441577324
77.6837809273
77.7207179431
77.7548605703
77.786104711
77.8143523424
77.8395119566
77.8614992976
77.8802385909
77.8956636018
77.9077196161
77.9163631582
77.9215625301
77.923298139
77.9215630737
77.9163642746
77.9077212087
77.8956657174
77.8802411854
77.8615023197
77.8395153858
77.8143560916
77.7861087703
77.754864893
77.7207224778
77.683785627
77.6441625404
77.6019644591
77.55730434
77.5102963328
77.4610552466
77.409695287
77.3563291763
77.3010673666
77.2440178264
77.1852857916
77.1249732236
77.0631783299
77
77
77.0631757621
77.1249695793
77.1852816603
77.2440134092
77.3010627754
77.3563244691
77.4096904599
77.4610503464
77.5102913979
77.5572994153
77.6019595776
77.644157737
77.683780932
77.720717948
77.7548605754
77.7861047163
77.8143523479
77.8395119622
77.8614993034
77.8802385968
77.8956636077
77.9077196221
77.9163631643
77.9215625362
77.9232981452
77.9215630798
77.9163642807
77.9077212147
77.8956657233
77.8802411912
77.8615023254
77.8395153914
77.814356097
77.7861087756
77.7548648981
77.7207224827
77.6837856318
77.644162545
77.6019644634
77.5573043442
77.5102963367
77.4610552504
77.4096952906
77.3563291797
77.3010673698
77.2440178294
77.1852857945
77.1249732262
77.0631783324
77
77
77.0631757652
77.1249695826
77.1852816638
77.2440134129
77.3010627793
77.3563244733
77.4096904642
77.461050351
77.5102914027
77.5572994204
77.601959583
77.6441577426
77.6837809379
77.720717954
77.7548605817
77.7861047228
77.8143523545
77.839511969
77.8614993104
77.8802386039
77.895663615
77.9077196295
77.9163631717
77.9215625437
77.9232981526
77.9215630873
77.9163642881
77.907721222
77.8956657306
77.8802411984
77.8615023325
77.8395153982
77.8143561037
77.7861087821
77.7548649044
77.7207224888
77.6837856376
77.6441625506
77.6019644688
77.5573043493
77.5102963416
77.461055255
77.409695295
77.3563291838
77.3010673737
77.2440178331
77.1852857979
77.1249732295
77.0631783354
77
77
77.0631757688
77.1249695864
77.1852816679
77.2440134173
77.3010627839
77.3563244782
77.4096904694
77.4610503564
77.5102914085
77.5572994265
77.6019595893
77.6441577491
77.6837809447
77.7207179612
77.7548605891
77.7861047304
77.8143523624
77.8395119771
77.8614993187
77.8802386123
77.8956636236
77.9077196382
77.9163631805
77.9215625525
77.9232981615
77.9215630961
77.9163642969
77.9077212307
77.8956657392
77.8802412068
77.8615023407
77.8395154063
77.8143561116
77.7861087897
77.7548649118
77.7207224959
77.6837856445
77.6441625571
77.6019644751
77.5573043553
77.5102963473
77.4610552604
77.4096953001
77.3563291887
77.3010673783
77.2440178375
77.185285802
77.1249732333
77.063178339
77
77
77.0631757729
77.1249695909
77.1852816726
77.2440134223
77.3010627892
77.3563244838
77.4096904753
77.4610503627
77.5102914151
77.5572994334
77.6019595965
77.6441577567
77.6837809527
77.7207179694
77.7548605977
77.7861047392
77.8143523715
77.8395119864
77.8614993282
77.8802386221
77.8956636335
77.9077196482
77.9163631906
77.9215625627
77.9232981717
77.9215631063
77.916364307
77.9077212408
77.8956657491
77.8802412165
77.8615023503
77.8395154156
77.8143561207
77.7861087986
77.7548649203
77.7207225041
77.6837856524
77.6441625647
77.6019644824
77.5573043623
77.5102963539
77.4610552667
77.4096953061
77.3563291943
77.3010673836
77.2440178425
77.1852858068
77.1249732378
77.0631783432
77
77
77.0631757754
77.1249695935
77.1852816754
77.2440134252
77.3010627923
77.3563244871
77.4096904788
77.4610503664
77.510291419
77.5572994375
77.6019596008
77.6441577612
77.6837809573
77.7207179742
77.7548606026
77.7861047444
77.8143523768
77.8395119919
77.8614993338
77.8802386278
77.8956636392
77.907719654
77.9163631965
77.9215625686
77.9232981776
77.9215631122
77.9163643129
77.9077212466
77.8956657549
77.8802412222
77.8615023559
77.8395154211
77.814356126
77.7861088037
77.7548649253
77.7207225089
77.683785657
77.6441625692
77.6019644866
77.5573043663
77.5102963578
77.4610552704
77.4096953096
77.3563291976
77.3010673867
77.2440178454
77.1852858095
77.1249732404
77.0631783456
77
77
77.0631757779
77.1249695961
77.1852816782
77.2440134282
77.3010627955
77.3563244905
77.4096904824
77.4610503702
77.5102914229
77.5572994416
77.6019596052
77.6441577658
77.683780962
77.7207179792
77.7548606078
77.7861047497
77.8143523823
77.8395119975
77.8614993395
77.8802386336
77.8956636452
77.90771966
77.9163632026
77.9215625747
77.9232981837
77.9215631183
77.916364319
77.9077212526
77.8956657608
77.8802412281
77.8615023616
77.8395154267
77.8143561314
77.786108809
77.7548649304
77.7207225139
77.6837856618
77.6441625738
77.601964491
77.5573043705
77.5102963618
77.4610552741
77.4096953132
77.356329201
77.3010673899
77.2440178485
77.1852858124
77.1249732431
77.0631783481
77
77
77.0631772332
77.1249711498
77.1852833301
77.2440151822
77.3010646547
77.3563264576
77.4096925598
77.4610525601
77.5102937266
77.5573018597
77.6019621368
77.6441604097
77.6837837167
77.7207208414
77.7548635734
77.7861078127
77.8143555361
77.839515235
77.8615026522
77.8802420121
77.8956670779
77.9077231359
77.9163667098
77.9215661014
77.9233017173
77.921566645
77.9163678263
77.9077247284
77.8956691935
77.8802446066
77.8615056743
77.8395186642
77.8143592854
77.7861118721
77.7548678961
77.7207253761
77.6837884164
77.6441652178
77.6019670226
77.5573067885
77.5102986655
77.4610574641
77.4096973906
77.3563311682
77.3010692492
77.2440196024
77.1852874643
77.1249747968
77.0631798035
77
77
77.0631786945
77.12497271
77.1852849889
77.2440169434
77.3010665217
77.356328433
77.4096946459
77.4610547591
77.5102960399
77.5573042879
77.6019646792
77.6441630649
77.683786483
77.7207237158
77.7548665517
77.7861108888
77.8143587034
77.8395184864
77.8615059791
77.880245405
77.8956705253
77.9077266266
77.9163702321
77.9215696432
77.923305266
77.9215701868
77.9163713486
77.907728219
77.895672641
77.8802479995
77.8615090013
77.8395219156
77.8143624527
77.7861149482
77.7548708744
77.7207282505
77.6837911828
77.6441678731
77.601969565
77.5573092168
77.5103009789
77.4610596632
77.4096994768
77.3563331436
77.3010711161
77.2440213637
77.1852891231
77.124976357
77.0631812649
77
77
77.0631801618
77.1249742765
77.1852866545
77.244018712
77.3010683964
77.3563304166
77.4096967407
77.4610569674
77.510298363
77.5573067263
77.6019672322
77.6441657313
77.683789261
77.7207266023
77.7548695426
77.7861139779
77.8143618842
77.8395217516
77.8615093201
77.8802488124
77.8956739874
77.9077301321
77.9163737694
77.9215732001
77.9233088299
77.9215737437
77.9163748859
77.9077317246
77.8956761031
77.8802514069
77.8615123423
77.8395251808
77.8143656336
77.7861180374
77.7548738654
77.7207311371
77.6837939608
77.6441705395
77.6019721181
77.5573116553
77.510303302
77.4610618715
77.4097015716
77.3563351272
77.3010729909
77.2440231323
77.1852907888
77.1249779237
77.0631827322
77
77
77.0631816351
77.1249758495
77.185288327
77.2440204879
77.3010702789
77.3563324084
77.4096988443
77.461059185
77.5103006958
77.557309175
77.601969796
77.6441684089
77.6837920508
77.7207295011
77.7548725461
77.7861170801
77.8143650785
77.8395250307
77.8615126754
77.8802522343
77.8956774643
77.9077336526
77.9163773217
77.9215767722
77.9233124089
77.9215773157
77.9163784384
77.907735245
77.8956795799
77.8802548289
77.8615156976
77.8395284599
77.8143688279
77.7861211396
77.754876869
77.7207340359
77.6837967506
77.6441732172
77.6019746819
77.557314104
77.5103056348
77.4610640891
77.4097036753
77.3563371191
77.3010748734
77.2440249082
77.1852924613
77.1249794967
77.0631842057
77
77
77.0631831145
77.124977429
77.1852900064
77.2440222711
77.3010721692
77.3563344085
77.4097009567
77.4610614118
77.5103030383
77.5573116339
77.6019723706
77.6441710978
77.6837948522
77.720732412
77.7548755624
77.7861201954
77.8143682863
77.8395283236
77.8615160448
77.8802556707
77.8956809558
77.9077371881
77.9163808892
77.9215803594
77.9233160031
77.921580903
77.9163820058
77.9077387804
77.8956830715
77.8802582653
77.8615190671
77.8395317529
77.8143720357
77.786124255
77.7548798853
77.7207369469
77.6837995521
77.6441759062
77.6019772565
77.5573165629
77.5103079774
77.4610663159
77.4097057877
77.3563391193
77.3010767638
77.2440266915
77.1852941407
77.1249810763
77.0631856851
77
77
77.0631846
77.1249790149
77.1852916927
77.2440240617
77.3010740673
77.356336417
77.4097030778
77.4610636478
77.5103053906
77.5573141031
77.6019749559
77.6441737979
77.6837976655
77.7207353352
77.7548785913
77.7861233239
77.8143715076
77.8395316304
77.8615194285
77.8802591216
77.8956844622
77.9077407385
77.9163844717
77.9215839619
77.9233196126
77.9215845053
77.9163855884
77.9077423308
77.8956865779
77.8802617162
77.8615224508
77.8395350597
77.8143752571
77.7861273835
77.7548829143
77.7207398701
77.6838023653
77.6441786064
77.6019798419
77.5573190321
77.5103103297
77.4610685519
77.4097079088
77.3563411278
77.3010786619
77.2440284821
77.1852958271
77.1249826623
77.0631871707
77
77
77.0631846005
77.1249790155
77.1852916934
77.2440240624
77.3010740681
77.3563364177
77.4097030786
77.4610636486
77.5103053915
77.557314104
77.6019749569
77.644173799
77.6837976666
77.7207353363
77.7548785925
77.7861233251
77.8143715088
77.8395316317
77.8615194298
77.8802591229
77.8956844635
77.9077407398
77.9163844731
77.9215839632
77.923319614
77.9215845067
77.9163855898
77.9077423321
77.8956865792
77.8802617175
77.8615224521
77.839535061
77.8143752583
77.7861273847
77.7548829155
77.7207398712
77.6838023664
77.6441786074
77.6019798429
77.5573190331
77.5103103306
77.4610685527
77.4097079096
77.3563411285
77.3010786626
77.2440284828
77.1852958277
77.1249826629
77.0631871712
77
77
77.0631846398
77.1249790577
77.1852917382
77.24402411
77.3010741186
77.3563364713
77.4097031352
77.4610637084
77.5103054544
77.5573141702
77.6019750263
77.6441738715
77.6837977422
77.720735415
77.7548786741
77.7861234095
77.8143715958
77.8395317211
77.8615195213
77.8802592164
77.8956845586
77.9077408362
77.9163845704
77.9215840612
77.9233197121
77.9215846048
77.9163856874
77.9077424289
77.8956866749
77.8802618117
77.8615225445
77.8395351513
77.8143753463
77.7861274702
77.7548829982
77.7207399511
77.6838024433
77.6441786812
77.6019799135
77.5573191005
77.5103103949
77.4610686138
77.4097079675
77.3563411833
77.3010787144
77.2440285316
77.1852958737
77.1249827061
77.0631872116
77
77
77.0631846003
77.1249790158
77.1852916937
77.2440240627
77.3010740685
77.3563364182
77.4097030792
77.4610636493
77.5103053922
77.5573141049
77.6019749579
77.6441738001
77.6837976678
77.7207353377
77.754878594
77.7861233268
77.8143715107
77.8395316337
77.861519432
77.8802591253
77.8956844661
77.9077407426
77.916384476
77.9215839663
77.9233196172
77.9215845101
77.9163855933
77.9077423357
77.8956865829
77.8802617213
77.8615224559
77.8395350649
77.8143752622
77.7861273886
77.7548829193
77.720739875
77.6838023701
77.644178611
77.6019798464
77.5573190365
77.510310334
77.461068556
77.4097079127
77.3563411315
77.3010786655
77.2440284855
77.1852958303
77.1249826653
77.0631871731
77
77
77.0631845975
77.1249790128
77.1852916905
77.2440240593
77.3010740649
77.3563364144
77.4097030751
77.461063645
77.5103053877
77.5573141002
77.6019749529
77.6441737949
77.6837976624
77.7207353321
77.7548785882
77.7861233208
77.8143715045
77.8395316274
77.8615194255
77.8802591187
77.8956844594
77.9077407358
77.9163844691
77.9215839594
77.9233196103
77.9215845032
77.9163855865
77.9077423289
77.8956865762
77.8802617147
77.8615224495
77.8395350585
77.814375256
77.7861273826
77.7548829135
77.7207398694
77.6838023647
77.6441786059
77.6019798415
77.5573190318
77.5103103295
77.4610685517
77.4097079087
77.3563411277
77.3010786619
77.2440284821
77.1852958271
77.1249826623
77.0631871702
77
77
77.0631845948
77.1249790099
77.1852916874
77.244024056
77.3010740614
77.3563364107
77.4097030712
77.4610636409
77.5103053834
77.5573140956
77.6019749482
77.6441737899
77.6837976572
77.7207353267
77.7548785826
77.786123315
77.8143714986
77.8395316213
77.8615194193
77.8802591123
77.8956844529
77.9077407292
77.9163844625
77.9215839528
77.9233196036
77.9215844965
77.9163855798
77.9077423223
77.8956865697
77.8802617083
77.8615224432
77.8395350524
77.8143752501
77.7861273768
77.7548829079
77.720739864
77.6838023595
77.6441786009
77.6019798367
77.5573190273
77.5103103252
77.4610685476
77.4097079048
77.356341124
77.3010786584
77.2440284788
77.185295824
77.1249826594
77.0631871675
77
77
77.0631845905
77.1249790054
77.1852916826
77.244024051
77.301074056
77.356336405
77.4097030652
77.4610636346
77.5103053767
77.5573140886
77.6019749408
77.6441737822
77.6837976492
77.7207353184
77.754878574
77.7861233061
77.8143714894
77.8395316119
77.8615194096
77.8802591025
77.8956844429
77.9077407191
77.9163844523
77.9215839425
77.9233195933
77.9215844863
77.9163855696
77.9077423122
77.8956865598
77.8802616985
77.8615224336
77.839535043
77.8143752409
77.7861273679
77.7548828993
77.7207398557
77.6838023515
77.6441785932
77.6019798294
77.5573190202
77.5103103185
77.4610685413
77.4097078988
77.3563411183
77.301078653
77.2440284737
77.1852958192
77.1249826549
77.0631871633
77
77
77.0631845869
77.1249790015
77.1852916785
77.2440240466
77.3010740514
77.3563364001
77.40970306
77.4610636291
77.5103053709
77.5573140825
77.6019749345
77.6441737756
77.6837976423
77.7207353112
77.7548785665
77.7861232984
77.8143714815
77.8395316037
77.8615194013
77.880259094
77.8956844342
77.9077407103
77.9163844434
77.9215839336
77.9233195844
77.9215844774
77.9163855608
77.9077423035
77.8956865511
77.8802616899
77.8615224252
77.8395350349
77.814375233
77.7861273602
77.7548828918
77.7207398485
77.6838023446
77.6441785866
77.601979823
77.5573190142
77.5103103127
77.4610685358
77.4097078936
77.3563411133
77.3010786483
77.2440284693
77.1852958151
77.124982651
77.0631871596
77
77
77.0631845838
77.1249789982
77.185291675
77.2440240429
77.3010740474
77.3563363959
77.4097030556
77.4610636244
77.510305366
77.5573140774
77.6019749291
77.64417377
77.6837976364
77.7207353051
77.7548785602
77.7861232919
77.8143714747
77.8395315968
77.8615193942
77.8802590868
77.8956844269
77.9077407029
77.9163844359
77.9215839261
77.9233195768
77.9215844698
77.9163855533
77.907742296
77.8956865438
77.8802616827
77.8615224181
77.8395350279
77.8143752262
77.7861273537
77.7548828855
77.7207398424
77.6838023387
77.644178581
77.6019798176
77.557319009
77.5103103078
77.4610685311
77.4097078891
77.3563411092
77.3010786444
77.2440284656
77.1852958116
77.1249826477
77.0631871565
77
77
77.0631845812
77.1249789955
77.1852916721
77.2440240398
77.3010740442
77.3563363925
77.409703052
77.4610636206
77.510305362
77.5573140732
77.6019749247
77.6441737654
77.6837976316
77.7207353001
77.754878555
77.7861232865
77.8143714692
77.8395315911
77.8615193884
77.8802590809
77.8956844209
77.9077406969
77.9163844298
77.9215839199
77.9233195707
77.9215844637
77.9163855472
77.90774229
77.8956865378
77.8802616768
77.8615224124
77.8395350223
77.8143752207
77.7861273483
77.7548828803
77.7207398374
77.6838023339
77.6441785764
77.6019798132
77.5573190048
77.5103103038
77.4610685273
77.4097078855
77.3563411058
77.3010786412
77.2440284626
77.1852958087
77.1249826451
77.063187154
77
77
77.0631845793
77.1249789934
77.1852916699
77.2440240375
77.3010740417
77.3563363898
77.4097030492
77.4610636177
77.5103053589
77.5573140699
77.6019749212
77.6441737618
77.6837976279
77.7207352962
77.754878551
77.7861232824
77.814371465
77.8395315868
77.8615193839
77.8802590763
77.8956844163
77.9077406921
77.9163844251
77.9215839151
77.9233195659
77.9215844589
77.9163855424
77.9077422852
77.8956865331
77.8802616722
77.8615224079
77.8395350179
77.8143752164
77.7861273442
77.7548828763
77.7207398336
77.6838023302
77.6441785728
77.6019798098
77.5573190016
77.5103103007
77.4610685243
77.4097078827
77.3563411031
77.3010786387
77.2440284602
77.1852958065
77.124982643
77.063187152
77
77
77.0631845779
77.1249789919
77.1852916683
77.2440240358
77.3010740399
77.3563363879
77.4097030472
77.4610636155
77.5103053567
77.5573140676
77.6019749188
77.6441737592
77.6837976252
77.7207352935
77.7548785481
77.7861232794
77.8143714619
77.8395315836
77.8615193807
77.880259073
77.8956844129
77.9077406888
77.9163844217
77.9215839117
77.9233195624
77.9215844555
77.916385539
77.9077422819
77.8956865298
77.880261669
77.8615224047
77.8395350148
77.8143752134
77.7861273412
77.7548828734
77.7207398308
77.6838023276
77.6441785702
77.6019798073
77.5573189992
77.5103102985
77.4610685222
77.4097078807
77.3563411012
77.3010786369
77.2440284585
77.1852958049
77.1249826415
77.0631871506
77
77
77.063184577
77.124978991
77.1852916673
77.2440240347
77.3010740388
77.3563363868
77.409703046
77.4610636143
77.5103053553
77.5573140662
77.6019749173
77.6441737577
77.6837976236
77.7207352918
77.7548785464
77.7861232776
77.8143714601
77.8395315817
77.8615193788
77.8802590711
77.8956844109
77.9077406867
77.9163844196
77.9215839096
77.9233195604
77.9215844534
77.916385537
77.9077422799
77.8956865278
77.880261667
77.8615224027
77.8395350129
77.8143752116
77.7861273394
77.7548828717
77.7207398291
77.683802326
77.6441785687
77.6019798059
77.5573189978
77.5103102971
77.461068521
77.4097078795
77.3563411001
77.3010786358
77.2440284575
77.1852958039
77.1249826406
77.0631871498
77
77
77.0631845767
77.1249789907
77.185291667
77.2440240344
77.3010740385
77.3563363864
77.4097030456
77.4610636139
77.5103053549
77.5573140657
77.6019749168
77.6441737572
77.6837976231
77.7207352913
77.7548785458
77.786123277
77.8143714595
77.8395315811
77.8615193781
77.8802590704
77.8956844103
77.9077406861
77.9163844189
77.9215839089
77.9233195597
77.9215844527
77.9163855363
77.9077422792
77.8956865271
77.8802616663
77.8615224021
77.8395350123
77.8143752109
77.7861273388
77.7548828712
77.7207398286
77.6838023254
77.6441785682
77.6019798054
77.5573189973
77.5103102967
77.4610685205
77.4097078791
77.3563410997
77.3010786354
77.2440284572
77.1852958036
77.1249826403
77.0631871495
77
77
77.0631735827
77.1249670103
77.1852788985
77.2440104716
77.30105967
77.3563211951
77.4096870128
77.4610467268
77.5102876054
77.5572954528
77.6019554487
77.6441534475
77.683776486
77.7207133551
77.7548558467
77.7860998654
77.8143473896
77.8395069027
77.8614941696
77.8802334002
77.8956583697
77.9077143656
77.9163578978
77.9215572918
77.9232929368
77.9215579265
77.9163592056
77.9077162237
77.8956608436
77.8802364303
77.8614976991
77.8395109129
77.8143517674
77.7861046101
77.7548608994
77.7207186546
77.6837819785
77.6441590632
77.6019611557
77.5573012076
77.5102933713
77.4610524488
77.4096926513
77.356326693
77.3010650324
77.2440156374
77.1852837376
77.1249713161
77.0631766997
77
77
77.063173583
77.1249670106
77.1852788988
77.2440104719
77.3010596703
77.3563211954
77.4096870132
77.4610467272
77.5102876058
77.5572954532
77.6019554492
77.644153448
77.6837764865
77.7207133556
77.7548558472
77.786099866
77.8143473902
77.8395069033
77.8614941703
77.8802334008
77.8956583703
77.9077143662
77.9163578984
77.9215572924
77.9232929374
77.9215579271
77.9163592063
77.9077162243
77.8956608442
77.8802364309
77.8614976997
77.8395109135
77.814351768
77.7861046106
77.7548608999
77.7207186551
77.683781979
77.6441590637
77.6019611561
77.557301208
77.5102933717
77.4610524492
77.4096926517
77.3563266934
77.3010650327
77.2440156377
77.1852837379
77.1249713163
77.0631766999
77
77
77.0631735838
77.1249670115
77.1852788997
77.2440104729
77.3010596713
77.3563211965
77.4096870143
77.4610467284
77.510287607
77.5572954545
77.6019554506
77.6441534494
77.683776488
77.7207133571
77.7548558488
77.7860998677
77.8143473919
77.8395069051
77.8614941721
77.8802334026
77.8956583722
77.9077143681
77.9163579003
77.9215572944
77.9232929393
77.921557929
77.9163592082
77.9077162262
77.8956608461
77.8802364328
77.8614977015
77.8395109153
77.8143517697
77.7861046123
77.7548609016
77.7207186567
77.6837819805
77.6441590651
77.6019611575
77.5573012094
77.5102933729
77.4610524504
77.4096926528
77.3563266944
77.3010650337
77.2440156387
77.1852837388
77.1249713172
77.0631767007
77
77
77.0631735851
77.1249670129
77.1852789012
77.2440104744
77.301059673
77.3563211983
77.4096870162
77.4610467304
77.5102876091
77.5572954567
77.6019554529
77.6441534518
77.6837764905
77.7207133597
77.7548558515
77.7860998704
77.8143473948
77.839506908
77.8614941751
77.8802334057
77.8956583753
77.9077143713
77.9163579035
77.9215572976
77.9232929426
77.9215579322
77.9163592114
77.9077162294
77.8956608492
77.8802364358
77.8614977045
77.8395109182
77.8143517725
77.7861046151
77.7548609043
77.7207186593
77.683781983
77.6441590675
77.6019611598
77.5573012115
77.510293375
77.4610524524
77.4096926547
77.3563266962
77.3010650354
77.2440156402
77.1852837403
77.1249713186
77.063176702
77
77
77.0631735869
77.1249670148
77.1852789033
77.2440104767
77.3010596753
77.3563212008
77.4096870188
77.4610467331
77.510287612
77.5572954598
77.6019554561
77.6441534552
77.683776494
77.7207133634
77.7548558553
77.7860998743
77.8143473988
77.8395069122
77.8614941793
77.88023341
77.8956583797
77.9077143757
77.916357908
77.9215573021
77.9232929471
77.9215579367
77.9163592159
77.9077162338
77.8956608536
77.8802364401
77.8614977087
77.8395109224
77.8143517766
77.786104619
77.754860908
77.7207186629
77.6837819865
77.6441590709
77.601961163
77.5573012146
77.5102933779
77.4610524552
77.4096926573
77.3563266987
77.3010650378
77.2440156425
77.1852837424
77.1249713205
77.0631767039
77
77
77.0631735893
77.1249670173
77.1852789059
77.2440104795
77.3010596784
77.356321204
77.4096870222
77.4610467367
77.5102876158
77.5572954637
77.6019554602
77.6441534595
77.6837764984
77.7207133681
77.7548558601
77.7860998793
77.8143474039
77.8395069175
77.8614941847
77.8802334155
77.8956583853
77.9077143814
77.9163579137
77.9215573078
77.9232929528
77.9215579425
77.9163592216
77.9077162395
77.8956608592
77.8802364457
77.8614977142
77.8395109277
77.8143517817
77.786104624
77.7548609129
77.7207186676
77.683781991
77.6441590752
77.6019611671
77.5573012186
77.5102933817
77.4610524587
77.4096926607
77.3563267019
77.3010650408
77.2440156453
77.185283745
77.1249713231
77.0631767062
77
77
77.0631735921
77.1249670204
77.1852789092
77.244010483
77.301059682
77.3563212079
77.4096870263
77.4610467411
77.5102876204
77.5572954686
77.6019554652
77.6441534647
77.6837765039
77.7207133738
77.754855866
77.7860998855
77.8143474102
77.8395069239
77.8614941913
77.8802334223
77.8956583921
77.9077143883
77.9163579207
77.9215573149
77.9232929599
77.9215579496
77.9163592286
77.9077162464
77.8956608661
77.8802364524
77.8614977208
77.8395109341
77.814351788
77.7861046301
77.7548609188
77.7207186733
77.6837819965
77.6441590805
77.6019611722
77.5573012234
77.5102933863
77.4610524631
77.4096926648
77.3563267058
77.3010650445
77.2440156488
77.1852837483
77.1249713261
77.0631767091
77
77
77.0631735956
77.1249670241
77.1852789131
77.2440104871
77.3010596864
77.3563212125
77.4096870312
77.4610467462
77.5102876258
77.5572954743
77.6019554712
77.644153471
77.6837765104
77.7207133805
77.754855873
77.7860998927
77.8143474177
77.8395069316
77.8614941992
77.8802334303
77.8956584003
77.9077143965
77.916357929
77.9215573232
77.9232929683
77.9215579579
77.9163592369
77.9077162546
77.8956608742
77.8802364604
77.8614977286
77.8395109418
77.8143517955
77.7861046373
77.7548609258
77.7207186801
77.683782003
77.6441590867
77.6019611781
77.5573012291
77.5102933917
77.4610524682
77.4096926697
77.3563267104
77.3010650489
77.2440156529
77.1852837522
77.1249713298
77.0631767125
77
77
77.0631735995
77.1249670283
77.1852789176
77.2440104919
77.3010596914
77.3563212178
77.4096870368
77.4610467521
77.5102876321
77.5572954808
77.6019554781
77.6441534782
77.6837765179
77.7207133883
77.7548558811
77.786099901
77.8143474263
77.8395069404
77.8614942082
77.8802334395
77.8956584096
77.907714406
77.9163579386
77.9215573329
77.9232929779
77.9215579675
77.9163592465
77.9077162641
77.8956608836
77.8802364696
77.8614977377
77.8395109506
77.8143518041
77.7861046457
77.7548609339
77.7207186879
77.6837820105
77.6441590939
77.601961185
77.5573012356
77.510293398
77.4610524742
77.4096926754
77.3563267158
77.3010650539
77.2440156577
77.1852837567
77.124971334
77.0631767165
77
77
77.0631736018
77.1249670307
77.1852789202
77.2440104946
77.3010596944
77.3563212209
77.4096870401
77.4610467556
77.5102876357
77.5572954847
77.6019554821
77.6441534824
77.6837765223
77.7207133929
77.7548558858
77.7860999059
77.8143474313
77.8395069455
77.8614942135
77.8802334448
77.8956584151
77.9077144115
77.9163579442
77.9215573385
77.9232929835
77.9215579731
77.9163592521
77.9077162697
77.895660889
77.880236475
77.8614977429
77.8395109558
77.8143518091
77.7861046505
77.7548609386
77.7207186924
77.6837820149
77.6441590981
77.601961189
77.5573012395
77.5102934016
77.4610524777
77.4096926786
77.3563267189
77.3010650568
77.2440156604
77.1852837593
77.1249713364
77.0631767188
77
77
77.0631736041
77.1249670333
77.1852789229
77.2440104975
77.3010596974
77.3563212241
77.4096870435
77.4610467592
77.5102876395
77.5572954886
77.6019554862
77.6441534867
77.6837765268
77.7207133975
77.7548558907
77.7860999109
77.8143474364
77.8395069508
77.8614942189
77.8802334504
77.8956584207
77.9077144172
77.9163579499
77.9215573442
77.9232929893
77.9215579789
77.9163592578
77.9077162753
77.8956608947
77.8802364805
77.8614977483
77.8395109611
77.8143518142
77.7861046555
77.7548609434
77.7207186971
77.6837820194
77.6441591024
77.6019611932
77.5573012434
77.5102934054
77.4610524812
77.409692682
77.3563267221
77.3010650599
77.2440156633
77.185283762
77.124971339
77.0631767211
77
77
77.0631749797
77.1249685017
77.1852804841
77.2440121552
77.3010614547
77.3563230835
77.4096890072
77.4610488292
77.5102898171
77.5572977745
77.6019578796
77.6441559864
77.6837791312
77.7207161037
77.7548586947
77.7861028071
77.8143504186
77.8395100122
77.8614973514
77.8802366451
77.8956616669
77.9077177042
77.9163612667
77.9215606794
77.923296331
77.9215613141
77.9163625747
77.9077195625
77.8956641411
77.8802396756
77.8615008813
77.8395140229
77.8143547969
77.7861075523
77.7548637481
77.7207214039
77.6837846244
77.6441616028
77.6019635872
77.55730353
77.5102955837
77.4610545519
77.4096946464
77.3563285821
77.3010668177
77.2440173216
77.1852853238
77.1249728079
77.0631780973
77
77
77.063176361
77.1249699763
77.1852820519
77.2440138199
77.3010632194
77.3563249507
77.4096909792
77.4610509081
77.5102920042
77.5573000702
77.6019602833
77.6441584968
77.6837817468
77.7207188215
77.7548615109
77.7861057159
77.8143534137
77.8395130869
77.8615004976
77.8802398538
77.8956649272
77.9077210055
77.9163645979
77.9215640291
77.9232996873
77.9215646639
77.9163659061
77.907722864
77.8956674017
77.8802428847
77.8615040278
77.839517098
77.8143577925
77.7861104616
77.7548665649
77.7207241224
77.6837872406
77.6441641139
77.6019659916
77.5573058264
77.5102977714
77.4610566315
77.4096966191
77.35633045
77.3010685831
77.2440189869
77.1852868923
77.124974283
77.0631794792
77
77
77.0631777482
77.1249714572
77.1852836265
77.2440154919
77.3010649918
77.3563268261
77.4096929598
77.461052996
77.5102942007
77.557302376
77.6019626976
77.6441610183
77.6837843739
77.7207215513
77.7548643394
77.7861086375
77.8143564221
77.8395161751
77.8615036576
77.8802430767
77.8956682019
77.9077243214
77.9163679439
77.9215673936
77.9233030585
77.9215680285
77.9163692523
77.9077261801
77.8956706767
77.8802461079
77.8615071883
77.8395201868
77.8143608014
77.7861133838
77.7548693941
77.7207268529
77.6837898683
77.644166636
77.6019684065
77.5573081328
77.5102999686
77.4610587201
77.4096986004
77.356332326
77.3010703561
77.2440206594
77.1852884675
77.1249757644
77.063180867
77
77
77.0631791415
77.1249729445
77.1852852079
77.2440171711
77.3010667719
77.3563287097
77.4096949492
77.4610550932
77.510296407
77.5573046919
77.6019651225
77.644163551
77.6837870127
77.7207242933
77.7548671807
77.7861115722
77.8143594439
77.8395192772
77.8615068319
77.8802463141
77.8956714914
77.9077276522
77.916371305
77.9215707733
77.9233064448
77.9215714083
77.9163726135
77.9077295111
77.8956739664
77.8802493456
77.8615103629
77.8395232894
77.8143638237
77.786116319
77.754872236
77.7207295955
77.6837925078
77.6441691694
77.6019708321
77.5573104494
77.5103021756
77.4610608179
77.4097005904
77.3563342103
77.3010721368
77.2440223393
77.1852900495
77.1249772523
77.0631822608
77
77
77.0631805409
77.1249744384
77.1852867964
77.2440188578
77.30106856
77.3563306017
77.4096969475
77.4610571997
77.5102986232
77.5573070184
77.6019675585
77.6441660952
77.6837896635
77.7207270478
77.7548700348
77.7861145203
77.8143624795
77.8395223935
77.8615100206
77.8802495662
77.8956747959
77.9077309983
77.9163746814
77.9215741684
77.9233098466
77.9215748035
77.9163759901
77.9077328574
77.8956772712
77.8802525981
77.8615135521
77.8395264061
77.8143668598
77.7861192676
77.7548750908
77.7207323506
77.6837951592
77.6441717143
77.6019732687
77.5573127765
77.5103043925
77.4610629251
77.4097025894
77.356336103
77.3010739256
77.2440240266
77.1852916386
77.1249787467
77.0631836608
77
77
77.0631819466
77.1249759391
77.185288392
77.2440205522
77.3010703562
77.3563325023
77.4096989548
77.4610593159
77.5103008495
77.5573093554
77.6019700055
77.6441686511
77.6837923265
77.7207298149
77.7548729021
77.7861174819
77.8143655291
77.8395255242
77.8615132242
77.8802528334
77.8956781157
77.9077343598
77.9163780735
77.9215775793
77.9233132642
77.9215782144
77.9163793823
77.9077362191
77.8956805913
77.8802558656
77.861516756
77.8395295373
77.8143699099
77.7861222298
77.7548779587
77.7207351184
77.6837978228
77.6441742708
77.6019757164
77.5573151142
77.5103066195
77.461065042
77.4097045974
77.3563380043
77.3010757224
77.2440257215
77.1852932349
77.1249802479
77.0631850671
77
77
77.0631819471
77.1249759396
77.1852883926
77.2440205528
77.3010703569
77.3563325031
77.4096989556
77.4610593167
77.5103008504
77.5573093563
77.6019700065
77.6441686521
77.6837923275
77.720729816
77.7548729032
77.7861174831
77.8143655303
77.8395255254
77.8615132254
77.8802528347
77.895678117
77.9077343611
77.9163780748
77.9215775806
77.9233132655
77.9215782157
77.9163793836
77.9077362204
77.8956805926
77.8802558669
77.8615167572
77.8395295385
77.8143699111
77.786122231
77.7548779598
77.7207351195
77.6837978238
77.6441742718
77.6019757173
77.5573151151
77.5103066203
77.4610650428
77.4097045982
77.3563380051
77.3010757231
77.2440257221
77.1852932355
77.1249802485
77.0631850677
77
77
77.0631819823
77.1249759773
77.1852884327
77.2440205954
77.3010704021
77.356332551
77.4096990063
77.4610593702
77.5103009067
77.5573094155
77.6019700685
77.6441687169
77.6837923952
77.7207298864
77.7548729763
77.7861175586
77.8143656082
77.8395256054
77.8615133074
77.8802529184
77.8956782021
77.9077344475
77.916378162
77.9215776684
77.9233133535
77.9215783036
77.9163794711
77.9077363072
77.8956806783
77.8802559513
77.8615168401
77.8395296195
77.81436999
77.7861223076
77.7548780341
77.7207351911
77.6837978928
77.644174338
77.6019757807
77.5573151756
77.510306678
77.4610650976
77.4097046502
77.3563380542
77.3010757695
77.244025766
77.1852932767
77.1249802872
77.0631851039
77
77
77.0631819386
77.124975931
77.1852883834
77.2440205431
77.3010703466
77.3563324922
77.4096989442
77.4610593047
77.5103008378
77.5573093432
77.6019699929
77.6441686379
77.6837923129
77.7207298008
77.7548728877
77.7861174671
77.814365514
77.8395255087
77.8615132085
77.8802528176
77.8956780997
77.9077343438
77.9163780574
77.9215775634
77.9233132484
77.9215781988
77.9163793669
77.907736204
77.8956805765
77.8802558512
77.861516742
77.8395295237
77.8143698968
77.7861222172
77.7548779466
77.7207351068
77.6837978117
77.6441742602
77.6019757064
77.5573151047
77.5103066105
77.4610650335
77.4097045894
77.3563379968
77.3010757153
77.2440257148
77.1852932286
77.124980242
77.0631850612
77
77
77.0631819356
77.1249759278
77.1852883801
77.2440205395
77.3010703428
77.3563324882
77.40969894
77.4610593003
77.5103008331
77.5573093383
77.6019699877
77.6441686325
77.6837923072
77.720729795
77.7548728816
77.7861174608
77.8143655075
77.8395255021
77.8615132017
77.8802528106
77.8956780927
77.9077343367
77.9163780502
77.9215775561
77.9233132411
77.9215781915
77.9163793597
77.9077361968
77.8956805694
77.8802558443
77.8615167352
77.839529517
77.8143698903
77.7861222109
77.7548779405
77.7207351009
77.6837978061
77.6441742548
77.6019757012
77.5573150997
77.5103066057
77.461065029
77.4097045851
77.3563379927
77.3010757115
77.2440257112
77.1852932252
77.1249802389
77.0631850583
77
77
77.0631819327
77.1249759247
77.1852883768
77.244020536
77.3010703391
77.3563324843
77.4096989358
77.4610592959
77.5103008285
77.5573093335
77.6019699826
77.6441686272
77.6837923018
77.7207297893
77.7548728757
77.7861174547
77.8143655012
77.8395254956
77.8615131951
77.8802528039
77.8956780858
77.9077343298
77.9163780432
77.9215775491
77.9233132341
77.9215781845
77.9163793528
77.9077361899
77.8956805626
77.8802558375
77.8615167286
77.8395295106
77.8143698841
77.7861222048
77.7548779346
77.7207350953
77.6837978006
77.6441742496
77.6019756962
77.5573150949
77.5103066012
77.4610650246
77.409704581
77.3563379888
77.3010757078
77.2440257078
77.185293222
77.1249802358
77.0631850554
77
77
77.0631819282
77.12497592
77.1852883718
77.2440205307
77.3010703334
77.3563324783
77.4096989295
77.4610592892
77.5103008215
77.5573093261
77.6019699749
77.6441686192
77.6837922933
77.7207297805
77.7548728666
77.7861174453
77.8143654916
77.8395254857
77.8615131849
77.8802527936
77.8956780753
77.9077343191
77.9163780325
77.9215775383
77.9233132232
77.9215781737
77.916379342
77.9077361793
77.8956805521
77.8802558272
77.8615167184
77.8395295007
77.8143698744
77.7861221955
77.7548779256
77.7207350865
77.6837977922
77.6441742415
77.6019756884
77.5573150876
77.5103065941
77.461065018
77.4097045747
77.3563379828
77.3010757021
77.2440257024
77.1852932169
77.1249802311
77.0631850509
77
77
77.0631819244
77.1249759159
77.1852883674
77.2440205261
77.3010703285
77.3563324731
77.409698924
77.4610592834
77.5103008154
77.5573093197
77.6019699682
77.6441686121
77.683792286
77.7207297729
77.7548728587
77.7861174372
77.8143654832
77.8395254771
77.8615131761
77.8802527846
77.8956780662
77.9077343099
77.9163780232
77.9215775289
77.9233132139
77.9215781643
77.9163793327
77.90773617
77.895680543
77.8802558182
77.8615167096
77.8395294921
77.814369866
77.7861221873
77.7548779177
77.7207350789
77.6837977849
77.6441742345
77.6019756817
77.5573150812
77.510306588
77.4610650122
77.4097045692
77.3563379776
77.3010756972
77.2440256978
77.1852932126
77.124980227
77.0631850471
77
77
77.0631819211
77.1249759124
77.1852883637
77.2440205221
77.3010703244
77.3563324687
77.4096989194
77.4610592785
77.5103008103
77.5573093143
77.6019699625
77.6441686062
77.6837922798
77.7207297665
77.7548728521
77.7861174303
77.8143654761
77.8395254698
77.8615131687
77.880252777
77.8956780585
77.9077343021
77.9163780153
77.921577521
77.9233132059
77.9215781564
77.9163793248
77.9077361622
77.8956805353
77.8802558106
77.8615167022
77.8395294848
77.814369859
77.7861221805
77.754877911
77.7207350725
77.6837977787
77.6441742285
77.6019756761
77.5573150757
77.5103065829
77.4610650073
77.4097045646
77.3563379733
77.3010756931
77.2440256939
77.1852932089
77.1249802235
77.0631850438
77
77
77.0631819184
77.1249759096
77.1852883607
77.2440205189
77.301070321
77.3563324651
77.4096989156
77.4610592745
77.510300806
77.5573093099
77.6019699579
77.6441686014
77.6837922748
77.7207297613
77.7548728466
77.7861174247
77.8143654703
77.8395254639
77.8615131626
77.8802527708
77.8956780522
77.9077342957
77.9163780088
77.9215775145
77.9233131994
77.9215781499
77.9163793183
77.9077361558
77.8956805289
77.8802558044
77.8615166961
77.8395294789
77.8143698532
77.7861221748
77.7548779056
77.7207350672
77.6837977736
77.6441742237
77.6019756714
77.5573150713
77.5103065787
77.4610650033
77.4097045608
77.3563379697
77.3010756897
77.2440256907
77.1852932059
77.1249802207
77.0631850411
77
77
77.0631819164
77.1249759074
77.1852883584
77.2440205164
77.3010703183
77.3563324623
77.4096989126
77.4610592714
77.5103008028
77.5573093064
77.6019699543
77.6441685976
77.6837922709
77.7207297572
77.7548728424
77.7861174203
77.8143654658
77.8395254593
77.8615131579
77.880252766
77.8956780472
77.9077342907
77.9163780038
77.9215775095
77.9233131944
77.9215781449
77.9163793133
77.9077361508
77.895680524
77.8802557996
77.8615166914
77.8395294742
77.8143698487
77.7861221705
77.7548779014
77.7207350632
77.6837977697
77.6441742199
77.6019756678
77.5573150679
77.5103065754
77.4610650001
77.4097045578
77.3563379669
77.301075687
77.2440256882
77.1852932035
77.1249802185
77.0631850391
77
77
77.0631819149
77.1249759058
77.1852883567
77.2440205147
77.3010703164
77.3563324603
77.4096989105
77.4610592692
77.5103008004
77.557309304
77.6019699517
77.6441685949
77.683792268
77.7207297543
77.7548728394
77.7861174172
77.8143654626
77.839525456
77.8615131545
77.8802527625
77.8956780437
77.9077342872
77.9163780002
77.9215775059
77.9233131907
77.9215781413
77.9163793097
77.9077361473
77.8956805205
77.8802557961
77.861516688
77.8395294709
77.8143698454
77.7861221673
77.7548778983
77.7207350602
77.6837977669
77.6441742172
77.6019756652
77.5573150654
77.510306573
77.4610649979
77.4097045557
77.3563379649
77.3010756851
77.2440256864
77.1852932018
77.1249802169
77.0631850376
77
77
77.063181914
77.1249759049
77.1852883557
77.2440205136
77.3010703153
77.3563324591
77.4096989092
77.4610592679
77.510300799
77.5573093025
77.6019699501
77.6441685933
77.6837922664
77.7207297525
77.7548728376
77.7861174153
77.8143654607
77.839525454
77.8615131525
77.8802527604
77.8956780416
77.907734285
77.9163779981
77.9215775037
77.9233131886
77.9215781391
77.9163793076
77.9077361452
77.8956805184
77.8802557941
77.861516686
77.839529469
77.8143698435
77.7861221655
77.7548778965
77.7207350585
77.6837977652
77.6441742156
77.6019756637
77.5573150639
77.5103065716
77.4610649966
77.4097045544
77.3563379637
77.301075684
77.2440256853
77.1852932008
77.1249802159
77.0631850367
77
77
77.0631819137
77.1249759045
77.1852883553
77.2440205132
77.3010703149
77.3563324587
77.4096989088
77.4610592674
77.5103007985
77.557309302
77.6019699496
77.6441685927
77.6837922658
77.7207297519
77.754872837
77.7861174147
77.81436546
77.8395254533
77.8615131518
77.8802527597
77.8956780409
77.9077342843
77.9163779974
77.921577503
77.9233131879
77.9215781384
77.9163793069
77.9077361445
77.8956805177
77.8802557934
77.8615166853
77.8395294683
77.8143698429
77.7861221648
77.7548778959
77.7207350579
77.6837977647
77.6441742151
77.6019756632
77.5573150634
77.5103065712
77.4610649961
77.409704554
77.3563379633
77.3010756836
77.244025685
77.1852932005
77.1249802156
77.0631850364
77
77
77.0631738512
77.1249671842
77.1852790771
77.2440106607
77.3010598808
77.3563214291
77.40968727
77.4610470112
77.5102879173
77.5572957985
77.6019558295
77.6441538667
77.6837769441
77.7207138568
77.7548563964
77.786100463
77.8143480412
77.8395075998
77.8614949252
77.8802342087
77.8956592297
77.9077152858
77.9163588607
77.9215583105
77.9232940012
77.9215590335
77.9163603571
77.9077174
77.8956620558
77.8802376634
77.8614989494
77.8395121782
77.8143530313
77.7861058766
77.7548621597
77.7207199023
77.6837832104
77.6441602701
77.6019623367
77.5573023577
77.5102944898
77.4610535289
77.4096936936
77.3563276935
77.3010659908
77.244016556
77.1852846101
77.1249721533
77.0631775642
77
77
77.0631738513
77.1249671843
77.1852790773
77.2440106608
77.301059881
77.3563214292
77.4096872702
77.4610470114
77.5102879175
77.5572957987
77.6019558297
77.6441538669
77.6837769443
77.720713857
77.7548563967
77.7861004633
77.8143480415
77.8395076001
77.8614949255
77.880234209
77.89565923
77.9077152861
77.916358861
77.9215583108
77.9232940015
77.9215590339
77.9163603575
77.9077174003
77.8956620561
77.8802376637
77.8614989497
77.8395121785
77.8143530315
77.7861058768
77.75486216
77.7207199026
77.6837832107
77.6441602703
77.601962337
77.557302358
77.51029449
77.4610535291
77.4096936938
77.3563276937
77.301065991
77.2440165562
77.1852846102
77.1249721534
77.0631775643
77
77
77.0631738519
77.1249671849
77.1852790779
77.2440106615
77.3010598817
77.35632143
77.409687271
77.4610470122
77.5102879184
77.5572957997
77.6019558307
77.6441538679
77.6837769454
77.7207138582
77.7548563979
77.7861004645
77.8143480427
77.8395076014
77.8614949268
77.8802342103
77.8956592314
77.9077152875
77.9163588624
77.9215583122
77.9232940029
77.9215590353
77.9163603589
77.9077174017
77.8956620575
77.8802376651
77.861498951
77.8395121798
77.8143530328
77.7861058781
77.7548621612
77.7207199038
77.6837832118
77.6441602714
77.601962338
77.5573023589
77.5102944909
77.46105353
77.4096936946
77.3563276945
77.3010659918
77.2440165569
77.1852846109
77.124972154
77.0631775649
77
77
77.0631738529
77.124967186
77.1852790791
77.2440106627
77.301059883
77.3563214314
77.4096872724
77.4610470137
77.51028792
77.5572958013
77.6019558325
77.6441538698
77.6837769473
77.7207138602
77.7548563999
77.7861004666
77.8143480449
77.8395076037
77.8614949291
77.8802342127
77.8956592338
77.9077152899
77.9163588649
77.9215583147
77.9232940054
77.9215590377
77.9163603613
77.9077174041
77.8956620599
77.8802376674
77.8614989534
77.8395121821
77.814353035
77.7861058802
77.7548621632
77.7207199058
77.6837832137
77.6441602732
77.6019623398
77.5573023606
77.5102944925
77.4610535315
77.4096936961
77.3563276959
77.3010659931
77.2440165581
77.1852846121
77.1249721551
77.0631775659
77
77
77.0631738543
77.1249671875
77.1852790807
77.2440106644
77.3010598848
77.3563214333
77.4096872745
77.4610470159
77.5102879222
77.5572958037
77.601955835
77.6441538724
77.68377695
77.720713863
77.7548564028
77.7861004696
77.814348048
77.8395076069
77.8614949324
77.880234216
77.8956592372
77.9077152934
77.9163588684
77.9215583182
77.9232940089
77.9215590412
77.9163603648
77.9077174076
77.8956620633
77.8802376708
77.8614989567
77.8395121853
77.8143530382
77.7861058833
77.7548621662
77.7207199086
77.6837832165
77.6441602759
77.6019623423
77.557302363
77.5102944948
77.4610535337
77.4096936982
77.3563276979
77.3010659949
77.2440165599
77.1852846137
77.1249721567
77.0631775674
77
77
77.0631738561
77.1249671894
77.1852790827
77.2440106666
77.3010598871
77.3563214357
77.4096872771
77.4610470186
77.5102879251
77.5572958068
77.6019558382
77.6441538757
77.6837769535
77.7207138666
77.7548564066
77.7861004735
77.814348052
77.839507611
77.8614949366
77.8802342203
77.8956592415
77.9077152978
77.9163588728
77.9215583226
77.9232940134
77.9215590457
77.9163603693
77.907717412
77.8956620677
77.8802376751
77.8614989609
77.8395121894
77.8143530422
77.7861058872
77.75486217
77.7207199123
77.68378322
77.6441602793
77.6019623455
77.5573023661
77.5102944978
77.4610535365
77.4096937008
77.3563277004
77.3010659973
77.2440165621
77.1852846158
77.1249721587
77.0631775692
77
77
77.0631738583
77.1249671918
77.1852790852
77.2440106693
77.30105989
77.3563214387
77.4096872802
77.4610470219
77.5102879286
77.5572958104
77.601955842
77.6441538797
77.6837769577
77.7207138709
77.7548564111
77.7861004782
77.8143480569
77.8395076159
77.8614949417
77.8802342255
77.8956592468
77.9077153031
77.9163588782
77.9215583281
77.9232940188
77.9215590512
77.9163603747
77.9077174174
77.895662073
77.8802376803
77.861498966
77.8395121944
77.8143530471
77.7861058919
77.7548621746
77.7207199167
77.6837832243
77.6441602833
77.6019623494
77.5573023699
77.5102945013
77.4610535399
77.409693704
77.3563277034
77.3010660002
77.2440165648
77.1852846184
77.1249721611
77.0631775715
77
77
77.0631738609
77.1249671945
77.1852790881
77.2440106723
77.3010598932
77.3563214422
77.4096872838
77.4610470258
77.5102879326
77.5572958147
77.6019558464
77.6441538844
77.6837769625
77.720713876
77.7548564163
77.7861004836
77.8143480624
77.8395076216
77.8614949476
77.8802342315
77.8956592529
77.9077153093
77.9163588844
77.9215583343
77.9232940251
77.9215590574
77.9163603809
77.9077174236
77.8956620791
77.8802376864
77.8614989719
77.8395122002
77.8143530527
77.7861058974
77.7548621799
77.7207199218
77.6837832292
77.6441602881
77.601962354
77.5573023742
77.5102945055
77.4610535438
77.4096937078
77.3563277069
77.3010660035
77.244016568
77.1852846213
77.1249721639
77.0631775741
77
77
77.0631738637
77.1249671975
77.1852790913
77.2440106758
77.3010598968
77.356321446
77.4096872879
77.4610470301
77.5102879372
77.5572958194
77.6019558514
77.6441538896
77.683776968
77.7207138816
77.7548564222
77.7861004896
77.8143480687
77.839507628
77.8614949541
77.8802342382
77.8956592597
77.9077153162
77.9163588914
77.9215583414
77.9232940321
77.9215590645
77.9163603879
77.9077174305
77.895662086
77.8802376931
77.8614989786
77.8395122067
77.814353059
77.7861059035
77.7548621858
77.7207199276
77.6837832347
77.6441602934
77.601962359
77.5573023791
77.5102945101
77.4610535482
77.4096937119
77.3563277109
77.3010660072
77.2440165715
77.1852846246
77.124972167
77.063177577
77
77
77.0631738654
77.1249671993
77.1852790932
77.2440106777
77.3010598989
77.3563214482
77.4096872903
77.4610470325
77.5102879398
77.5572958221
77.6019558543
77.6441538926
77.6837769711
77.7207138849
77.7548564256
77.7861004931
77.8143480722
77.8395076317
77.8614949579
77.880234242
77.8956592636
77.9077153201
77.9163588954
77.9215583454
77.9232940362
77.9215590685
77.9163603919
77.9077174345
77.8956620899
77.880237697
77.8614989824
77.8395122104
77.8143530626
77.786105907
77.7548621892
77.7207199309
77.6837832379
77.6441602964
77.601962362
77.5573023818
77.5102945127
77.4610535507
77.4096937143
77.3563277131
77.3010660094
77.2440165735
77.1852846265
77.1249721687
77.0631775787
77
77
77.063173867
77.124967201
77.1852790951
77.2440106797
77.301059901
77.3563214505
77.4096872926
77.461047035
77.5102879424
77.5572958249
77.6019558572
77.6441538956
77.6837769742
77.7207138881
77.7548564289
77.7861004966
77.8143480758
77.8395076354
77.8614949617
77.8802342459
77.8956592675
77.9077153241
77.9163588994
77.9215583494
77.9232940402
77.9215590726
77.916360396
77.9077174385
77.8956620939
77.8802377009
77.8614989862
77.8395122141
77.8143530663
77.7861059106
77.7548621927
77.7207199342
77.6837832411
77.6441602995
77.6019623649
77.5573023846
77.5102945154
77.4610535533
77.4096937167
77.3563277154
77.3010660115
77.2440165755
77.1852846284
77.1249721705
77.0631775804
77
77
77.0631742204
77.1249675777
77.1852794958
77.2440111055
77.3010603527
77.3563219287
77.409687798
77.4610475681
77.5102885036
77.5572964145
77.6019564749
77.6441545412
77.6837776474
77.7207145882
77.7548571549
77.786101247
77.8143488491
77.8395084298
77.8614957752
77.8802350762
77.8956601118
77.9077161797
77.9163597633
77.9215592188
77.9232949118
77.921559943
77.9163612623
77.9077182974
77.8956629428
77.8802385368
77.8614998062
77.839513016
77.8143538477
77.7861066698
77.754862928
77.7207206441
77.6837839245
77.6441609556
77.6019629932
77.5573029848
77.5102950873
77.4610540969
77.4096942325
77.3563282038
77.3010664731
77.244017011
77.1852850385
77.1249725562
77.0631779422
77
77
77.0631745233
77.1249679006
77.1852798395
77.2440114706
77.30106074
77.3563223388
77.4096882314
77.4610480253
77.5102889849
77.5572969201
77.6019570048
77.6441550951
77.6837782249
77.7207151887
77.7548577776
77.7861018906
77.8143495125
77.8395091112
77.8614964731
77.8802357884
77.895660836
77.9077169137
77.9163605043
77.9215599645
77.9232956595
77.9215606898
77.9163620055
77.9077190342
77.8956636709
77.8802392538
77.8615005096
77.8395137038
77.8143545178
77.786107321
77.7548635586
77.7207212529
77.6837845105
77.6441615181
77.601963532
77.5573034994
77.5102955776
77.461054563
77.4096946746
77.3563286224
77.3010668687
77.2440173842
77.1852853899
77.1249728867
77.0631782523
77
77
77.063174815
77.1249682117
77.1852801704
77.2440118222
77.301061113
77.3563227337
77.4096886487
77.4610484657
77.5102894485
77.5572974071
77.6019575151
77.6441556285
77.683778781
77.7207157671
77.7548583774
77.7861025106
77.8143501514
77.8395097675
77.8614971452
77.8802364744
77.8956615335
77.9077176206
77.916361218
77.9215606827
77.9232963796
77.9215614089
77.9163627212
77.9077197437
77.8956643721
77.8802399442
77.8615011869
77.839514366
77.8143551631
77.7861079479
77.7548641658
77.720721839
77.6837850748
77.6441620598
77.6019640507
77.5573039948
77.5102960496
77.4610550116
77.4096951002
77.3563290254
77.3010672495
77.2440177434
77.1852857281
77.1249732048
77.0631785508
77
77
77.0631751148
77.1249685313
77.1852805105
77.2440121835
77.3010614963
77.3563231396
77.4096890777
77.4610489182
77.5102899249
77.5572979076
77.6019580395
77.6441561766
77.6837793525
77.7207163614
77.7548589937
77.7861031477
77.814350808
77.8395104419
77.8614978359
77.8802371793
77.8956622503
77.9077183469
77.9163619513
77.9215614207
77.9232971195
77.9215621478
77.9163634565
77.9077204728
77.8956650926
77.8802406536
77.8615018828
77.8395150465
77.8143558261
77.7861085921
77.7548647896
77.7207224412
77.6837856545
77.6441626162
77.6019645835
77.5573045038
77.5102965345
77.4610554725
77.4096955375
77.3563294393
77.3010676407
77.2440181125
77.1852860756
77.1249735315
77.0631788573
77
77
77.0631754441
77.1249688824
77.1852808842
77.2440125805
77.3010619174
77.3563235855
77.409689549
77.4610494154
77.5102904483
77.5572984575
77.6019586157
77.6441567789
77.6837799805
77.7207170144
77.7548596709
77.7861038476
77.8143515293
77.8395111829
77.8614985947
77.8802379538
77.8956630377
77.9077191449
77.9163627569
77.9215622314
77.9232979323
77.9215629594
77.9163642643
77.9077212736
77.895665884
77.8802414328
77.8615026472
77.8395157939
77.8143565543
77.7861092996
77.7548654748
77.7207231027
77.6837862912
77.6441632274
77.6019651688
77.5573050628
77.5102970671
77.4610559788
77.4096960177
77.356329894
77.3010680703
77.2440185178
77.1852864572
77.1249738904
77.0631791939
77
77
77.0631758516
77.1249693169
77.1852813465
77.2440130717
77.3010624385
77.3563241373
77.409690132
77.4610500305
77.5102910958
77.5572991377
77.6019593284
77.6441575238
77.6837807572
77.7207178221
77.7548605084
77.7861047132
77.8143524213
77.8395120992
77.861499533
77.8802389114
77.8956640114
77.9077201316
77.9163637531
77.9215632339
77.9232989373
77.9215639631
77.9163652631
77.9077222638
77.8956668626
77.8802423963
77.8615035923
77.839516718
77.8143574548
77.7861101744
77.754866322
77.7207239205
77.6837870784
77.6441639831
77.6019658924
77.557305754
77.5102977256
77.4610566047
77.4096966115
77.3563304562
77.3010686017
77.244019019
77.1852869291
77.1249743341
77.0631796103
77
77
77.063175852
77.1249693174
77.185281347
77.2440130722
77.301062439
77.3563241378
77.4096901327
77.4610500311
77.5102910965
77.5572991384
77.6019593292
77.6441575246
77.683780758
77.7207178229
77.7548605093
77.7861047142
77.8143524223
77.8395121001
77.861499534
77.8802389125
77.8956640124
77.9077201327
77.9163637542
77.9215632349
77.9232989384
77.9215639641
77.9163652642
77.9077222648
77.8956668636
77.8802423973
77.8615035933
77.8395167189
77.8143574557
77.7861101753
77.7548663229
77.7207239214
77.6837870793
77.6441639839
77.6019658932
77.5573057547
77.5102977263
77.4610566054
77.4096966121
77.3563304568
77.3010686022
77.2440190195
77.1852869296
77.1249743346
77.0631796107
77
77
77.0631758694
77.1249693359
77.1852813668
77.2440130932
77.3010624613
77.3563241614
77.4096901576
77.4610500574
77.5102911242
77.5572991676
77.6019593597
77.6441575566
77.6837807913
77.7207178576
77.7548605453
77.7861047514
77.8143524606
77.8395121396
77.8614995744
77.8802389537
77.8956640544
77.9077201752
77.9163637972
77.9215632782
77.9232989818
77.9215640075
77.9163653073
77.9077223076
77.8956669059
77.880242439
77.8615036342
77.8395167589
77.8143574947
77.7861102132
77.7548663596
77.7207239568
77.6837871134
77.6441640166
77.6019659246
77.5573057847
77.5102977549
77.4610566325
77.4096966378
77.3563304812
77.3010686252
77.2440190412
77.1852869501
77.1249743538
77.0631796287
77
77
77.0631758503
77.1249693156
77.1852813452
77.2440130702
77.301062437
77.3563241356
77.4096901303
77.4610500287
77.5102910939
77.5572991358
77.6019593264
77.6441575217
77.683780755
77.7207178198
77.7548605061
77.7861047108
77.8143524189
77.8395120967
77.8614995305
77.8802389089
77.8956640088
77.907720129
77.9163637505
77.9215632313
77.9232989347
77.9215639605
77.9163652606
77.9077222613
77.8956668602
77.8802423939
77.86150359
77.8395167157
77.8143574526
77.7861101723
77.7548663201
77.7207239186
77.6837870766
77.6441639814
77.6019658908
77.5573057524
77.5102977242
77.4610566033
77.4096966102
77.356330455
77.3010686005
77.2440190179
77.1852869281
77.1249743332
77.0631796093
77
77
77.0631758471
77.1249693122
77.1852813415
77.2440130664
77.3010624329
77.3563241313
77.4096901258
77.4610500238
77.5102910889
77.5572991304
77.6019593208
77.6441575159
77.6837807489
77.7207178135
77.7548604995
77.786104704
77.8143524118
77.8395120895
77.8614995231
77.8802389013
77.8956640011
77.9077201212
77.9163637427
77.9215632234
77.9232989268
77.9215639526
77.9163652527
77.9077222535
77.8956668524
77.8802423863
77.8615035825
77.8395167085
77.8143574455
77.7861101654
77.7548663134
77.7207239122
77.6837870704
77.6441639754
77.6019658851
77.557305747
77.510297719
77.4610565984
77.4096966055
77.3563304505
77.3010685963
77.2440190139
77.1852869244
77.1249743297
77.063179606
77
77
77.0631758441
77.124969309
77.1852813381
77.2440130627
77.301062429
77.3563241272
77.4096901214
77.4610500192
77.510291084
77.5572991253
77.6019593155
77.6441575103
77.6837807431
77.7207178074
77.7548604932
77.7861046976
77.8143524052
77.8395120826
77.8614995161
77.8802388942
77.8956639939
77.9077201139
77.9163637352
77.9215632159
77.9232989193
77.9215639451
77.9163652452
77.9077222461
77.8956668451
77.8802423791
77.8615035755
77.8395167015
77.8143574387
77.7861101589
77.754866307
77.720723906
77.6837870645
77.6441639697
77.6019658797
77.5573057418
77.510297714
77.4610565937
77.409696601
77.3563304463
77.3010685923
77.2440190102
77.1852869208
77.1249743264
77.0631796029
77
77
77.0631758394
77.124969304
77.1852813328
77.2440130571
77.301062423
77.3563241209
77.4096901147
77.4610500122
77.5102910766
77.5572991175
77.6019593073
77.6441575017
77.6837807342
77.7207177981
77.7548604836
77.7861046876
77.8143523949
77.8395120721
77.8614995053
77.8802388831
77.8956639827
77.9077201025
77.9163637238
77.9215632043
77.9232989077
77.9215639335
77.9163652337
77.9077222347
77.8956668338
77.880242368
77.8615035646
77.8395166909
77.8143574284
77.7861101488
77.7548662972
77.7207238966
77.6837870554
77.644163961
77.6019658713
77.5573057338
77.5102977064
77.4610565865
77.4096965942
77.3563304398
77.3010685862
77.2440190044
77.1852869154
77.1249743212
77.0631795981
77
77
77.0631758354
77.1249692998
77.1852813283
77.2440130523
77.301062418
77.3563241155
77.4096901091
77.4610500062
77.5102910703
77.5572991109
77.6019593003
77.6441574945
77.6837807266
77.7207177903
77.7548604755
77.7861046792
77.8143523862
77.8395120631
77.8614994961
77.8802388738
77.8956639732
77.9077200929
77.916363714
77.9215631945
77.9232988979
77.9215639237
77.916365224
77.907722225
77.8956668243
77.8802423586
77.8615035553
77.8395166818
77.8143574196
77.7861101402
77.7548662889
77.7207238886
77.6837870477
77.6441639536
77.6019658642
77.557305727
77.5102977
77.4610565803
77.4096965884
77.3563304343
77.301068581
77.2440189995
77.1852869108
77.1249743169
77.063179594
77
77
77.0631758321
77.1249692963
77.1852813246
77.2440130484
77.3010624137
77.3563241111
77.4096901044
77.4610500012
77.5102910651
77.5572991054
77.6019592946
77.6441574885
77.6837807203
77.7207177837
77.7548604687
77.7861046722
77.814352379
77.8395120557
77.8614994885
77.880238866
77.8956639652
77.9077200849
77.9163637059
77.9215631864
77.9232988897
77.9215639156
77.9163652158
77.9077222169
77.8956668163
77.8802423507
77.8615035476
77.8395166743
77.8143574122
77.7861101331
77.754866282
77.7207238819
77.6837870413
77.6441639475
77.6019658583
77.5573057214
77.5102976946
77.4610565752
77.4096965835
77.3563304297
77.3010685766
77.2440189954
77.1852869069
77.1249743133
77.0631795906
77
77
77.0631758295
77.1249692934
77.1852813215
77.2440130451
77.3010624103
77.3563241074
77.4096901005
77.4610499972
77.5102910608
77.557299101
77.6019592899
77.6441574836
77.6837807152
77.7207177784
77.7548604632
77.7861046665
77.8143523731
77.8395120497
77.8614994824
77.8802388597
77.8956639588
77.9077200784
77.9163636994
77.9215631798
77.9232988831
77.921563909
77.9163652093
77.9077222104
77.8956668098
77.8802423444
77.8615035414
77.8395166682
77.8143574063
77.7861101273
77.7548662764
77.7207238765
77.6837870361
77.6441639425
77.6019658535
77.5573057169
77.5102976903
77.4610565711
77.4096965796
77.356330426
77.3010685731
77.2440189921
77.1852869038
77.1249743103
77.0631795878
77
77
77.0631758274
77.1249692912
77.1852813192
77.2440130426
77.3010624077
77.3563241046
77.4096900976
77.4610499941
77.5102910575
77.5572990975
77.6019592863
77.6441574798
77.6837807112
77.7207177743
77.7548604589
77.7861046621
77.8143523686
77.839512045
77.8614994776
77.8802388548
77.8956639539
77.9077200733
77.9163636943
77.9215631747
77.9232988779
77.9215639038
77.9163652042
77.9077222053
77.8956668048
77.8802423394
77.8615035365
77.8395166635
77.8143574017
77.7861101228
77.7548662721
77.7207238724
77.6837870321
77.6441639386
77.6019658498
77.5573057133
77.5102976869
77.4610565679
77.4096965766
77.3563304232
77.3010685704
77.2440189895
77.1852869014
77.1249743081
77.0631795857
77
77
77.0631758259
77.1249692896
77.1852813175
77.2440130409
77.3010624058
77.3563241026
77.4096900954
77.4610499918
77.5102910552
77.557299095
77.6019592837
77.644157477
77.6837807084
77.7207177714
77.7548604558
77.7861046589
77.8143523653
77.8395120416
77.8614994741
77.8802388513
77.8956639503
77.9077200697
77.9163636906
77.921563171
77.9232988742
77.9215639001
77.9163652005
77.9077222017
77.8956668012
77.8802423359
77.8615035331
77.8395166601
77.8143573984
77.7861101196
77.754866269
77.7207238693
77.6837870292
77.6441639358
77.6019658472
77.5573057108
77.5102976845
77.4610565656
77.4096965744
77.3563304211
77.3010685685
77.2440189877
77.1852868997
77.1249743064
77.0631795842
77
77
77.063175825
77.1249692887
77.1852813165
77.2440130397
77.3010624046
77.3563241014
77.4096900941
77.4610499904
77.5102910537
77.5572990935
77.601959282
77.6441574754
77.6837807066
77.7207177695
77.7548604539
77.7861046569
77.8143523633
77.8395120396
77.861499472
77.8802388491
77.8956639481
77.9077200674
77.9163636883
77.9215631687
77.923298872
77.9215638978
77.9163651982
77.9077221994
77.895666799
77.8802423337
77.8615035309
77.839516658
77.8143573963
77.7861101176
77.7548662671
77.7207238675
77.6837870274
77.6441639341
77.6019658455
77.5573057092
77.510297683
77.4610565642
77.409696573
77.3563304198
77.3010685673
77.2440189865
77.1852868986
77.1249743054
77.0631795832
77
77
77.0631758246
77.1249692883
77.185281316
77.2440130393
77.3010624041
77.3563241009
77.4096900936
77.4610499899
77.5102910531
77.5572990928
77.6019592814
77.6441574747
77.6837807059
77.7207177688
77.7548604532
77.7861046561
77.8143523625
77.8395120387
77.8614994711
77.8802388483
77.8956639472
77.9077200665
77.9163636874
77.9215631678
77.923298871
77.9215638969
77.9163651973
77.9077221985
77.8956667981
77.8802423328
77.8615035301
77.8395166571
77.8143573955
77.7861101168
77.7548662663
77.7207238667
77.6837870267
77.6441639334
77.6019658449
77.5573057086
77.5102976824
77.4610565636
77.4096965725
77.3563304193
77.3010685668
77.2440189861
77.1852868982
77.124974305
77.0631795828
77
77
77.0631739224
77.12496726
77.1852791578
77.2440107464
77.3010599718
77.3563215253
77.4096873718
77.4610471185
77.5102880303
77.5572959172
77.6019559539
77.6441539967
77.6837770797
77.7207139978
77.7548565427
77.7861006142
77.814348197
77.8395077599
77.8614950892
77.880234376
77.8956593999
77.9077154583
77.9163590349
77.9215584858
77.923294177
77.9215592091
77.9163605319
77.9077175733
77.8956622271
77.8802378321
77.8614991149
77.83951234
77.814353189
77.7861060298
77.7548623082
77.7207200457
77.6837833484
77.6441604026
77.6019624636
77.557302479
77.5102946053
77.4610536387
77.4096937978
77.3563277922
77.3010660841
77.244016644
77.1852846929
77.1249722312
77.0631776373
77
77
77.063173924
77.1249672617
77.1852791596
77.2440107483
77.3010599738
77.3563215275
77.4096873741
77.4610471209
77.5102880328
77.5572959199
77.6019559567
77.6441539996
77.6837770827
77.720714001
77.754856546
77.7861006176
77.8143482006
77.8395077635
77.8614950929
77.8802343798
77.8956594037
77.9077154622
77.9163590388
77.9215584897
77.9232941809
77.9215592131
77.9163605358
77.9077175772
77.895662231
77.8802378359
77.8614991186
77.8395123437
77.8143531925
77.7861060333
77.7548623115
77.7207200489
77.6837833515
77.6441604055
77.6019624665
77.5573024817
77.5102946079
77.4610536412
77.4096938001
77.3563277944
77.3010660862
77.244016646
77.1852846948
77.1249722329
77.063177639
77
77
77.0631739289
77.1249672669
77.1852791652
77.2440107542
77.3010599801
77.3563215341
77.409687381
77.4610471283
77.5102880406
77.5572959281
77.6019559653
77.6441540086
77.683777092
77.7207140107
77.754856556
77.786100628
77.8143482113
77.8395077745
77.8614951042
77.8802343913
77.8956594154
77.907715474
77.9163590508
77.9215585018
77.923294193
77.9215592251
77.9163605478
77.9077175891
77.8956622427
77.8802378475
77.86149913
77.8395123548
77.8143532033
77.7861060438
77.7548623217
77.7207200587
77.683783361
77.6441604146
77.6019624752
77.55730249
77.5102946158
77.4610536487
77.4096938073
77.3563278012
77.3010660926
77.244016652
77.1852847005
77.1249722383
77.063177644
77
77
77.0631739372
77.1249672758
77.1852791747
77.2440107643
77.3010599907
77.3563215455
77.409687393
77.4610471409
77.5102880539
77.557295942
77.6019559799
77.6441540239
77.683777108
77.7207140273
77.7548565732
77.7861006457
77.8143482296
77.8395077933
77.8614951234
77.880234411
77.8956594354
77.9077154943
77.9163590712
77.9215585224
77.9232942136
77.9215592457
77.9163605684
77.9077176094
77.8956622628
77.8802378672
77.8614991494
77.8395123738
77.8143532218
77.7861060618
77.7548623391
77.7207200755
77.6837833772
77.6441604301
77.60196249
77.5573025042
77.5102946293
77.4610536616
77.4096938195
77.3563278127
77.3010661035
77.2440166623
77.1852847102
77.1249722474
77.0631776525
77
77
77.0631739494
77.1249672888
77.1852791885
77.244010779
77.3010600063
77.3563215619
77.4096874104
77.4610471593
77.5102880732
77.5572959623
77.6019560012
77.6441540461
77.6837771312
77.7207140514
77.7548565982
77.7861006716
77.8143482562
77.8395078207
77.8614951514
77.8802344396
77.8956594645
77.9077155238
77.916359101
77.9215585523
77.9232942437
77.9215592757
77.9163605982
77.907717639
77.8956622921
77.880237896
77.8614991777
77.8395124014
77.8143532488
77.7861060879
77.7548623644
77.7207201
77.6837834007
77.6441604527
77.6019625117
77.5573025249
77.510294649
77.4610536803
77.4096938372
77.3563278296
77.3010661194
77.2440166773
77.1852847243
77.1249722607
77.063177665
77
77
77.0631739659
77.1249673064
77.1852792071
77.2440107988
77.3010600273
77.3563215842
77.409687434
77.4610471841
77.5102880994
77.5572959898
77.60195603
77.6441540762
77.6837771626
77.720714084
77.7548566321
77.7861007066
77.8143482922
77.8395078577
77.8614951894
77.8802344783
77.8956595038
77.9077155636
77.9163591413
77.9215585928
77.9232942843
77.9215593163
77.9163606386
77.907717679
77.8956623316
77.880237935
77.8614992159
77.8395124388
77.8143532852
77.7861061233
77.7548623987
77.7207201331
77.6837834326
77.6441604833
77.601962541
77.5573025528
77.5102946757
77.4610537056
77.4096938613
77.3563278523
77.3010661409
77.2440166976
77.1852847434
77.1249722786
77.0631776818
77
77
77.0631739873
77.1249673292
77.1852792315
77.2440108246
77.3010600548
77.3563216132
77.4096874646
77.4610472165
77.5102881334
77.5572960256
77.6019560675
77.6441541154
77.6837772034
77.7207141265
77.7548566761
77.7861007521
77.8143483392
77.839507906
77.8614952388
77.8802345287
77.8956595551
77.9077156156
77.9163591937
77.9215586456
77.9232943372
77.9215593692
77.9163606912
77.9077177312
77.8956623832
77.8802379857
77.8614992657
77.8395124874
77.8143533326
77.7861061694
77.7548624433
77.7207201762
77.683783474
77.6441605231
77.6019625791
77.5573025893
77.5102947104
77.4610537386
77.4096938926
77.3563278819
77.3010661689
77.244016724
77.1852847683
77.124972302
77.0631777038
77
77
77.0631740147
77.1249673584
77.1852792625
77.2440108576
77.3010600898
77.3563216503
77.4096875038
77.4610472578
77.5102881769
77.5572960713
77.6019561154
77.6441541655
77.6837772556
77.7207141808
77.7548567324
77.7861008103
77.8143483992
77.8395079676
77.8614953018
77.8802345931
77.8956596206
77.9077156819
77.9163592607
77.921558713
77.9232944048
77.9215594367
77.9163607584
77.9077177978
77.895662449
77.8802380506
77.8614993292
77.8395125496
77.8143533932
77.7861062282
77.7548625003
77.7207202312
77.683783527
77.644160574
77.6019626278
77.5573026358
77.5102947547
77.4610537808
77.4096939325
77.3563279198
77.3010662047
77.2440167578
77.1852848
77.1249723319
77.0631777318
77
77
77.0631740494
77.1249673954
77.1852793018
77.2440108994
77.3010601341
77.3563216972
77.4096875534
77.4610473101
77.510288232
77.5572961291
77.601956176
77.6441542288
77.6837773217
77.7207142495
77.7548568036
77.7861008839
77.814348475
77.8395080455
77.8614953816
77.8802346745
77.8956597034
77.9077157659
77.9163593454
77.9215587983
77.9232944903
77.921559522
77.9163608433
77.907717882
77.8956625322
77.8802381325
77.8614994097
77.8395126282
77.8143534698
77.7861063027
77.7548625724
77.7207203008
77.683783594
77.6441606383
77.6019626894
77.5573026946
77.5102948108
77.4610538341
77.4096939831
77.3563279677
77.3010662499
77.2440168004
77.1852848402
77.1249723697
77.0631777673
77
77
77.063174064
77.124967411
77.1852793185
77.2440109171
77.3010601528
77.3563217171
77.4096875744
77.4610473323
77.5102882553
77.5572961537
77.6019562017
77.6441542556
77.6837773496
77.7207142786
77.7548568338
77.7861009151
77.8143485072
77.8395080785
77.8614954155
77.880234709
77.8956597385
77.9077158014
77.9163593813
77.9215588344
77.9232945265
77.9215595582
77.9163608793
77.9077179177
77.8956625675
77.8802381673
77.8614994438
77.8395126616
77.8143535023
77.7861063343
77.754862603
77.7207203303
77.6837836224
77.6441606656
77.6019627155
77.5573027196
77.5102948345
77.4610538567
77.4096940045
77.356327988
77.3010662691
77.2440168185
77.1852848573
77.1249723858
77.0631777823
77
77
77.06317408
77.124967428
77.1852793366
77.2440109363
77.3010601732
77.3563217387
77.4096875972
77.4610473564
77.5102882807
77.5572961803
77.6019562296
77.6441542848
77.6837773801
77.7207143102
77.7548568666
77.786100949
77.8143485421
77.8395081144
77.8614954522
77.8802347465
77.8956597766
77.9077158401
77.9163594204
77.9215588737
77.9232945659
77.9215595975
77.9163609185
77.9077179565
77.8956626059
77.880238205
77.8614994808
77.8395126978
77.8143535376
77.7861063686
77.7548626362
77.7207203624
77.6837836533
77.6441606952
77.6019627439
77.5573027467
77.5102948604
77.4610538812
77.4096940278
77.35632801
77.3010662899
77.2440168382
77.1852848758
77.1249724032
77.0631777987
77
77
77.0631742937
77.1249676559
77.185279579
77.2440111939
77.3010604465
77.356322028
77.4096879029
77.4610476789
77.5102886202
77.557296537
77.6019566033
77.6441546755
77.6837777874
77.7207147337
77.7548573058
77.786101403
77.81434901
77.839508595
77.8614959444
77.8802352489
77.8956602874
77.9077163577
77.916359943
77.9215593997
77.9232950932
77.9215601242
77.9163614426
77.9077184762
77.8956631195
77.8802387108
77.8614999769
77.8395131829
77.8143540103
77.7861068278
77.754863081
77.7207207918
77.6837840667
77.6441610921
77.601963124
77.5573031097
77.5102952063
77.46105421
77.4096943397
77.3563283054
77.301066569
77.2440171015
77.1852851237
77.1249726363
77.0631780175
77
77
77.0631745456
77.1249679244
77.1852798647
77.2440114974
77.3010607684
77.3563223689
77.4096882632
77.461048059
77.5102890203
77.5572969574
77.6019570438
77.6441551359
77.6837782674
77.720715233
77.7548578235
77.7861019381
77.8143495614
77.8395091615
77.8614965246
77.880235841
77.8956608895
77.9077169679
77.916360559
77.9215600196
77.9232957148
77.9215607449
77.9163620604
77.9077190886
77.8956637248
77.8802393067
77.8615005616
77.8395137546
77.8143545674
77.7861073691
77.7548636052
77.7207212979
77.6837845539
77.6441615597
77.6019635718
77.5573035375
77.5102956138
77.4610545974
77.4096947073
77.3563286533
77.3010668979
77.2440174118
77.1852854158
77.1249729111
77.0631782752
77
77
77.063174812
77.1249682084
77.185280167
77.2440118185
77.3010611091
77.3563227296
77.4096886445
77.4610484611
77.5102894437
77.5572974021
77.6019575099
77.644155623
77.6837787753
77.7207157612
77.7548583713
77.7861025043
77.8143501449
77.8395097608
77.8614971384
77.8802364675
77.8956615265
77.9077176134
77.9163612108
77.9215606755
77.9232963724
77.9215614016
77.916362714
77.9077197366
77.8956643651
77.8802399373
77.8615011801
77.8395143594
77.8143551567
77.7861079417
77.7548641598
77.7207218332
77.6837850692
77.6441620544
77.6019640455
77.5573039899
77.5102960449
77.4610550072
77.409695096
77.3563290214
77.3010672457
77.2440177399
77.1852857248
77.1249732016
77.0631785478
77
77
77.0631750836
77.124968498
77.1852804751
77.2440121459
77.3010614564
77.3563230973
77.4096890331
77.4610488711
77.5102898753
77.5572978555
77.6019579849
77.6441561196
77.6837792931
77.7207162996
77.7548589296
77.7861030814
77.8143507397
77.8395103718
77.861497764
77.880237106
77.8956621757
77.9077182714
77.9163618751
77.921561344
77.9232970426
77.921562071
77.9163633801
77.907720397
77.8956650178
77.8802405799
77.8615018105
77.8395149758
77.8143557573
77.7861085252
77.7548647249
77.7207223788
77.6837855943
77.6441625585
77.6019645282
77.557304451
77.5102964842
77.4610554247
77.4096954921
77.3563293964
77.3010676001
77.2440180742
77.1852860396
77.1249734976
77.0631788255
77
77
77.0631753496
77.1249687816
77.1852807769
77.2440124665
77.3010617965
77.3563234575
77.4096894137
77.4610492726
77.510290298
77.5572982996
77.6019584503
77.644156606
77.6837798002
77.7207168269
77.7548594765
77.7861036467
77.8143513222
77.8395109702
77.8614983769
77.8802377315
77.8956628117
77.9077189159
77.9163625257
77.9215619987
77.923297699
77.9215627265
77.9163640325
77.9077210438
77.895665657
77.8802412093
77.8615024279
77.8395155795
77.8143563455
77.7861090967
77.7548652783
77.720722913
77.6837861086
77.6441630522
77.601965001
77.5573049025
77.5102969144
77.4610558337
77.40969588
77.3563297637
77.3010679472
77.2440184016
77.1852863479
77.1249737875
77.0631790975
77
77
77.0631755806
77.1249690279
77.185281039
77.244012745
77.3010620919
77.3563237703
77.4096897443
77.4610496214
77.5102906652
77.5572986853
77.6019588544
77.6441570284
77.6837802406
77.7207172849
77.7548599514
77.7861041375
77.814351828
77.8395114898
77.861498909
77.8802382746
77.8956633639
77.9077194754
77.9163630907
77.9215625673
77.923298269
77.9215632957
77.916364599
77.9077216054
77.895666212
77.8802417557
77.861502964
77.8395161036
77.8143568562
77.7861095929
77.7548657589
77.7207233769
77.6837865552
77.6441634808
77.6019654115
77.5573052946
77.510297288
77.4610561887
77.4096962169
77.3563300826
77.3010682486
77.2440186859
77.1852866156
77.1249740393
77.0631793336
77
77
77.0631755844
77.124969032
77.1852810434
77.2440127496
77.3010620969
77.3563237755
77.4096897498
77.4610496272
77.5102906713
77.5572986917
77.6019588611
77.6441570354
77.6837802479
77.7207172925
77.7548599593
77.7861041457
77.8143518365
77.8395114984
77.8614989179
77.8802382836
77.8956633731
77.9077194848
77.9163631001
77.9215625768
77.9232982785
77.9215633052
77.9163646085
77.9077216148
77.8956662213
77.8802417649
77.8615029729
77.8395161124
77.8143568647
77.7861096012
77.7548657669
77.7207233847
77.6837865626
77.644163488
77.6019654183
77.5573053012
77.5102972942
77.4610561947
77.4096962225
77.3563300879
77.3010682536
77.2440186907
77.18528662
77.1249740435
77.0631793376
77
77
77.0631755937
77.124969042
77.1852810539
77.2440127608
77.3010621087
77.3563237881
77.4096897631
77.4610496412
77.5102906861
77.5572987073
77.6019588774
77.6441570524
77.6837802657
77.720717311
77.7548599784
77.7861041655
77.8143518568
77.8395115194
77.8614989393
77.8802383055
77.8956633953
77.9077195073
77.9163631229
77.9215625996
77.9232983015
77.9215633282
77.9163646313
77.9077216374
77.8956662436
77.8802417869
77.8615029945
77.8395161335
77.8143568853
77.7861096211
77.7548657863
77.7207234033
77.6837865806
77.6441635052
77.6019654349
77.557305317
77.5102973093
77.461056209
77.4096962361
77.3563301008
77.3010682658
77.2440187021
77.1852866308
77.1249740536
77.0631793471
77
77
77.0631756025
77.1249690513
77.1852810639
77.2440127714
77.30106212
77.3563238
77.4096897756
77.4610496545
77.5102907
77.5572987219
77.6019588928
77.6441570685
77.6837802824
77.7207173284
77.7548599965
77.7861041841
77.8143518761
77.8395115391
77.8614989595
77.8802383261
77.8956634163
77.9077195286
77.9163631443
77.9215626213
77.9232983232
77.9215633498
77.9163646528
77.9077216588
77.8956662647
77.8802418076
77.8615030149
77.8395161534
77.8143569047
77.78610964
77.7548658045
77.720723421
77.6837865976
77.6441635216
77.6019654505
77.5573053319
77.5102973235
77.4610562225
77.4096962489
77.3563301129
77.3010682772
77.244018713
77.185286641
77.1249740632
77.0631793561
77
77
77.0631756187
77.1249690687
77.1852810824
77.244012791
77.3010621408
77.356323822
77.4096897989
77.461049679
77.5102907259
77.5572987491
77.6019589212
77.6441570982
77.6837803134
77.7207173606
77.7548600299
77.7861042187
77.8143519117
77.8395115757
77.861498997
77.8802383644
77.8956634552
77.907719568
77.9163631841
77.9215626613
77.9232983633
77.9215633899
77.9163646927
77.9077216983
77.8956663038
77.8802418461
77.8615030526
77.8395161903
77.8143569407
77.786109675
77.7548658384
77.7207234537
77.683786629
77.6441635517
77.6019654794
77.5573053595
77.5102973498
77.4610562475
77.4096962726
77.3563301354
77.3010682985
77.244018733
77.1852866599
77.1249740809
77.0631793727
77
77
77.0631756334
77.1249690843
77.185281099
77.2440128087
77.3010621596
77.3563238419
77.4096898199
77.4610497012
77.5102907492
77.5572987736
77.6019589469
77.6441571251
77.6837803414
77.7207173898
77.7548600601
77.7861042499
77.8143519439
77.8395116088
77.8614990308
77.8802383989
77.8956634903
77.9077196036
77.9163632201
77.9215626975
77.9232983996
77.9215634261
77.9163647288
77.907721734
77.8956663391
77.8802418809
77.8615030867
77.8395162237
77.8143569732
77.7861097065
77.754865869
77.7207234832
77.6837866575
77.644163579
77.6019655055
77.5573053844
77.5102973736
77.4610562701
77.409696294
77.3563301557
77.3010683176
77.2440187511
77.1852866769
77.124974097
77.0631793877
77
77
77.063175664
77.1249691169
77.1852811337
77.2440128456
77.3010621987
77.3563238833
77.4096898637
77.4610497474
77.5102907978
77.5572988247
77.6019590004
77.644157181
77.6837803997
77.7207174504
77.754860123
77.7861043149
77.8143520108
77.8395116775
77.8614991013
77.8802384708
77.8956635634
77.9077196777
77.9163632948
77.9215627727
77.923298475
77.9215635014
77.9163648037
77.9077218084
77.8956664126
77.8802419532
77.8615031577
77.8395162931
77.8143570408
77.7861097722
77.7548659326
77.7207235446
77.6837867166
77.6441636358
77.6019655599
77.5573054363
77.510297423
77.4610563171
77.4096963386
77.3563301979
77.3010683575
77.2440187887
77.1852867123
77.1249741303
77.063179419
77
77
77.0631756877
77.1249691422
77.1852811606
77.2440128742
77.3010622289
77.3563239154
77.4096898976
77.4610497831
77.5102908354
77.5572988642
77.6019590418
77.6441572243
77.6837804449
77.7207174973
77.7548601717
77.7861043652
77.8143520627
77.8395117308
77.8614991558
77.8802385265
77.89566362
77.907719735
77.9163633528
77.921562831
77.9232985334
77.9215635598
77.9163648618
77.9077218659
77.8956664695
77.8802420092
77.8615032126
77.8395163468
77.8143570931
77.7861098231
77.7548659818
77.7207235921
77.6837867623
77.6441636797
77.6019656019
77.5573054765
77.5102974613
77.4610563535
77.4096963732
77.3563302306
77.3010683884
77.2440188179
77.1852867398
77.1249741561
77.0631794432
77
77
77.0631757058
77.1249691616
77.1852811812
77.2440128961
77.3010622522
77.35632394
77.4096899236
77.4610498105
77.5102908643
77.5572988945
77.6019590736
77.6441572575
77.6837804795
77.7207175333
77.754860209
77.7861044038
77.8143521025
77.8395117717
77.8614991977
77.8802385692
77.8956636634
77.907719779
77.9163633972
77.9215628757
77.9232985782
77.9215636046
77.9163649063
77.9077219101
77.8956665131
77.8802420522
77.8615032548
77.839516388
77.8143571333
77.7861098621
77.7548660196
77.7207236286
77.6837867975
77.6441637134
77.6019656342
77.5573055074
77.5102974907
77.4610563814
77.4096963997
77.3563302557
77.3010684121
77.2440188402
77.1852867608
77.1249741759
77.0631794617
77
77
77.0631757195
77.1249691762
77.1852811968
77.2440129126
77.3010622697
77.3563239585
77.4096899432
77.4610498312
77.5102908861
77.5572989174
77.6019590975
77.6441572825
77.6837805056
77.7207175605
77.7548602372
77.7861044329
77.8143521324
77.8395118024
77.8614992292
77.8802386014
77.8956636961
77.9077198122
77.9163634306
77.9215629094
77.923298612
77.9215636383
77.9163649399
77.9077219434
77.895666546
77.8802420846
77.8615032866
77.8395164191
77.8143571635
77.7861098915
77.7548660481
77.7207236561
77.6837868239
77.6441637388
77.6019656585
77.5573055306
77.5102975128
77.4610564024
77.4096964196
77.3563302746
77.30106843
77.2440188571
77.1852867767
77.1249741908
77.0631794757
77
77
77.0631757295
77.1249691868
77.1852812081
77.2440129246
77.3010622824
77.356323972
77.4096899574
77.4610498462
77.5102909019
77.557298934
77.601959115
77.6441573007
77.6837805246
77.7207175802
77.7548602576
77.786104454
77.8143521542
77.8395118248
77.8614992521
77.8802386248
77.8956637199
77.9077198363
77.916363455
77.9215629339
77.9232986366
77.9215636628
77.9163649643
77.9077219676
77.8956665699
77.8802421081
77.8615033097
77.8395164416
77.8143571855
77.7861099129
77.7548660688
77.7207236761
77.6837868432
77.6441637573
77.6019656762
77.5573055475
77.5102975289
77.4610564177
77.4096964341
77.3563302883
77.301068443
77.2440188693
77.1852867882
77.1249742016
77.0631794859
77
77
77.0631757362
77.124969194
77.1852812157
77.2440129327
77.3010622911
77.3563239811
77.4096899671
77.4610498564
77.5102909126
77.5572989453
77.6019591268
77.6441573131
77.6837805374
77.7207175936
77.7548602715
77.7861044684
77.814352169
77.83951184
77.8614992677
77.8802386406
77.8956637361
77.9077198526
77.9163634715
77.9215629505
77.9232986532
77.9215636794
77.9163649809
77.907721984
77.8956665861
77.8802421241
77.8615033253
77.839516457
77.8143572005
77.7861099274
77.7548660828
77.7207236897
77.6837868562
77.6441637698
77.6019656882
77.5573055589
77.5102975398
77.4610564281
77.409696444
77.3563302976
77.3010684518
77.2440188776
77.185286796
77.124974209
77.0631794928
77
77
77.0631757401
77.1249691982
77.1852812202
77.2440129374
77.3010622961
77.3563239864
77.4096899727
77.4610498623
77.5102909188
77.5572989518
77.6019591336
77.6441573202
77.6837805449
77.7207176014
77.7548602795
77.7861044767
77.8143521776
77.8395118488
77.8614992767
77.8802386498
77.8956637454
77.9077198621
77.9163634811
77.9215629601
77.9232986629
77.9215636891
77.9163649905
77.9077219935
77.8956665955
77.8802421333
77.8615033344
77.8395164658
77.8143572091
77.7861099358
77.754866091
77.7207236975
77.6837868638
77.6441637771
77.6019656952
77.5573055656
77.5102975462
77.4610564341
77.4096964497
77.356330303
77.3010684569
77.2440188824
77.1852868006
77.1249742133
77.0631794968
77
77
77.0631757414
77.1249691995
77.1852812216
77.244012939
77.3010622977
77.3563239882
77.4096899745
77.4610498643
77.5102909209
77.5572989539
77.6019591359
77.6441573226
77.6837805473
77.7207176039
77.7548602822
77.7861044794
77.8143521804
77.8395118517
77.8614992796
77.8802386528
77.8956637485
77.9077198652
77.9163634842
77.9215629633
77.923298666
77.9215636922
77.9163649936
77.9077219966
77.8956665986
77.8802421364
77.8615033374
77.8395164687
77.8143572119
77.7861099385
77.7548660936
77.7207237001
77.6837868662
77.6441637794
77.6019656974
77.5573055677
77.5102975482
77.4610564361
77.4096964515
77.3563303048
77.3010684586
77.244018884
77.1852868021
77.1249742147
77.0631794981
77
77
77.063173951
77.1249672905
77.1852791902
77.2440107808
77.3010600083
77.356321564
77.4096874126
77.4610471616
77.5102880757
77.5572959649
77.6019560039
77.644154049
77.6837771341
77.7207140545
77.7548566014
77.7861006749
77.8143482596
77.8395078242
77.8614951551
77.8802344433
77.8956594683
77.9077155276
77.9163591049
77.9215585562
77.9232942476
77.9215592796
77.9163606021
77.9077176428
77.8956622959
77.8802378998
77.8614991814
77.839512405
77.8143532523
77.7861060914
77.7548623678
77.7207201032
77.6837834038
77.6441604557
77.6019625146
77.5573025276
77.5102946516
77.4610536828
77.4096938396
77.3563278318
77.3010661215
77.2440166793
77.1852847262
77.1249722625
77.0631776667
77
77
77.0631739529
77.1249672926
77.1852791925
77.2440107832
77.3010600108
77.3563215667
77.4096874155
77.4610471646
77.5102880788
77.5572959682
77.6019560074
77.6441540526
77.6837771379
77.7207140584
77.7548566055
77.7861006791
77.8143482639
77.8395078287
77.8614951596
77.8802344479
77.895659473
77.9077155324
77.9163591097
77.921558561
77.9232942524
77.9215592845
77.9163606069
77.9077176476
77.8956623006
77.8802379045
77.8614991859
77.8395124095
77.8143532567
77.7861060956
77.7548623719
77.7207201072
77.6837834077
77.6441604594
77.6019625181
77.557302531
77.5102946548
77.4610536858
77.4096938425
77.3563278345
77.3010661241
77.2440166818
77.1852847285
77.1249722646
77.0631776687
77
77
77.0631739591
77.1249672991
77.1852791994
77.2440107906
77.3010600187
77.356321575
77.4096874242
77.4610471739
77.5102880886
77.5572959785
77.6019560181
77.6441540638
77.6837771496
77.7207140705
77.7548566181
77.7861006921
77.8143482774
77.8395078425
77.8614951737
77.8802344623
77.8956594876
77.9077155472
77.9163591247
77.9215585762
77.9232942676
77.9215592996
77.916360622
77.9077176626
77.8956623154
77.880237919
77.8614992002
77.8395124234
77.8143532703
77.7861061088
77.7548623846
77.7207201195
77.6837834195
77.6441604708
77.601962529
77.5573025414
77.5102946648
77.4610536953
77.4096938515
77.356327843
77.3010661321
77.2440166893
77.1852847356
77.1249722713
77.063177675
77
77
77.0631739696
77.1249673103
77.1852792113
77.2440108032
77.301060032
77.3563215892
77.4096874392
77.4610471897
77.5102881052
77.5572959959
77.6019560364
77.6441540829
77.6837771696
77.7207140913
77.7548566396
77.7861007144
77.8143483003
77.839507866
77.8614951979
77.8802344869
77.8956595127
77.9077155726
77.9163591503
77.9215586019
77.9232942934
77.9215593254
77.9163606477
77.907717688
77.8956623405
77.8802379438
77.8614992245
77.8395124472
77.8143532934
77.7861061313
77.7548624064
77.7207201406
77.6837834398
77.6441604903
77.6019625476
77.5573025592
77.5102946817
77.4610537114
77.4096938667
77.3563278575
77.3010661458
77.2440167022
77.1852847477
77.1249722827
77.0631776857
77
77
77.0631739846
77.1249673263
77.1852792284
77.2440108214
77.3010600513
77.3563216096
77.4096874608
77.4610472124
77.5102881291
77.5572960211
77.6019560627
77.6441541105
77.6837771983
77.7207141211
77.7548566706
77.7861007464
77.8143483333
77.8395078999
77.8614952325
77.8802345223
77.8956595487
77.9077156091
77.9163591871
77.921558639
77.9232943306
77.9215593626
77.9163606846
77.9077177247
77.8956623767
77.8802379794
77.8614992595
77.8395124814
77.8143533267
77.7861061637
77.7548624378
77.7207201708
77.6837834689
77.6441605182
77.6019625744
77.5573025848
77.5102947061
77.4610537346
77.4096938887
77.3563278783
77.3010661654
77.2440167208
77.1852847652
77.1249722992
77.0631777011
77
77
77.0631740046
77.1249673477
77.1852792511
77.2440108455
77.3010600769
77.3563216367
77.4096874894
77.4610472426
77.5102881609
77.5572960545
77.6019560978
77.644154147
77.6837772364
77.7207141608
77.7548567117
77.7861007889
77.8143483771
77.8395079449
77.8614952786
77.8802345694
77.8956595965
77.9077156576
77.9163592361
77.9215586883
77.92329438
77.9215594119
77.9163607337
77.9077177733
77.8956624248
77.8802380268
77.8614993059
77.8395125268
77.814353371
77.7861062067
77.7548624794
77.7207202111
77.6837835076
77.6441605554
77.60196261
77.5573026188
77.5102947385
77.4610537654
77.4096939179
77.356327906
77.3010661916
77.2440167454
77.1852847884
77.124972321
77.0631777216
77
77
77.06317403
77.1249673748
77.1852792799
77.2440108761
77.3010601094
77.3563216711
77.4096875257
77.461047281
77.5102882013
77.5572960969
77.6019561422
77.6441541935
77.6837772848
77.7207142112
77.754856764
77.7861008429
77.8143484327
77.8395080021
77.8614953372
77.8802346291
77.8956596572
77.9077157191
77.9163592982
77.9215587508
77.9232944427
77.9215594745
77.916360796
77.9077178351
77.8956624859
77.8802380869
77.8614993649
77.8395125845
77.8143534272
77.7861062613
77.7548625323
77.7207202621
77.6837835568
77.6441606026
77.6019626552
77.5573026619
77.5102947796
77.4610538044
77.409693955
77.3563279411
77.3010662248
77.2440167767
77.1852848179
77.1249723487
77.0631777476
77
77
77.0631740613
77.1249674081
77.1852793154
77.2440109138
77.3010601494
77.3563217134
77.4096875705
77.4610473282
77.510288251
77.5572961491
77.6019561969
77.6441542507
77.6837773445
77.7207142732
77.7548568283
77.7861009094
77.8143485013
77.8395080725
77.8614954093
77.8802347027
77.8956597321
77.9077157949
77.9163593748
77.9215588278
77.9232945199
77.9215595516
77.9163608728
77.9077179112
77.8956625611
77.880238161
77.8614994376
77.8395126556
77.8143534964
77.7861063286
77.7548625975
77.720720325
77.6837836173
77.6441606607
77.6019627108
77.5573027151
77.5102948303
77.4610538526
77.4096940007
77.3563279843
77.3010662656
77.2440168153
77.1852848542
77.1249723829
77.0631777797
77
77
77.063174099
77.1249674483
77.1852793582
77.2440109592
77.3010601976
77.3563217644
77.4096876244
77.4610473851
77.5102883109
77.557296212
77.6019562628
77.6441543196
77.6837774163
77.7207143479
77.7548569057
77.7861009894
77.8143485838
77.8395081572
77.8614954961
77.8802347913
77.8956598221
77.9077158862
77.916359467
77.9215589206
77.9232946129
77.9215596445
77.9163609652
77.9077180029
77.8956626517
77.8802382502
77.8614995251
77.8395127411
77.8143535798
77.7861064095
77.7548626759
77.7207204007
77.6837836902
77.6441607307
77.6019627778
77.5573027791
77.5102948913
77.4610539106
77.4096940557
77.3563280364
77.3010663149
77.2440168617
77.1852848979
77.124972424
77.0631778182
77
77
77.0631741143
77.1249674646
77.1852793755
77.2440109776
77.301060217
77.3563217851
77.4096876462
77.4610474081
77.5102883351
77.5572962375
77.6019562895
77.6441543475
77.6837774454
77.7207143781
77.7548569371
77.7861010218
77.8143486172
77.8395081915
77.8614955312
77.8802348271
77.8956598586
77.9077159231
77.9163595042
77.9215589581
77.9232946505
77.9215596821
77.9163610026
77.9077180399
77.8956626883
77.8802382862
77.8614995605
77.8395127757
77.8143536135
77.7861064423
77.7548627076
77.7207204314
77.6837837197
77.644160759
77.601962805
77.557302805
77.5102949159
77.461053934
77.4096940779
77.3563280575
77.3010663348
77.2440168805
77.1852849156
77.1249724406
77.0631778338
77
77
77.0631741304
77.1249674817
77.1852793938
77.2440109971
77.3010602377
77.3563218069
77.4096876693
77.4610474324
77.5102883607
77.5572962644
77.6019563177
77.6441543769
77.6837774761
77.7207144101
77.7548569702
77.7861010561
77.8143486525
77.8395082278
77.8614955683
77.880234865
77.8956598971
77.9077159622
77.9163595437
77.9215589978
77.9232946903
77.9215597218
77.9163610422
77.9077180792
77.8956627271
77.8802383244
77.8614995979
77.8395128123
77.8143536492
77.786106477
77.7548627412
77.7207204638
77.6837837509
77.6441607889
77.6019628336
77.5573028324
77.510294942
77.4610539588
77.4096941015
77.3563280797
77.3010663558
77.2440169004
77.1852849343
77.1249724582
77.0631778503
77
77
77.063174321
77.124967685
77.18527961
77.2440112268
77.3010604813
77.3563220649
77.409687942
77.4610477201
77.5102886636
77.5572965825
77.601956651
77.6441547254
77.6837778394
77.7207147879
77.754857362
77.786101461
77.8143490698
77.8395086564
77.8614960073
77.8802353131
77.8956603527
77.9077164239
77.9163600098
77.9215594669
77.9232951607
77.9215601916
77.9163615097
77.9077185426
77.8956631852
77.8802387754
77.8615000404
77.839513245
77.8143540708
77.7861068866
77.7548631379
77.7207208468
77.6837841196
77.6441611428
77.6019631726
77.5573031561
77.5102952505
77.4610542521
77.4096943796
77.3563283431
77.3010666047
77.2440171352
77.1852851554
77.1249726662
77.0631780454
77
77
77.0631745557
77.1249679351
77.1852798762
77.2440115096
77.3010607813
77.3563223826
77.4096882777
77.4610480742
77.5102890364
77.5572969742
77.6019570615
77.6441551543
77.6837782867
77.720715253
77.7548578443
77.7861019596
77.8143495836
77.8395091842
77.8614965479
77.8802358648
77.8956609137
77.9077169924
77.9163605838
77.9215600445
77.9232957398
77.9215607699
77.9163620852
77.9077191133
77.8956637491
77.8802393307
77.8615005851
77.8395137776
77.8143545898
77.7861073909
77.7548636263
77.7207213182
77.6837845735
77.6441615785
77.6019635898
77.5573035547
77.5102956302
77.461054613
77.409694722
77.3563286673
77.3010669111
77.2440174242
77.1852854276
77.1249729221
77.0631782856
77
77
77.0631748105
77.1249682068
77.1852801652
77.2440118167
77.3010611071
77.3563227275
77.4096886422
77.4610484588
77.5102894413
77.5572973996
77.6019575072
77.6441556202
77.6837787724
77.7207157581
77.7548583681
77.786102501
77.8143501416
77.8395097574
77.8614971348
77.8802364639
77.8956615228
77.9077176097
77.916361207
77.9215606717
77.9232963686
77.9215613979
77.9163627103
77.9077197329
77.8956643615
77.8802399337
77.8615011766
77.839514356
77.8143551533
77.7861079384
77.7548641566
77.7207218302
77.6837850662
77.6441620516
77.6019640428
77.5573039874
77.5102960425
77.4610550049
77.4096950938
77.3563290193
77.3010672437
77.244017738
77.185285723
77.1249732
77.0631785462
77
77
77.0631750692
77.1249684827
77.1852804588
77.2440121286
77.301061438
77.3563230779
77.4096890125
77.4610488495
77.5102898525
77.5572978316
77.6019579599
77.6441560934
77.6837792658
77.7207162712
77.7548589002
77.786103051
77.8143507083
77.8395103396
77.8614977311
77.8802370724
77.8956621415
77.9077182367
77.9163618401
77.9215613088
77.9232970073
77.9215620357
77.916363345
77.9077203622
77.8956649834
77.8802405461
77.8615017773
77.8395149434
77.8143557257
77.7861084945
77.7548646951
77.72072235
77.6837855667
77.644162532
77.6019645028
77.5573044268
77.5102964611
77.4610554028
77.4096954713
77.3563293767
77.3010675815
77.2440180566
77.185286023
77.1249734821
77.0631788109
77
77
77.0631753143
77.124968744
77.1852807369
77.244012424
77.3010617514
77.3563234097
77.4096893632
77.4610492193
77.5102902419
77.5572982407
77.6019583885
77.6441565414
77.6837797329
77.720716757
77.7548594039
77.7861035716
77.8143512449
77.8395108908
77.8614982955
77.8802376485
77.8956627273
77.9077188304
77.9163624394
77.9215619119
77.923297612
77.9215626396
77.916363946
77.907720958
77.8956655722
77.8802411258
77.861502346
77.8395154995
77.8143562675
77.7861090209
77.754865205
77.7207228422
77.6837860405
77.6441629868
77.6019649384
77.5573048427
77.5102968574
77.4610557795
77.4096958287
77.3563297151
77.3010679013
77.2440183583
77.185286307
77.1249737492
77.0631790615
77
77
77.0631755164
77.1249689595
77.1852809662
77.2440126676
77.3010620099
77.3563236834
77.4096896524
77.4610495245
77.5102905632
77.5572985782
77.6019587421
77.644156911
77.6837801183
77.7207171577
77.7548598195
77.7861040012
77.8143516876
77.8395113455
77.8614987612
77.8802381238
77.8956632105
77.9077193201
77.9163629338
77.9215624094
77.9232981108
77.9215631377
77.9163644418
77.9077214495
77.8956660579
77.8802416041
77.8615028152
77.8395159582
77.8143567145
77.7861094552
77.7548656255
77.7207232482
77.6837864313
77.6441633619
77.6019652976
77.5573051859
77.5102971844
77.4610560903
77.4096961235
77.3563299942
77.301068165
77.2440186071
77.1852865413
77.1249739695
77.0631792681
77
77
77.0631755202
77.1249689636
77.1852809706
77.2440126723
77.3010620148
77.3563236886
77.4096896579
77.4610495303
77.5102905693
77.5572985846
77.6019587489
77.6441569181
77.6837801256
77.7207171654
77.7548598274
77.7861040094
77.814351696
77.8395113542
77.8614987701
77.8802381328
77.8956632198
77.9077193294
77.9163629433
77.9215624189
77.9232981203
77.9215631472
77.9163644512
77.9077214589
77.8956660672
77.8802416132
77.8615028241
77.8395159669
77.814356723
77.7861094635
77.7548656336
77.720723256
77.6837864387
77.6441633691
77.6019653045
77.5573051924
77.5102971906
77.4610560962
77.4096961291
77.3563299995
77.3010681701
77.2440186118
77.1852865458
77.1249739737
77.0631792721
77
77
77.0631755297
77.1249689737
77.1852809813
77.2440126836
77.3010620269
77.3563237014
77.4096896714
77.4610495446
77.5102905843
77.5572986004
77.6019587654
77.6441569353
77.6837801436
77.7207171841
77.7548598468
77.7861040294
77.8143517167
77.8395113754
77.8614987918
77.880238155
77.8956632423
77.9077193523
77.9163629663
77.9215624421
77.9232981436
77.9215631705
77.9163644743
77.9077214818
77.8956660899
77.8802416355
77.861502846
77.8395159883
77.8143567438
77.7861094837
77.7548656532
77.7207232749
77.683786457
77.6441633866
77.6019653212
77.5573052084
77.5102972059
77.4610561107
77.4096961428
77.3563300125
77.3010681824
77.2440186234
77.1852865567
77.124973984
77.0631792817
77
77
77.0631755388
77.1249689834
77.1852809916
77.2440126947
77.3010620385
77.3563237138
77.4096896845
77.4610495583
77.5102905988
77.5572986156
77.6019587813
77.644156952
77.683780161
77.7207172022
77.7548598656
77.7861040488
77.8143517367
77.8395113959
77.8614988128
77.8802381765
77.8956632641
77.9077193744
77.9163629886
77.9215624646
77.9232981661
77.921563193
77.9163644967
77.907721504
77.8956661118
77.8802416571
77.8615028672
77.839516009
77.814356764
77.7861095033
77.7548656722
77.7207232932
77.6837864746
77.6441634035
77.6019653374
77.5573052239
77.5102972206
77.4610561247
77.4096961561
77.3563300251
77.3010681943
77.2440186347
77.1852865673
77.1249739939
77.0631792911
77
77
77.0631755562
77.1249690019
77.1852810114
77.2440127156
77.3010620607
77.3563237373
77.4096897094
77.4610495845
77.5102906264
77.5572986446
77.6019588117
77.6441569838
77.6837801941
77.7207172366
77.7548599013
77.7861040857
77.8143517747
77.839511435
77.8614988529
77.8802382173
77.8956633056
77.9077194164
77.9163630311
77.9215625073
77.9232982089
77.9215632358
77.9163645393
77.9077215463
77.8956661535
77.8802416982
77.8615029075
77.8395160484
77.8143568024
77.7861095406
77.7548657083
77.7207233281
77.6837865082
77.6441634357
77.6019653683
77.5573052534
77.5102972487
77.4610561514
77.4096961815
77.3563300491
77.3010682169
77.2440186561
77.1852865874
77.1249740128
77.0631793088
77
77
77.0631755724
77.1249690192
77.1852810297
77.2440127351
77.3010620815
77.3563237592
77.4096897325
77.461049609
77.5102906522
77.5572986716
77.6019588401
77.6441570134
77.683780225
77.7207172687
77.7548599346
77.7861041202
77.8143518102
77.8395114714
77.8614988902
77.8802382554
77.8956633444
77.9077194557
77.9163630707
77.9215625472
77.9232982489
77.9215632757
77.9163645791
77.9077215856
77.8956661925
77.8802417365
77.8615029451
77.8395160852
77.8143568383
77.7861095754
77.754865742
77.7207233606
77.6837865395
77.6441634658
77.6019653971
77.5573052809
77.5102972749
77.4610561763
77.4096962051
77.3563300715
77.3010682381
77.244018676
77.1852866062
77.1249740305
77.0631793254
77
77
77.0631756079
77.1249690571
77.18528107
77.2440127779
77.3010621268
77.3563238073
77.4096897833
77.4610496626
77.5102907086
77.5572987309
77.6019589022
77.6441570783
77.6837802927
77.7207173391
77.7548600076
77.7861041956
77.8143518879
77.8395115512
77.8614989719
77.8802383388
77.8956634292
77.9077195417
77.9163631576
77.9215626346
77.9232983365
77.9215633631
77.9163646661
77.9077216719
77.8956662777
77.8802418205
77.8615030275
77.8395161658
77.8143569167
77.7861096517
77.7548658159
77.7207234319
77.6837866081
77.6441635317
77.6019654602
77.5573053411
77.5102973323
77.4610562309
77.4096962569
77.3563301205
77.3010682844
77.2440187197
77.1852866473
77.1249740692
77.0631793617
77
77
77.0631756369
77.124969088
77.1852811029
77.2440128129
77.301062164
77.3563238466
77.4096898249
77.4610497064
77.5102907547
77.5572987794
77.6019589529
77.6441571314
77.683780348
77.7207173966
77.7548600672
77.7861042573
77.8143519514
77.8395116165
77.8614990388
77.8802384071
77.8956634986
77.907719612
77.9163632285
77.921562706
77.9232984081
77.9215634347
77.9163647373
77.9077217425
77.8956663475
77.8802418891
77.8615030948
77.8395162316
77.8143569809
77.786109714
77.7548658762
77.7207234902
77.6837866642
77.6441635855
77.6019655118
77.5573053904
77.5102973793
77.4610562755
77.4096962992
77.3563301606
77.3010683223
77.2440187554
77.185286681
77.1249741008
77.0631793913
77
77
77.0631756601
77.1249691128
77.1852811293
77.2440128409
77.3010621937
77.356323878
77.4096898581
77.4610497415
77.5102907916
77.5572988181
77.6019589936
77.6441571739
77.6837803923
77.7207174427
77.754860115
77.7861043066
77.8143520023
77.8395116688
77.8614990923
77.8802384617
77.8956635541
77.9077196683
77.9163632854
77.9215627632
77.9232984654
77.9215634919
77.9163647943
77.907721799
77.8956664033
77.8802419441
77.8615031488
77.8395162843
77.8143570323
77.7861097639
77.7548659246
77.7207235369
77.6837867092
77.6441636286
77.601965553
77.5573054298
77.5102974168
77.4610563112
77.4096963331
77.3563301926
77.3010683526
77.244018784
77.1852867079
77.1249741261
77.0631794151
77
77
77.0631756782
77.124969132
77.1852811498
77.2440128627
77.3010622168
77.3563239025
77.409689884
77.4610497688
77.5102908203
77.5572988483
77.6019590252
77.6441572069
77.6837804267
77.7207174785
77.7548601521
77.786104345
77.8143520419
77.8395117094
77.8614991339
77.8802385041
77.8956635973
77.907719712
77.9163633295
77.9215628076
77.92329851
77.9215635364
77.9163648386
77.9077218429
77.8956664467
77.8802419868
77.8615031907
77.8395163253
77.8143570722
77.7861098028
77.7548659622
77.7207235732
77.6837867441
77.6441636622
77.6019655851
77.5573054605
77.510297446
77.461056339
77.4096963594
77.3563302176
77.3010683761
77.2440188062
77.1852867288
77.1249741458
77.0631794335
77
77
77.0631756916
77.1249691464
77.1852811651
77.2440128789
77.301062234
77.3563239207
77.4096899032
77.4610497891
77.5102908417
77.5572988708
77.6019590487
77.6441572315
77.6837804524
77.7207175051
77.7548601798
77.7861043736
77.8143520713
77.8395117397
77.8614991649
77.8802385358
77.8956636295
77.9077197446
77.9163633624
77.9215628407
77.9232985432
77.9215635696
77.9163648715
77.9077218756
77.895666479
77.8802420186
77.8615032219
77.8395163558
77.8143571019
77.7861098316
77.7548659901
77.7207236002
77.6837867701
77.6441636871
77.601965609
77.5573054833
77.5102974678
77.4610563596
77.409696379
77.3563302361
77.3010683937
77.2440188228
77.1852867444
77.1249741605
77.0631794473
77
77
77.0631757009
77.1249691563
77.1852811756
77.2440128901
77.3010622458
77.3563239333
77.4096899165
77.461049803
77.5102908564
77.5572988862
77.6019590649
77.6441572484
77.68378047
77.7207175235
77.7548601988
77.7861043933
77.8143520916
77.8395117605
77.8614991863
77.8802385575
77.8956636516
77.907719767
77.9163633851
77.9215628635
77.9232985661
77.9215635924
77.9163648943
77.9077218981
77.8956665013
77.8802420406
77.8615032434
77.8395163769
77.8143571224
77.7861098515
77.7548660094
77.7207236188
77.683786788
77.6441637043
77.6019656255
77.5573054991
77.5102974828
77.4610563739
77.4096963925
77.3563302489
77.3010684058
77.2440188342
77.1852867552
77.1249741706
77.0631794568
77
77
77.0631757063
77.124969162
77.1852811817
77.2440128966
77.3010622527
77.3563239406
77.4096899242
77.4610498112
77.510290865
77.5572988952
77.6019590744
77.6441572583
77.6837804803
77.7207175342
77.7548602099
77.7861044047
77.8143521034
77.8395117727
77.8614991987
77.8802385702
77.8956636645
77.9077197801
77.9163633983
77.9215628768
77.9232985794
77.9215636057
77.9163649075
77.9077219113
77.8956665142
77.8802420533
77.8615032559
77.8395163891
77.8143571344
77.7861098631
77.7548660206
77.7207236296
77.6837867984
77.6441637143
77.6019656351
77.5573055082
77.5102974915
77.4610563822
77.4096964004
77.3563302564
77.3010684128
77.2440188409
77.1852867614
77.1249741765
77.0631794623
77
77
77.063175708
77.1249691639
77.1852811837
77.2440128986
77.3010622549
77.3563239429
77.4096899267
77.4610498138
77.5102908677
77.5572988981
77.6019590774
77.6441572614
77.6837804836
77.7207175376
77.7548602135
77.7861044084
77.8143521072
77.8395117765
77.8614992027
77.8802385743
77.8956636686
77.9077197843
77.9163634025
77.9215628811
77.9232985836
77.9215636099
77.9163649117
77.9077219154
77.8956665184
77.8802420574
77.8615032599
77.839516393
77.8143571382
77.7861098668
77.7548660242
77.7207236331
77.6837868018
77.6441637175
77.6019656382
77.5573055111
77.5102974943
77.4610563848
77.4096964029
77.3563302588
77.3010684151
77.244018843
77.1852867634
77.1249741783
77.063179464
77
